draw,ng_cost,h2_end_cost,ccs_end_cost,h2_start_year,scrap_regime,grid_ef_scenario,avg_emi_target,status,obj,lifetime_avg_cost,levelized_avg_cost,lifetime_avg_emis,capture_per_t,cost_2050,emis_2050,f_bof_2050,f_eaf_2050,f_scrap_2050,f_coal_2050,f_ng_2050,f_h2_2050,solve_s
0,5.0,1000.0,25.0,2035,modest,moderate_re,1.8,solved,1902059621122.4038,561.3920706849424,539.7545658177116,1.8010000000000002,0.22052190734003135,586.6642999588925,1.386112467907532,0.5749401260581674,0.26048568916504916,0.16457418477678326,0.08578279619449093,0.05910531818189257,0.08954900587216075,1.355
1,5.0,1000.0,34.09090909090909,2035,modest,moderate_re,1.8,solved,1907155419755.1907,560.7855051239748,541.2006196364196,1.801,0.20041017079652768,581.00109744613,1.4470846034947307,0.5852251541956855,0.25020066102753097,0.16457418477678326,0.07652627087072456,0.05910531818189257,0.08954900587216075,0.463
2,5.0,1000.0,43.18181818181819,2035,modest,moderate_re,1.8,solved,1911284479241.075,561.504834452042,542.3723382751465,1.8010000000000004,0.19063655958037334,579.4981202718071,1.4568573952621444,0.5878396809648583,0.24758613425835854,0.16457418477678326,0.0741731967784693,0.05910531818189257,0.08954900587216075,0.787
3,5.0,1000.0,52.27272727272727,2035,modest,moderate_re,1.8,solved,1914805719247.658,560.6799287149441,543.3715737090871,1.8010000000000004,0.17794147430917232,575.7493030387475,1.4896278337539532,0.5947834865365914,0.24064232868662547,0.16457418477678326,0.06792377176390955,0.05910531818189257,0.08954900587216075,0.48
4,5.0,1000.0,61.36363636363637,2035,modest,moderate_re,1.8,solved,1917991046270.648,560.2994515888597,544.2754858605194,1.8010000000000004,0.16310271371130572,574.3382938621994,1.499629042486239,0.6013137288975894,0.23411208632562722,0.16457418477678326,0.06204655363901122,0.05910531818189257,0.08954900587216075,0.61
5,5.0,1000.0,70.45454545454547,2035,modest,moderate_re,1.8,solved,1920692600263.8562,560.2947444865725,545.0421159316509,1.8010000000000002,0.15967042546967247,576.5988506705921,1.5073717728172285,0.6128269958381729,0.22259881938504386,0.16457418477678326,0.05168461339248615,0.05910531818189257,0.08954900587216075,1.119
6,5.0,1000.0,79.54545454545455,2035,modest,moderate_re,1.8,solved,1922848515949.259,557.9966691693731,545.6539081813742,1.8010000000000006,0.13305008445066943,573.7706750812667,1.5226021320899177,0.6235775116515584,0.21184830357165813,0.16457418477678326,0.04200914916043903,0.05910531818189257,0.08954900587216075,0.4
7,5.0,1000.0,88.63636363636364,2035,modest,moderate_re,1.8,solved,1924803281583.3066,558.1322974165943,546.2086193294181,1.8010000000000002,0.13379642269675754,572.876077193066,1.5306786790629936,0.6235775116515584,0.21184830357165813,0.16457418477678326,0.04200914916043903,0.05910531818189257,0.08954900587216075,0.8
8,5.0,1000.0,97.72727272727273,2035,modest,moderate_re,1.8,solved,1926729682227.9587,558.7747816721284,546.7552812384341,1.8010000000000006,0.13338625381550478,573.1697228180473,1.530842801951981,0.623764325557399,0.21166148966581783,0.16457418477678326,0.041841016645182735,0.05910531818189257,0.08954900587216075,0.373
9,5.0,1000.0,106.81818181818183,2035,modest,moderate_re,1.8,solved,1928598278872.3945,558.0056612323583,547.2855398903215,1.8010000000000004,0.12799587975390395,571.6928732039763,1.5419399050626343,0.623764325557399,0.21166148966581783,0.16457418477678326,0.041841016645182735,0.05910531818189257,0.08954900587216075,1.248
10,5.0,1000.0,115.90909090909092,2035,modest,moderate_re,1.8,solved,1930284108856.6624,558.443673162888,547.7639341641371,1.8009999999999997,0.12622920967194995,574.0725769692702,1.5434238330589167,0.623764325557399,0.21166148966581783,0.16457418477678326,0.041841016645182735,0.05910531818189257,0.08954900587216075,0.371
11,5.0,1000.0,125.0,2035,modest,moderate_re,1.8,solved,1931940887288.2656,558.8187196026543,548.2340843703008,1.801,0.12460118261717462,574.2069902229312,1.5438256299673918,0.6245937128410959,0.21083210238212086,0.16457418477678326,0.04109456808985539,0.05910531818189257,0.08954900587216075,0.583
12,5.0,1145.8333333333333,25.0,2035,modest,moderate_re,1.8,solved,1905437021331.038,562.7590248393308,540.7129832947244,1.8010000000000002,0.22052190734003135,589.4519905175375,1.386112467907532,0.5749401260581674,0.26048568916504916,0.16457418477678326,0.08578279619449093,0.05910531818189257,0.08954900587216075,0.396
13,5.0,1145.8333333333333,34.09090909090909,2035,modest,moderate_re,1.8,solved,1910560267837.3618,562.1632899192994,542.1668260990662,1.801,0.20041017079652768,583.8082867039519,1.4470846034947307,0.5852251541956855,0.25020066102753097,0.16457418477678326,0.07652627087072456,0.05910531818189257,0.08954900587216075,0.411
14,5.0,1145.8333333333333,43.18181818181819,2035,modest,moderate_re,1.8,solved,1914696415282.177,562.8853964736226,543.3405561143834,1.8010000000000004,0.19063655958037334,582.3102662366293,1.4568573952621444,0.5878396809648583,0.24758613425835854,0.16457418477678326,0.0741731967784693,0.05910531818189257,0.08954900587216075,0.287
15,5.0,1145.8333333333333,52.27272727272727,2035,modest,moderate_re,1.8,solved,1918234973578.3645,562.243835078614,544.3447060240757,1.8010000000000002,0.17968267872268975,578.7992079155572,1.4884737325196344,0.5939964730538715,0.24142934216934533,0.16457418477678326,0.06863208389835745,0.05910531818189257,0.08954900587216075,0.468
16,5.0,1145.8333333333333,61.36363636363637,2035,modest,moderate_re,1.8,solved,1921440889245.7024,561.6945992914269,545.254460692045,1.8010000000000004,0.16310271371130572,577.1759843762273,1.499629042486239,0.6013137288975894,0.23411208632562722,0.16457418477678326,0.06204655363901122,0.05910531818189257,0.08954900587216075,0.452
17,5.0,1145.8333333333333,70.45454545454547,2035,modest,moderate_re,1.8,solved,1924148408965.212,561.6925463401151,546.0227836796201,1.8010000000000002,0.15967042546967247,579.4583684198617,1.5073717728172285,0.6128269958381729,0.22259881938504386,0.16457418477678326,0.05168461339248615,0.05910531818189257,0.08954900587216075,1.007
18,5.0,1145.8333333333333,79.54545454545455,2035,modest,moderate_re,1.8,solved,1926335906466.36,559.4063626848498,546.6435380192042,1.8010000000000006,0.13305008445066943,576.6505740167657,1.5226021320899177,0.6235775116515584,0.21184830357165813,0.16457418477678326,0.04200914916043903,0.05910531818189257,0.08954900587216075,0.502
19,5.0,1145.8333333333333,88.63636363636364,2035,modest,moderate_re,1.8,solved,1928290672100.4075,559.5419909320708,547.1982491672482,1.8010000000000002,0.13379642269675754,575.7559761285652,1.5306786790629936,0.6235775116515584,0.21184830357165813,0.16457418477678326,0.04200914916043903,0.05910531818189257,0.08954900587216075,0.37
20,5.0,1145.8333333333333,97.72727272727273,2035,modest,moderate_re,1.8,solved,1930217619415.5093,560.1846814852565,547.7450662069804,1.8010000000000006,0.13338625381550478,576.0499759215761,1.530842801951981,0.623764325557399,0.21166148966581783,0.16457418477678326,0.041841016645182735,0.05910531818189257,0.08954900587216075,0.413
21,5.0,1145.8333333333333,106.81818181818183,2035,modest,moderate_re,1.8,solved,1932087317788.7566,559.7329202678455,548.2756375005692,1.8010000000000002,0.13030979206610985,574.8607900724054,1.5401796314284095,0.623764325557399,0.21166148966581783,0.16457418477678326,0.041841016645182735,0.05910531818189257,0.08954900587216075,0.644
22,5.0,1145.8333333333333,115.90909090909092,2035,modest,moderate_re,1.8,solved,1933773935018.5034,559.8539378333919,548.7542551739762,1.8009999999999997,0.12622920967194995,576.9528300727993,1.5434238330589167,0.623764325557399,0.21166148966581783,0.16457418477678326,0.041841016645182735,0.05910531818189257,0.08954900587216075,0.268
23,5.0,1145.8333333333333,125.0,2035,modest,moderate_re,1.8,solved,1935433140472.4294,560.229900161342,549.2250941053329,1.801,0.12460118261717462,577.088815706519,1.5438256299673918,0.6245937128410959,0.21083210238212086,0.16457418477678326,0.04109456808985539,0.05910531818189257,0.08954900587216075,0.392
24,5.0,1291.6666666666667,25.0,2035,modest,moderate_re,1.8,solved,1908814421539.6724,564.1259789937194,541.6714007717371,1.8010000000000002,0.22052190734003135,592.2396810761826,1.386112467907532,0.5749401260581674,0.26048568916504916,0.16457418477678326,0.08578279619449093,0.05910531818189257,0.08954900587216075,0.4
25,5.0,1291.6666666666667,34.09090909090909,2035,modest,moderate_re,1.8,solved,1913965115919.5325,563.5410747146238,543.1330325617126,1.801,0.20041017079652768,586.6154759617747,1.4470846034947307,0.5852251541956855,0.25020066102753097,0.16457418477678326,0.07652627087072456,0.05910531818189257,0.08954900587216075,0.501
26,5.0,1291.6666666666667,43.18181818181819,2035,modest,moderate_re,1.8,solved,1918108351323.2788,564.2659584952033,544.3087739536202,1.8010000000000004,0.19063655958037334,585.1224122014515,1.4568573952621444,0.5878396809648583,0.24758613425835854,0.16457418477678326,0.0741731967784693,0.05910531818189257,0.08954900587216075,0.793
27,5.0,1291.6666666666667,52.27272727272727,2035,modest,moderate_re,1.8,solved,1921663746752.958,563.6309626305047,545.3177017995961,1.8010000000000002,0.17968267872268975,581.6230261320483,1.4884737325196344,0.5939964730538715,0.24142934216934533,0.16457418477678326,0.06863208389835745,0.05910531818189257,0.08954900587216075,0.778
28,5.0,1291.6666666666667,61.36363636363637,2035,modest,moderate_re,1.8,solved,1924880708779.4478,564.1636899573443,546.2305911341772,1.8010000000000004,0.1724976152160358,581.264434936959,1.4932361203227633,0.59724407672983,0.23818173849338647,0.16457418477678326,0.06570924058999458,0.05910531818189257,0.08954900587216075,0.384
29,5.0,1291.6666666666667,70.45454545454547,2035,modest,moderate_re,1.8,solved,1927604217666.5686,563.0903481936575,547.0034514275897,1.8010000000000002,0.15967042546967247,582.3178861691313,1.5073717728172285,0.6128269958381729,0.22259881938504386,0.16457418477678326,0.05168461339248615,0.05910531818189257,0.08954900587216075,0.391
30,5.0,1291.6666666666667,79.54545454545455,2035,modest,moderate_re,1.8,solved,1929823296983.461,560.8160562003264,547.6331678570344,1.8010000000000006,0.13305008445066943,579.5304729522652,1.5226021320899177,0.6235775116515584,0.21184830357165813,0.16457418477678326,0.04200914916043903,0.05910531818189257,0.08954900587216075,0.259
31,5.0,1291.6666666666667,88.63636363636364,2035,modest,moderate_re,1.8,solved,1931778062617.5083,560.9516844475476,548.1878790050782,1.8010000000000002,0.13379642269675754,578.6358750640643,1.5306786790629936,0.6235775116515584,0.21184830357165813,0.16457418477678326,0.04200914916043903,0.05910531818189257,0.08954900587216075,0.275
32,5.0,1291.6666666666667,97.72727272727273,2035,modest,moderate_re,1.8,solved,1933705556603.06,561.5945812983849,548.7348511755267,1.8010000000000006,0.13338625381550478,578.930229025105,1.530842801951981,0.623764325557399,0.21166148966581783,0.16457418477678326,0.041841016645182735,0.05910531818189257,0.08954900587216075,0.63
33,5.0,1291.6666666666667,106.81818181818183,2035,modest,moderate_re,1.8,solved,1935576092518.674,561.1429757408054,549.2656601416426,1.8010000000000002,0.13030979206610985,577.7410431759344,1.5401796314284095,0.623764325557399,0.21166148966581783,0.16457418477678326,0.041841016645182735,0.05910531818189257,0.08954900587216075,1.222
34,5.0,1291.6666666666667,115.90909090909092,2035,modest,moderate_re,1.8,solved,1937263761180.3442,561.2642025038957,549.744576183815,1.8009999999999997,0.12622920967194995,579.8330831763282,1.5434238330589167,0.623764325557399,0.21166148966581783,0.16457418477678326,0.041841016645182735,0.05910531818189257,0.08954900587216075,0.477
35,5.0,1291.6666666666667,125.0,2035,modest,moderate_re,1.8,solved,1938925393656.5933,561.6410807200297,550.2161038403651,1.801,0.12460118261717462,579.9706411901064,1.5438256299673918,0.6245937128410959,0.21083210238212086,0.16457418477678326,0.04109456808985539,0.05910531818189257,0.08954900587216075,0.555
36,5.0,1437.5,25.0,2035,modest,moderate_re,1.8,solved,1912191821748.3064,565.4929331481077,542.6298182487499,1.8010000000000002,0.22052190734003135,595.0273716348274,1.386112467907532,0.5749401260581674,0.26048568916504916,0.16457418477678326,0.08578279619449093,0.05910531818189257,0.08954900587216075,0.668
37,5.0,1437.5,34.09090909090909,2035,modest,moderate_re,1.8,solved,1917369964001.7039,564.9188595099484,544.0992390243592,1.801,0.20041017079652768,589.422665219597,1.4470846034947307,0.5852251541956855,0.25020066102753097,0.16457418477678326,0.07652627087072456,0.05910531818189257,0.08954900587216075,0.695
38,5.0,1437.5,43.18181818181819,2035,modest,moderate_re,1.8,solved,1921520287364.3806,565.6465205167837,545.276991792857,1.8010000000000004,0.19063655958037334,587.9345581662737,1.4568573952621444,0.5878396809648583,0.24758613425835854,0.16457418477678326,0.0741731967784693,0.05910531818189257,0.08954900587216075,1.244
39,5.0,1437.5,52.27272727272727,2035,modest,moderate_re,1.8,solved,1925092519927.5508,565.0180901823954,546.2906975751164,1.8010000000000002,0.17968267872268975,584.4468443485395,1.4884737325196344,0.5939964730538715,0.24142934216934533,0.16457418477678326,0.06863208389835745,0.05910531818189257,0.08954900587216075,0.619
40,5.0,1437.5,61.36363636363637,2035,modest,moderate_re,1.8,solved,1928318761658.3845,565.5543640098978,547.2062202460731,1.8010000000000004,0.1724976152160358,584.0944100687524,1.4932361203227633,0.59724407672983,0.23818173849338647,0.16457418477678326,0.06570924058999458,0.05910531818189257,0.08954900587216075,0.4
41,5.0,1437.5,70.45454545454547,2035,modest,moderate_re,1.8,solved,1931058487529.5508,564.406088604887,547.9836824936436,1.8010000000000002,0.1610179120223691,580.8779275310245,1.515735285998379,0.6025440464532008,0.23288176877001598,0.16457418477678326,0.06093926783896103,0.05910531818189257,0.08954900587216075,0.374
42,5.0,1437.5,79.54545454545455,2035,modest,moderate_re,1.8,solved,1933310687500.562,562.2257497158031,548.6227976948646,1.8010000000000006,0.13305008445066943,582.4103718877642,1.5226021320899177,0.6235775116515584,0.21184830357165813,0.16457418477678326,0.04200914916043903,0.05910531818189257,0.08954900587216075,0.38
43,5.0,1437.5,88.63636363636364,2035,modest,moderate_re,1.8,solved,1935265453134.6086,562.3613779630242,549.1775088429082,1.8010000000000002,0.13379642269675754,581.5157739995634,1.5306786790629936,0.6235775116515584,0.21184830357165813,0.16457418477678326,0.04200914916043903,0.05910531818189257,0.08954900587216075,0.575
44,5.0,1437.5,97.72727272727273,2035,modest,moderate_re,1.8,solved,1937193493790.611,563.0044811115132,549.7246361440731,1.8010000000000006,0.13338625381550478,581.8104821286342,1.530842801951981,0.623764325557399,0.21166148966581783,0.16457418477678326,0.041841016645182735,0.05910531818189257,0.08954900587216075,0.254
45,5.0,1437.5,106.81818181818183,2035,modest,moderate_re,1.8,solved,1939064867248.592,562.5530312137654,550.255682782716,1.8010000000000002,0.13030979206610985,580.6212962794632,1.5401796314284095,0.623764325557399,0.21166148966581783,0.16457418477678326,0.041841016645182735,0.05910531818189257,0.08954900587216075,0.38
46,5.0,1437.5,115.90909090909092,2035,modest,moderate_re,1.8,solved,1940753587342.185,562.6744671743995,550.7348971936539,1.8009999999999997,0.12622920967194995,582.7133362798571,1.5434238330589167,0.623764325557399,0.21166148966581783,0.16457418477678326,0.041841016645182735,0.05910531818189257,0.08954900587216075,0.27
47,5.0,1437.5,125.0,2035,modest,moderate_re,1.8,solved,1942417646840.7563,563.0522612787174,551.207113575397,1.801,0.12460118261717462,582.8524666736942,1.5438256299673918,0.6245937128410959,0.21083210238212086,0.16457418477678326,0.04109456808985539,0.05910531818189257,0.08954900587216075,0.365
48,5.0,1583.3333333333335,25.0,2035,modest,moderate_re,1.8,solved,1915566108749.797,567.7411381586211,543.5873522793389,1.8010000000000002,0.23036265653264573,599.9397265642076,1.3723786823083408,0.5696477347913766,0.2657780804318402,0.16457418477678326,0.09054594833460278,0.05910531818189257,0.08954900587216075,0.787
49,5.0,1583.3333333333335,34.09090909090909,2035,modest,moderate_re,1.8,solved,1920774812083.875,566.2966443052728,545.0654454870058,1.801,0.20041017079652768,592.2298544774193,1.4470846034947307,0.5852251541956855,0.25020066102753097,0.16457418477678326,0.07652627087072456,0.05910531818189257,0.08954900587216075,0.582
50,5.0,1583.3333333333335,43.18181818181819,2035,modest,moderate_re,1.8,solved,1924932223405.4827,567.0270825383641,546.2452096320939,1.8010000000000004,0.19063655958037334,590.7467041310961,1.4568573952621444,0.5878396809648583,0.24758613425835854,0.16457418477678326,0.0741731967784693,0.05910531818189257,0.08954900587216075,0.591
51,5.0,1583.3333333333335,52.27272727272727,2035,modest,moderate_re,1.8,solved,1928521293102.1436,566.405217734286,547.2636933506366,1.8010000000000002,0.17968267872268975,587.2706625650303,1.4884737325196344,0.5939964730538715,0.24142934216934533,0.16457418477678326,0.06863208389835745,0.05910531818189257,0.08954900587216075,0.352
52,5.0,1583.3333333333335,61.36363636363637,2035,modest,moderate_re,1.8,solved,1931756814537.322,566.945038062451,548.1818493579693,1.8010000000000004,0.1724976152160358,586.9243852005458,1.4932361203227633,0.59724407672983,0.23818173849338647,0.16457418477678326,0.06570924058999458,0.05910531818189257,0.08954900587216075,0.697
53,5.0,1583.3333333333335,70.45454545454547,2035,modest,moderate_re,1.8,solved,1934511955139.6094,565.8025988968948,548.963685901388,1.8010000000000002,0.1610179120223691,583.7179505220851,1.515735285998379,0.6025440464532008,0.23288176877001598,0.16457418477678326,0.06093926783896103,0.05910531818189257,0.08954900587216075,0.524
54,5.0,1583.3333333333335,79.54545454545455,2035,modest,moderate_re,1.8,solved,1936798078017.663,563.6354432312796,549.6124275326947,1.8010000000000006,0.13305008445066943,585.2902708232632,1.5226021320899177,0.6235775116515584,0.21184830357165813,0.16457418477678326,0.04200914916043903,0.05910531818189257,0.08954900587216075,0.595
55,5.0,1583.3333333333335,88.63636363636364,2035,modest,moderate_re,1.8,solved,1938752843651.7104,563.7710714785009,550.1671386807386,1.8010000000000002,0.13379642269675754,584.3956729350626,1.5306786790629936,0.6235775116515584,0.21184830357165813,0.16457418477678326,0.04200914916043903,0.05910531818189257,0.08954900587216075,0.591
56,5.0,1583.3333333333335,97.72727272727273,2035,modest,moderate_re,1.8,solved,1940681430978.1624,564.4143809246416,550.7144211126197,1.8010000000000006,0.13338625381550478,584.6907352321632,1.530842801951981,0.623764325557399,0.21166148966581783,0.16457418477678326,0.041841016645182735,0.05910531818189257,0.08954900587216075,0.476
57,5.0,1583.3333333333335,106.81818181818183,2035,modest,moderate_re,1.8,solved,1942553641978.51,563.9630866867251,551.2457054237893,1.8010000000000002,0.13030979206610985,583.5015493829923,1.5401796314284095,0.623764325557399,0.21166148966581783,0.16457418477678326,0.041841016645182735,0.05910531818189257,0.08954900587216075,0.891
58,5.0,1583.3333333333335,115.90909090909092,2035,modest,moderate_re,1.8,solved,1944243413504.0261,564.0847318449034,551.7252182034928,1.8009999999999997,0.12622920967194995,585.5935893833861,1.5434238330589167,0.623764325557399,0.21166148966581783,0.16457418477678326,0.041841016645182735,0.05910531818189257,0.08954900587216075,0.644
59,5.0,1583.3333333333335,125.0,2035,modest,moderate_re,1.8,solved,1945909900024.9204,564.4634418374052,552.1981233104292,1.801,0.12460118261717462,585.7342921572819,1.5438256299673918,0.6245937128410959,0.21083210238212086,0.16457418477678326,0.04109456808985539,0.05910531818189257,0.08954900587216075,0.247
60,5.0,1729.1666666666667,25.0,2035,modest,moderate_re,1.8,solved,1918929385041.1934,569.1025191644741,544.5417617595824,1.8010000000000002,0.23036265653264573,602.717383631076,1.3723786823083408,0.5696477347913766,0.2657780804318402,0.16457418477678326,0.09054594833460278,0.05910531818189257,0.08954900587216075,0.584
61,5.0,1729.1666666666667,34.09090909090909,2035,modest,moderate_re,1.8,solved,1924179660166.0452,567.6744291005974,546.0316519496521,1.801,0.20041017079652768,595.0370437352417,1.4470846034947307,0.5852251541956855,0.25020066102753097,0.16457418477678326,0.07652627087072456,0.05910531818189257,0.08954900587216075,0.255
62,5.0,1729.1666666666667,43.18181818181819,2035,modest,moderate_re,1.8,solved,1928342805440.0693,568.5107695813954,547.2130432398426,1.8010000000000002,0.1917211331546859,593.7045553573923,1.4561407705221303,0.5871376193344537,0.24828819588876286,0.16457418477678326,0.07480505224583323,0.05910531818189257,0.08954900587216075,0.347
63,5.0,1729.1666666666667,52.27272727272727,2035,modest,moderate_re,1.8,solved,1931950066276.7368,567.7923452861768,548.236689126157,1.8010000000000002,0.17968267872268975,590.0944807815214,1.4884737325196344,0.5939964730538715,0.24142934216934533,0.16457418477678326,0.06863208389835745,0.05910531818189257,0.08954900587216075,0.26
64,5.0,1729.1666666666667,61.36363636363637,2035,modest,moderate_re,1.8,solved,1935194867416.2595,568.3357121150042,549.1574784698655,1.8010000000000004,0.1724976152160358,589.754360332339,1.4932361203227633,0.59724407672983,0.23818173849338647,0.16457418477678326,0.06570924058999458,0.05910531818189257,0.08954900587216075,0.727
65,5.0,1729.1666666666667,70.45454545454547,2035,modest,moderate_re,1.8,solved,1937965422749.6677,567.1991091889028,549.9436893091321,1.8010000000000002,0.1610179120223691,586.5579735131457,1.515735285998379,0.6025440464532008,0.23288176877001598,0.16457418477678326,0.06093926783896103,0.05910531818189257,0.08954900587216075,0.268
66,5.0,1729.1666666666667,79.54545454545455,2035,modest,moderate_re,1.8,solved,1940285468534.7642,565.0451367467564,550.6020573705249,1.8010000000000006,0.13305008445066943,588.1701697587624,1.5226021320899177,0.6235775116515584,0.21184830357165813,0.16457418477678326,0.04200914916043903,0.05910531818189257,0.08954900587216075,0.251
67,5.0,1729.1666666666667,88.63636363636364,2035,modest,moderate_re,1.8,solved,1942240234168.811,565.1807649939774,551.1567685185686,1.8010000000000002,0.13379642269675754,587.2755718705617,1.5306786790629936,0.6235775116515584,0.21184830357165813,0.16457418477678326,0.04200914916043903,0.05910531818189257,0.08954900587216075,0.282
68,5.0,1729.1666666666667,97.72727272727273,2035,modest,moderate_re,1.8,solved,1944169368165.7131,565.8242807377699,551.7042060811659,1.8010000000000006,0.13338625381550478,587.5709883356919,1.530842801951981,0.623764325557399,0.21166148966581783,0.16457418477678326,0.041841016645182735,0.05910531818189257,0.08954900587216075,1.017
69,5.0,1729.1666666666667,106.81818181818183,2035,modest,moderate_re,1.8,solved,1946042416708.427,565.3731421596849,552.2357280648625,1.8010000000000002,0.13030979206610985,586.3818024865212,1.5401796314284095,0.623764325557399,0.21166148966581783,0.16457418477678326,0.041841016645182735,0.05910531818189257,0.08954900587216075,0.462
70,5.0,1729.1666666666667,115.90909090909092,2035,modest,moderate_re,1.8,solved,1947733239665.8672,565.4949965154074,552.7155392133318,1.8009999999999997,0.12622920967194995,588.473842486915,1.5434238330589167,0.623764325557399,0.21166148966581783,0.16457418477678326,0.041841016645182735,0.05910531818189257,0.08954900587216075,0.376
71,5.0,1729.1666666666667,125.0,2035,modest,moderate_re,1.8,solved,1949400050497.3608,566.0710352424248,553.1885363510987,1.8009999999999997,0.12622920967194995,588.7650943872943,1.5434238330589167,0.623764325557399,0.21166148966581783,0.16457418477678326,0.041841016645182735,0.05910531818189257,0.08954900587216075,0.569
72,5.0,1875.0,25.0,2035,modest,moderate_re,1.8,solved,1922292661332.5898,570.4639001703267,545.496171239826,1.8010000000000002,0.23036265653264573,605.4950406979443,1.3723786823083408,0.5696477347913766,0.2657780804318402,0.16457418477678326,0.09054594833460278,0.05910531818189257,0.08954900587216075,0.348
73,5.0,1875.0,34.09090909090909,2035,modest,moderate_re,1.8,solved,1927584508248.2168,569.0522138959219,546.9978584122988,1.801,0.20041017079652768,597.844232993064,1.4470846034947307,0.5852251541956855,0.25020066102753097,0.16457418477678326,0.07652627087072456,0.05910531818189257,0.08954900587216075,0.582
74,5.0,1875.0,43.18181818181819,2035,modest,moderate_re,1.8,solved,1931752705501.9976,569.9472213497803,548.1806833216617,1.8010000000000002,0.19211337746923707,597.2609780370215,1.4561836478037709,0.586699585078889,0.24872623014432765,0.16457418477678326,0.07519928307584163,0.05910531818189257,0.08954900587216075,0.491
75,5.0,1875.0,52.27272727272727,2035,modest,moderate_re,1.8,solved,1935378839451.33,569.1794728380673,549.2096849016773,1.8010000000000002,0.17968267872268975,592.9182989980122,1.4884737325196344,0.5939964730538715,0.24142934216934533,0.16457418477678326,0.06863208389835745,0.05910531818189257,0.08954900587216075,0.26
76,5.0,1875.0,61.36363636363637,2035,modest,moderate_re,1.8,solved,1938632920295.196,569.7263861675575,550.1331075817615,1.8010000000000004,0.1724976152160358,592.5843354641324,1.4932361203227633,0.59724407672983,0.23818173849338647,0.16457418477678326,0.06570924058999458,0.05910531818189257,0.08954900587216075,0.727
77,5.0,1875.0,70.45454545454547,2035,modest,moderate_re,1.8,solved,1941418284111.0708,568.9553263797873,550.9235206794301,1.8010000000000004,0.1641120748810006,589.7564182226805,1.5139469621169097,0.6013137288975894,0.23411208632562722,0.16457418477678326,0.06204655363901122,0.05910531818189257,0.08954900587216075,0.5
78,5.0,1875.0,79.54545454545455,2035,modest,moderate_re,1.8,solved,1943772859051.8647,566.4548302622329,551.591687208355,1.8010000000000006,0.13305008445066943,591.0500686942615,1.5226021320899177,0.6235775116515584,0.21184830357165813,0.16457418477678326,0.04200914916043903,0.05910531818189257,0.08954900587216075,0.571
79,5.0,1875.0,88.63636363636364,2035,modest,moderate_re,1.8,solved,1945727624685.9119,566.5904585094542,552.1463983563988,1.8010000000000002,0.13379642269675754,590.1554708060609,1.5306786790629936,0.6235775116515584,0.21184830357165813,0.16457418477678326,0.04200914916043903,0.05910531818189257,0.08954900587216075,0.369
80,5.0,1875.0,97.72727272727273,2035,modest,moderate_re,1.8,solved,1947657109216.4963,567.2832472670223,552.6939353912489,1.8010000000000002,0.13379642269675754,590.4933330079074,1.5306786790629936,0.6235775116515584,0.21184830357165813,0.16457418477678326,0.04200914916043903,0.05910531818189257,0.08954900587216075,0.704
81,5.0,1875.0,106.81818181818183,2035,modest,moderate_re,1.8,solved,1949531143306.256,567.1301184680094,553.2257370473131,1.8009999999999997,0.13286013913168357,589.5791856531299,1.5382390474662526,0.623764325557399,0.21166148966581783,0.16457418477678326,0.041841016645182735,0.05910531818189257,0.08954900587216075,0.582
82,5.0,1875.0,115.90909090909092,2035,modest,moderate_re,1.8,solved,1951223065827.708,566.9052611859111,553.7058602231706,1.8009999999999997,0.12622920967194995,591.3540955904441,1.5434238330589167,0.623764325557399,0.21166148966581783,0.16457418477678326,0.041841016645182735,0.05910531818189257,0.08954900587216075,0.51
83,5.0,1875.0,125.0,2035,modest,moderate_re,1.8,solved,1952889876659.202,567.4812999129285,554.1788573609377,1.8009999999999997,0.12622920967194995,591.6453474908233,1.5434238330589167,0.623764325557399,0.21166148966581783,0.16457418477678326,0.041841016645182735,0.05910531818189257,0.08954900587216075,0.478
84,5.0,2020.8333333333335,25.0,2035,modest,moderate_re,1.8,solved,1925655937623.986,571.8252811761797,546.4505807200695,1.8010000000000002,0.23036265653264573,608.272697764813,1.3723786823083408,0.5696477347913766,0.2657780804318402,0.16457418477678326,0.09054594833460278,0.05910531818189257,0.08954900587216075,0.247
85,5.0,2020.8333333333335,34.09090909090909,2035,modest,moderate_re,1.8,solved,1930989356330.3877,570.4299986912465,547.9640648749453,1.801,0.20041017079652768,600.6514222508863,1.4470846034947307,0.5852251541956855,0.25020066102753097,0.16457418477678326,0.07652627087072456,0.05910531818189257,0.08954900587216075,0.481
86,5.0,2020.8333333333335,43.18181818181819,2035,modest,moderate_re,1.8,solved,1935161598944.938,571.3265827942686,549.1480377514495,1.8010000000000002,0.19211337746923707,600.0709625700596,1.4561836478037709,0.586699585078889,0.24872623014432765,0.16457418477678326,0.07519928307584163,0.05910531818189257,0.08954900587216075,0.303
87,5.0,2020.8333333333335,52.27272727272727,2035,modest,moderate_re,1.8,solved,1938807612625.9233,570.5666003899581,550.1826806771977,1.8010000000000002,0.17968267872268975,595.7421172145033,1.4884737325196344,0.5939964730538715,0.24142934216934533,0.16457418477678326,0.06863208389835745,0.05910531818189257,0.08954900587216075,0.256
88,5.0,2020.8333333333335,61.36363636363637,2035,modest,moderate_re,1.8,solved,1942070973174.133,571.1170602201106,551.1087366936575,1.8010000000000004,0.1724976152160358,595.4143105959257,1.4932361203227633,0.59724407672983,0.23818173849338647,0.16457418477678326,0.06570924058999458,0.05910531818189257,0.08954900587216075,0.294
89,5.0,2020.8333333333335,70.45454545454547,2035,modest,moderate_re,1.8,solved,1944868127086.126,570.3504740823543,551.9024955109559,1.8010000000000004,0.1641120748810006,592.5941087367086,1.5139469621169097,0.6013137288975894,0.23411208632562722,0.16457418477678326,0.06204655363901122,0.05910531818189257,0.08954900587216075,0.386
90,5.0,2020.8333333333335,79.54545454545455,2035,modest,moderate_re,1.8,solved,1947260249568.965,567.8645237777095,552.581317046185,1.8010000000000006,0.13305008445066943,593.9299676297607,1.5226021320899177,0.6235775116515584,0.21184830357165813,0.16457418477678326,0.04200914916043903,0.05910531818189257,0.08954900587216075,0.612
91,5.0,2020.8333333333335,88.63636363636364,2035,modest,moderate_re,1.8,solved,1949215015203.0125,568.0001520249307,553.1360281942287,1.8010000000000002,0.13379642269675754,593.03536974156,1.5306786790629936,0.6235775116515584,0.21184830357165813,0.16457418477678326,0.04200914916043903,0.05910531818189257,0.08954900587216075,0.574
92,5.0,2020.8333333333335,97.72727272727273,2035,modest,moderate_re,1.8,solved,1951144499733.597,568.6929407824987,553.6835652290789,1.8010000000000002,0.13379642269675754,593.3732319434066,1.5306786790629936,0.6235775116515584,0.21184830357165813,0.16457418477678326,0.04200914916043903,0.05910531818189257,0.08954900587216075,0.373
93,5.0,2020.8333333333335,106.81818181818183,2035,modest,moderate_re,1.8,solved,1953019256850.847,568.5400459152439,554.2155720613557,1.8009999999999997,0.13286013913168357,592.4594387566588,1.5382390474662526,0.623764325557399,0.21166148966581783,0.16457418477678326,0.041841016645182735,0.05910531818189257,0.08954900587216075,0.262
94,5.0,2020.8333333333335,115.90909090909092,2035,modest,moderate_re,1.8,solved,1954712891989.5498,568.3155258564151,554.6961812330097,1.8009999999999997,0.12622920967194995,594.234348693973,1.5434238330589167,0.623764325557399,0.21166148966581783,0.16457418477678326,0.041841016645182735,0.05910531818189257,0.08954900587216075,0.364
95,5.0,2020.8333333333335,125.0,2035,modest,moderate_re,1.8,solved,1956379702821.0432,568.8915645834328,555.1691783707768,1.8009999999999997,0.12622920967194995,594.5256005943522,1.5434238330589167,0.623764325557399,0.21166148966581783,0.16457418477678326,0.041841016645182735,0.05910531818189257,0.08954900587216075,0.271
96,5.0,2166.666666666667,25.0,2035,modest,moderate_re,1.8,solved,1929019213915.3823,573.1866621820326,547.404990200313,1.8010000000000002,0.23036265653264573,611.050354831681,1.3723786823083408,0.5696477347913766,0.2657780804318402,0.16457418477678326,0.09054594833460278,0.05910531818189257,0.08954900587216075,0.607
97,5.0,2166.666666666667,34.09090909090909,2035,modest,moderate_re,1.8,solved,1934387058218.8176,572.4214081423879,548.9282434354918,1.801,0.2075806076931807,604.4213072766271,1.4415477335728264,0.5814355324203362,0.25399028280288044,0.16457418477678326,0.07993693046853914,0.05910531818189257,0.08954900587216075,0.499
98,5.0,2166.666666666667,43.18181818181819,2035,modest,moderate_re,1.8,solved,1938570492387.879,572.705944238757,550.1153921812373,1.8010000000000002,0.19211337746923707,602.8809471030982,1.4561836478037709,0.586699585078889,0.24872623014432765,0.16457418477678326,0.07519928307584163,0.05910531818189257,0.08954900587216075,0.565
99,5.0,2166.666666666667,52.27272727272727,2035,modest,moderate_re,1.8,solved,1942236385800.5164,571.9537279418488,551.155676452718,1.8010000000000002,0.1796826787226897,598.5659354309945,1.4884737325196344,0.5939964730538715,0.24142934216934533,0.16457418477678326,0.06863208389835745,0.05910531818189257,0.08954900587216075,0.359
100,5.0,2166.666666666667,61.36363636363637,2035,modest,moderate_re,1.8,solved,1945509026053.0696,572.5077342726639,552.0843658055534,1.8010000000000004,0.1724976152160358,598.2442857277192,1.4932361203227633,0.59724407672983,0.23818173849338647,0.16457418477678326,0.06570924058999458,0.05910531818189257,0.08954900587216075,0.368
101,5.0,2166.666666666667,70.45454545454547,2035,modest,moderate_re,1.8,solved,1948317970061.1804,571.7456217849215,552.8814703424814,1.8010000000000004,0.1641120748810006,595.4317992507368,1.5139469621169097,0.6013137288975894,0.23411208632562722,0.16457418477678326,0.06204655363901122,0.05910531818189257,0.08954900587216075,0.775
102,5.0,2166.666666666667,79.54545454545455,2035,modest,moderate_re,1.8,solved,1950747640086.0664,569.2742172931862,553.5709468840151,1.8010000000000006,0.13305008445066943,596.8098665652599,1.5226021320899177,0.6235775116515584,0.21184830357165813,0.16457418477678326,0.04200914916043903,0.05910531818189257,0.08954900587216075,0.877
103,5.0,2166.666666666667,88.63636363636364,2035,modest,moderate_re,1.8,solved,1952702405720.114,569.4098455404072,554.125658032059,1.8010000000000002,0.13379642269675754,595.9152686770589,1.5306786790629936,0.6235775116515584,0.21184830357165813,0.16457418477678326,0.04200914916043903,0.05910531818189257,0.08954900587216075,0.378
104,5.0,2166.666666666667,97.72727272727273,2035,modest,moderate_re,1.8,solved,1954631890250.698,570.1026342979753,554.6731950669091,1.8010000000000002,0.13379642269675754,596.2531308789057,1.5306786790629936,0.6235775116515584,0.21184830357165813,0.16457418477678326,0.04200914916043903,0.05910531818189257,0.08954900587216075,0.77
105,5.0,2166.666666666667,106.81818181818183,2035,modest,moderate_re,1.8,solved,1956507370395.439,569.9499733624781,555.2054070753986,1.8009999999999997,0.13286013913168357,595.3396918601878,1.5382390474662526,0.623764325557399,0.21166148966581783,0.16457418477678326,0.041841016645182735,0.05910531818189257,0.08954900587216075,0.371
106,5.0,2166.666666666667,115.90909090909092,2035,modest,moderate_re,1.8,solved,1958202718151.391,569.7257905269189,555.6865022428487,1.8009999999999997,0.12622920967194995,597.1146017975018,1.5434238330589167,0.623764325557399,0.21166148966581783,0.16457418477678326,0.041841016645182735,0.05910531818189257,0.08954900587216075,0.998
107,5.0,2166.666666666667,125.0,2035,modest,moderate_re,1.8,solved,1959869528982.8843,570.3018292539365,556.1594993806157,1.8009999999999997,0.12622920967194995,597.4058536978811,1.5434238330589167,0.623764325557399,0.21166148966581783,0.16457418477678326,0.041841016645182735,0.05910531818189257,0.08954900587216075,0.254
108,5.0,2312.5,25.0,2035,modest,moderate_re,1.8,solved,1932382490206.7788,574.5480431878854,548.3593996805565,1.8010000000000002,0.23036265653264573,613.8280118985494,1.3723786823083408,0.5696477347913766,0.2657780804318402,0.16457418477678326,0.09054594833460278,0.05910531818189257,0.08954900587216075,0.477
109,5.0,2312.5,34.09090909090909,2035,modest,moderate_re,1.8,solved,1937781792856.6833,573.795202279429,549.8915799682585,1.801,0.2075806076931807,607.221312043167,1.4415477335728264,0.5814355324203362,0.25399028280288044,0.16457418477678326,0.07993693046853914,0.05910531818189257,0.08954900587216075,0.501
110,5.0,2312.5,43.18181818181819,2035,modest,moderate_re,1.8,solved,1941979385830.8198,574.0853056832453,551.0827466110253,1.8010000000000002,0.1921133774692369,605.6909316361365,1.4561836478037709,0.586699585078889,0.24872623014432765,0.16457418477678326,0.07519928307584163,0.05910531818189257,0.08954900587216075,0.487
111,5.0,2312.5,52.27272727272727,2035,modest,moderate_re,1.8,solved,1945664149975.052,573.5023625148843,552.128385900522,1.8010000000000002,0.1810960477021216,601.5596336905558,1.4875732746996977,0.5933188861374896,0.24210692908572726,0.16457418477678326,0.06924191212310116,0.05910531818189257,0.08954900587216075,0.69
112,5.0,2312.5,61.36363636363637,2035,modest,moderate_re,1.8,solved,1948947078932.007,573.8984083252172,553.0599949174496,1.8010000000000004,0.1724976152160358,601.0742608595126,1.4932361203227633,0.59724407672983,0.23818173849338647,0.16457418477678326,0.06570924058999458,0.05910531818189257,0.08954900587216075,8.174
113,5.0,2312.5,70.45454545454547,2035,modest,moderate_re,1.8,solved,1951767813036.2354,573.1407694874888,553.860445174007,1.8010000000000004,0.1641120748810006,598.2694897647647,1.5139469621169097,0.6013137288975894,0.23411208632562722,0.16457418477678326,0.06204655363901122,0.05910531818189257,0.08954900587216075,1.114
114,5.0,2312.5,79.54545454545455,2035,modest,moderate_re,1.8,solved,1954235030603.167,570.683910808663,554.5605767218452,1.8010000000000006,0.13305008445066943,599.6897655007589,1.5226021320899177,0.6235775116515584,0.21184830357165813,0.16457418477678326,0.04200914916043903,0.05910531818189257,0.08954900587216075,0.368
115,5.0,2312.5,88.63636363636364,2035,modest,moderate_re,1.8,solved,1956189796237.2148,570.8195390558841,555.1152878698892,1.8010000000000002,0.13379642269675754,598.7951676125583,1.5306786790629936,0.6235775116515584,0.21184830357165813,0.16457418477678326,0.04200914916043903,0.05910531818189257,0.08954900587216075,1.06
116,5.0,2312.5,97.72727272727273,2035,modest,moderate_re,1.8,solved,1958119280767.799,571.5123278134519,555.6628249047393,1.8010000000000002,0.13379642269675754,599.1330298144048,1.5306786790629936,0.6235775116515584,0.21184830357165813,0.16457418477678326,0.04200914916043903,0.05910531818189257,0.08954900587216075,0.466
117,5.0,2312.5,106.81818181818183,2035,modest,moderate_re,1.8,solved,1959995483940.0295,571.3599008097125,556.1952420894412,1.8009999999999997,0.13286013913168357,598.2199449637168,1.5382390474662526,0.623764325557399,0.21166148966581783,0.16457418477678326,0.041841016645182735,0.05910531818189257,0.08954900587216075,0.365
118,5.0,2312.5,115.90909090909092,2035,modest,moderate_re,1.8,solved,1961692544313.2317,571.1360551974226,556.6768232526875,1.8009999999999997,0.12622920967194995,599.9948549010306,1.5434238330589167,0.623764325557399,0.21166148966581783,0.16457418477678326,0.041841016645182735,0.05910531818189257,0.08954900587216075,0.594
119,5.0,2312.5,125.0,2035,modest,moderate_re,1.8,solved,1963359355144.7256,571.7120939244403,557.1498203904547,1.8009999999999997,0.12622920967194995,600.2861068014101,1.5434238330589167,0.623764325557399,0.21166148966581783,0.16457418477678326,0.041841016645182735,0.05910531818189257,0.08954900587216075,0.717
120,5.0,2458.3333333333335,25.0,2035,modest,moderate_re,1.8,solved,1935745766498.1755,575.9094241937383,549.3138091608001,1.8010000000000002,0.23036265653264573,616.6056689654179,1.3723786823083408,0.5696477347913766,0.2657780804318402,0.16457418477678326,0.09054594833460278,0.05910531818189257,0.08954900587216075,0.695
121,5.0,2458.3333333333335,34.09090909090909,2035,modest,moderate_re,1.8,solved,1941176527494.549,575.1689964164701,550.8549165010252,1.801,0.2075806076931807,610.021316809707,1.4415477335728264,0.5814355324203362,0.25399028280288044,0.16457418477678326,0.07993693046853914,0.05910531818189257,0.08954900587216075,0.886
122,5.0,2458.3333333333335,43.18181818181819,2035,modest,moderate_re,1.8,solved,1945388279273.7607,575.4646671277338,552.0501010408132,1.8010000000000002,0.19211337746923707,608.500916169175,1.4561836478037709,0.586699585078889,0.24872623014432765,0.16457418477678326,0.07519928307584163,0.05910531818189257,0.08954900587216075,0.484
123,5.0,2458.3333333333335,52.27272727272727,2035,modest,moderate_re,1.8,solved,1949091036737.0276,574.8887638565091,553.1008463616851,1.8010000000000002,0.1810960477021216,604.3821673151843,1.4875732746996977,0.5933188861374896,0.24210692908572726,0.16457418477678326,0.06924191212310116,0.05910531818189257,0.08954900587216075,1.023
124,5.0,2458.3333333333335,61.36363636363637,2035,modest,moderate_re,1.8,solved,1952385131810.9436,575.2890823777705,554.0356240293455,1.8010000000000004,0.1724976152160358,603.9042359913059,1.4932361203227633,0.59724407672983,0.23818173849338647,0.16457418477678326,0.06570924058999458,0.05910531818189257,0.08954900587216075,1.059
125,5.0,2458.3333333333335,70.45454545454547,2035,modest,moderate_re,1.8,solved,1955217656011.2903,574.5359171900559,554.8394200055327,1.8010000000000004,0.1641120748810006,601.1071802787928,1.5139469621169097,0.6013137288975894,0.23411208632562722,0.16457418477678326,0.06204655363901122,0.05910531818189257,0.08954900587216075,0.71
126,5.0,2458.3333333333335,79.54545454545455,2035,modest,moderate_re,1.8,solved,1957722156781.4856,572.5316280434027,555.5501315472713,1.8010000000000002,0.13672233427905542,602.9925774118534,1.5205313630214934,0.622062243700563,0.21336357152265376,0.16457418477678326,0.043372890316335025,0.05910531818189257,0.08954900587216075,0.277
127,5.0,2458.3333333333335,88.63636363636364,2035,modest,moderate_re,1.8,solved,1959677186754.3152,572.2292325713605,556.1049177077192,1.8010000000000002,0.13379642269675754,601.6750665480574,1.5306786790629936,0.6235775116515584,0.21184830357165813,0.16457418477678326,0.04200914916043903,0.05910531818189257,0.08954900587216075,0.263
128,5.0,2458.3333333333335,97.72727272727273,2035,modest,moderate_re,1.8,solved,1961606671284.9001,572.9220213289287,556.6524547425695,1.8010000000000002,0.13379642269675754,602.0129287499041,1.5306786790629936,0.6235775116515584,0.21184830357165813,0.16457418477678326,0.04200914916043903,0.05910531818189257,0.08954900587216075,0.475
129,5.0,2458.3333333333335,106.81818181818183,2035,modest,moderate_re,1.8,solved,1963483597484.621,572.7698282569469,557.185077103484,1.8009999999999997,0.13286013913168357,601.1001980672457,1.5382390474662526,0.623764325557399,0.21166148966581783,0.16457418477678326,0.041841016645182735,0.05910531818189257,0.08954900587216075,0.608
130,5.0,2458.3333333333335,115.90909090909092,2035,modest,moderate_re,1.8,solved,1965182370475.0732,572.5463198679264,557.6671442625267,1.8009999999999997,0.12622920967194995,602.8751080045597,1.5434238330589167,0.623764325557399,0.21166148966581783,0.16457418477678326,0.041841016645182735,0.05910531818189257,0.08954900587216075,1.183
131,5.0,2458.3333333333335,125.0,2035,modest,moderate_re,1.8,solved,1966849181306.5664,573.1223585949441,558.1401414002936,1.8009999999999997,0.12622920967194995,603.1663599049389,1.5434238330589167,0.623764325557399,0.21166148966581783,0.16457418477678326,0.041841016645182735,0.05910531818189257,0.08954900587216075,0.654
132,5.0,2604.166666666667,25.0,2035,modest,moderate_re,1.8,solved,1939109042789.5715,577.270805199591,550.2682186410436,1.8010000000000002,0.23036265653264573,619.3833260322862,1.3723786823083408,0.5696477347913766,0.2657780804318402,0.16457418477678326,0.09054594833460278,0.05910531818189257,0.08954900587216075,0.987
133,5.0,2604.166666666667,34.09090909090909,2035,modest,moderate_re,1.8,solved,1944569507509.8284,576.6720285888276,551.8177551179843,1.8010000000000002,0.20914991184361634,613.0272976596463,1.44033594786519,0.5806061451366392,0.25481967008657763,0.16457418477678326,0.08068337902386649,0.05910531818189257,0.08954900587216075,1.017
134,5.0,2604.166666666667,43.18181818181819,2035,modest,moderate_re,1.8,solved,1948797172716.7014,576.8440285722221,553.0174554706009,1.8010000000000002,0.19211337746923707,611.3109007022136,1.4561836478037709,0.586699585078889,0.24872623014432765,0.16457418477678326,0.07519928307584163,0.05910531818189257,0.08954900587216075,0.466
135,5.0,2604.166666666667,52.27272727272727,2035,modest,moderate_re,1.8,solved,1952515782552.1863,576.8938782877152,554.0726992783704,1.8010000000000002,0.18769828134610064,607.9065166249775,1.4843713958764408,0.5890828360863036,0.24634297913691303,0.16457418477678326,0.07305435716916843,0.05910531818189257,0.08954900587216075,0.976
136,5.0,2604.166666666667,61.36363636363637,2035,modest,moderate_re,1.8,solved,1955823184689.881,576.6797564303238,555.0112531412417,1.8010000000000004,0.1724976152160358,606.7342111230993,1.4932361203227633,0.59724407672983,0.23818173849338647,0.16457418477678326,0.06570924058999458,0.05910531818189257,0.08954900587216075,0.567
137,5.0,2604.166666666667,70.45454545454547,2035,modest,moderate_re,1.8,solved,1958667498986.3452,575.931064892623,555.8183948370583,1.8010000000000004,0.1641120748810006,603.944870792821,1.5139469621169097,0.6013137288975894,0.23411208632562722,0.16457418477678326,0.06204655363901122,0.05910531818189257,0.08954900587216075,0.918
138,5.0,2604.166666666667,79.54545454545455,2035,modest,moderate_re,1.8,solved,1961205113194.985,573.9396482561426,556.5385031029543,1.8010000000000002,0.13672233427905542,605.8696036518621,1.5205313630214934,0.622062243700563,0.21336357152265376,0.16457418477678326,0.043372890316335025,0.05910531818189257,0.08954900587216075,0.666
139,5.0,2604.166666666667,88.63636363636364,2035,modest,moderate_re,1.8,solved,1963164577271.4163,573.6389260868373,557.0945475455494,1.8010000000000002,0.13379642269675754,604.5549654835565,1.5306786790629936,0.6235775116515584,0.21184830357165813,0.16457418477678326,0.04200914916043903,0.05910531818189257,0.08954900587216075,0.251
140,5.0,2604.166666666667,97.72727272727273,2035,modest,moderate_re,1.8,solved,1965094061802.0007,574.3317148444052,557.6420845803996,1.8010000000000002,0.13379642269675754,604.8928276854032,1.5306786790629936,0.6235775116515584,0.21184830357165813,0.16457418477678326,0.04200914916043903,0.05910531818189257,0.08954900587216075,0.465
141,5.0,2604.166666666667,106.81818181818183,2035,modest,moderate_re,1.8,solved,1966971711029.2124,574.1797557041813,558.1749121175267,1.8009999999999997,0.13286013913168357,603.9804511707747,1.5382390474662526,0.623764325557399,0.21166148966581783,0.16457418477678326,0.041841016645182735,0.05910531818189257,0.08954900587216075,0.58
142,5.0,2604.166666666667,115.90909090909092,2035,modest,moderate_re,1.8,solved,1968671996741.9841,574.0437428024609,558.6574085474343,1.8010000000000006,0.12726564573738317,604.4959082414005,1.5425752363952294,0.623764325557399,0.21166148966581783,0.16457418477678326,0.041841016645182735,0.05910531818189257,0.08954900587216075,0.981
143,5.0,2604.166666666667,125.0,2035,modest,moderate_re,1.8,solved,1970339007468.408,574.5326232654479,559.1304624101326,1.8009999999999997,0.12622920967194995,606.0466130084681,1.5434238330589167,0.623764325557399,0.21166148966581783,0.16457418477678326,0.041841016645182735,0.05910531818189257,0.08954900587216075,0.687
144,5.0,2750.0,25.0,2035,modest,moderate_re,1.8,solved,1942472319080.9685,578.6321862054439,551.2226281212874,1.8010000000000002,0.23036265653264573,622.1609830991546,1.3723786823083408,0.5696477347913766,0.2657780804318402,0.16457418477678326,0.09054594833460278,0.05910531818189257,0.08954900587216075,1.219
145,5.0,2750.0,34.09090909090909,2035,modest,moderate_re,1.8,solved,1947962028744.1943,578.0449493402302,552.7804635449694,1.8010000000000002,0.2091499118436163,615.8257300461275,1.4403359478651903,0.5806061451366392,0.25481967008657763,0.16457418477678326,0.08068337902386649,0.05910531818189257,0.08954900587216075,0.489
146,5.0,2750.0,43.18181818181819,2035,modest,moderate_re,1.8,solved,1952206066159.6426,578.2233900167105,553.9848099003889,1.8010000000000002,0.19211337746923707,614.1208852352518,1.4561836478037709,0.586699585078889,0.24872623014432765,0.16457418477678326,0.07519928307584163,0.05910531818189257,0.08954900587216075,0.253
147,5.0,2750.0,52.27272727272727,2035,modest,moderate_re,1.8,solved,1955931364477.2136,578.2758188601056,555.0419517237117,1.8010000000000002,0.18769828134610053,610.7210194047174,1.484371395876441,0.5890828360863036,0.24634297913691303,0.16457418477678326,0.07305435716916843,0.05910531818189257,0.08954900587216075,0.633
148,5.0,2750.0,61.36363636363637,2035,modest,moderate_re,1.8,solved,1959261237568.8176,578.070430482877,555.9868822531375,1.8010000000000004,0.1724976152160358,609.5641862548924,1.4932361203227633,0.59724407672983,0.23818173849338647,0.16457418477678326,0.06570924058999458,0.05910531818189257,0.08954900587216075,0.502
149,5.0,2750.0,70.45454545454547,2035,modest,moderate_re,1.8,solved,1962117341961.3994,577.3262125951904,556.7973696685838,1.8010000000000004,0.1641120748810006,606.7825613068488,1.5139469621169097,0.6013137288975894,0.23411208632562722,0.16457418477678326,0.06204655363901122,0.05910531818189257,0.08954900587216075,0.798
150,5.0,2750.0,79.54545454545455,2035,modest,moderate_re,1.8,solved,1964687309308.403,576.1702780484387,557.5266589054422,1.801,0.14408873789843332,609.5834533512763,1.5163774733153454,0.6190226696410149,0.21640314558220192,0.16457418477678326,0.04610850696992839,0.05910531818189257,0.08954900587216075,0.556
151,5.0,2750.0,88.63636363636364,2035,modest,moderate_re,1.8,solved,1966651967788.5176,575.0486196023138,558.0841773833796,1.8010000000000002,0.13379642269675754,607.4348644190555,1.5306786790629936,0.6235775116515584,0.21184830357165813,0.16457418477678326,0.04200914916043903,0.05910531818189257,0.08954900587216075,0.537
152,5.0,2750.0,97.72727272727273,2035,modest,moderate_re,1.8,solved,1968581452319.1016,575.7414083598819,558.6317144182296,1.8010000000000002,0.13379642269675754,607.7727266209021,1.5306786790629936,0.6235775116515584,0.21184830357165813,0.16457418477678326,0.04200914916043903,0.05910531818189257,0.08954900587216075,0.25
153,5.0,2750.0,106.81818181818183,2035,modest,moderate_re,1.8,solved,1970459824573.8035,575.5896831514157,559.1647471315692,1.8009999999999997,0.13286013913168357,606.8607042743035,1.5382390474662526,0.623764325557399,0.21166148966581783,0.16457418477678326,0.041841016645182735,0.05910531818189257,0.08954900587216075,0.848
154,5.0,2750.0,115.90909090909092,2035,modest,moderate_re,1.8,solved,1972161604323.536,575.4539639832641,559.6476675299278,1.8010000000000006,0.12726564573738317,607.3761613449294,1.5425752363952294,0.623764325557399,0.21166148966581783,0.16457418477678326,0.041841016645182735,0.05910531818189257,0.08954900587216075,0.477
155,5.0,2750.0,125.0,2035,modest,moderate_re,1.8,solved,1973828833630.2485,575.9428879359518,560.1207834199714,1.8009999999999997,0.12622920967194995,608.926866111997,1.5434238330589167,0.623764325557399,0.21166148966581783,0.16457418477678326,0.041841016645182735,0.05910531818189257,0.08954900587216075,0.598
156,5.0,2895.8333333333335,25.0,2035,modest,moderate_re,1.8,solved,1945834643617.84,580.1436049228984,552.1767675185931,1.801,0.2321392138412615,625.3059051259487,1.3698993124246406,0.5686922957083311,0.2667335195148854,0.16457418477678326,0.09140584350934353,0.05910531818189257,0.08954900587216075,0.281
157,5.0,2895.8333333333335,34.09090909090909,2035,modest,moderate_re,1.8,solved,1951354409135.2969,579.4470198272253,553.7431320043353,1.8010000000000002,0.20950338704580068,618.6698488236037,1.4400630012869946,0.5804193312307987,0.25500648399241793,0.16457418477678326,0.08085151153912278,0.05910531818189257,0.08954900587216075,0.582
158,5.0,2895.8333333333335,43.18181818181819,2035,modest,moderate_re,1.8,solved,1955614959602.583,579.6027514611989,554.9521643301766,1.8010000000000002,0.19211337746923707,616.9308697682903,1.4561836478037709,0.586699585078889,0.24872623014432765,0.16457418477678326,0.07519928307584163,0.05910531818189257,0.08954900587216075,0.463
159,5.0,2895.8333333333335,52.27272727272727,2035,modest,moderate_re,1.8,solved,1959346946402.2412,579.6577594324959,556.0112041690531,1.8010000000000002,0.18769828134610064,613.5355221844575,1.4843713958764408,0.5890828360863036,0.24634297913691303,0.16457418477678326,0.07305435716916843,0.05910531818189257,0.08954900587216075,0.485
160,5.0,2895.8333333333335,61.36363636363637,2035,modest,moderate_re,1.8,solved,1962699290447.7546,579.4611045354304,556.9625113650336,1.8010000000000004,0.1724976152160358,612.3941613866857,1.4932361203227633,0.59724407672983,0.23818173849338647,0.16457418477678326,0.06570924058999458,0.05910531818189257,0.08954900587216075,1.087
161,5.0,2895.8333333333335,70.45454545454547,2035,modest,moderate_re,1.8,solved,1965567184936.4543,578.7213602977575,557.7763445001094,1.8010000000000004,0.1641120748810006,609.6202518208769,1.5139469621169097,0.6013137288975894,0.23411208632562722,0.16457418477678326,0.06204655363901122,0.05910531818189257,0.08954900587216075,0.888
162,5.0,2895.8333333333335,79.54545454545455,2035,modest,moderate_re,1.8,solved,1968161371066.4883,577.5749416749132,558.512506391523,1.801,0.14408873789843332,612.4547170654639,1.5163774733153454,0.6190226696410149,0.21640314558220192,0.16457418477678326,0.04610850696992839,0.05910531818189257,0.08954900587216075,0.683
163,5.0,2895.8333333333335,88.63636363636364,2035,modest,moderate_re,1.8,solved,1970139358305.6184,576.4583131177905,559.0738072212097,1.8010000000000002,0.13379642269675754,610.3147633545549,1.5306786790629936,0.6235775116515584,0.21184830357165813,0.16457418477678326,0.04200914916043903,0.05910531818189257,0.08954900587216075,0.778
164,5.0,2895.8333333333335,97.72727272727273,2035,modest,moderate_re,1.8,solved,1972068842836.203,577.1511018753584,559.6213442560598,1.8010000000000002,0.13379642269675754,610.6526255564015,1.5306786790629936,0.6235775116515584,0.21184830357165813,0.16457418477678326,0.04200914916043903,0.05910531818189257,0.08954900587216075,0.365
165,5.0,2895.8333333333335,106.81818181818183,2035,modest,moderate_re,1.8,solved,1973947938118.3945,576.9996105986501,560.1545821456119,1.8009999999999997,0.13286013913168357,609.7409573778326,1.5382390474662526,0.623764325557399,0.21166148966581783,0.16457418477678326,0.041841016645182735,0.05910531818189257,0.08954900587216075,0.708
166,5.0,2895.8333333333335,115.90909090909092,2035,modest,moderate_re,1.8,solved,1975651211905.0889,576.8641851640674,560.6379265124217,1.8010000000000006,0.12726564573738317,610.2564144484584,1.5425752363952294,0.623764325557399,0.21166148966581783,0.16457418477678326,0.041841016645182735,0.05910531818189257,0.08954900587216075,0.701
167,5.0,2895.8333333333335,125.0,2035,modest,moderate_re,1.8,solved,1977318659792.09,577.3531526064558,561.1111044298106,1.8009999999999997,0.12622920967194995,611.807119215526,1.5434238330589167,0.623764325557399,0.21166148966581783,0.16457418477678326,0.041841016645182735,0.05910531818189257,0.08954900587216075,0.471
168,5.0,3041.666666666667,25.0,2035,modest,moderate_re,1.8,solved,1949195370108.616,581.5039798043628,553.1304534323871,1.801,0.2321392138412615,628.0817508395553,1.3698993124246406,0.5686922957083311,0.2667335195148854,0.16457418477678326,0.09140584350934353,0.05910531818189257,0.08954900587216075,0.605
169,5.0,3041.666666666667,34.09090909090909,2035,modest,moderate_re,1.8,solved,1954746431815.416,580.8197438543887,554.7056989547189,1.8010000000000002,0.20950338704580068,621.4679270420552,1.4400630012869946,0.5804193312307987,0.25500648399241793,0.16457418477678326,0.08085151153912278,0.05910531818189257,0.08954900587216075,0.423
170,5.0,3041.666666666667,43.18181818181819,2035,modest,moderate_re,1.8,solved,1959023853045.5242,580.9821129056874,555.9195187599646,1.8010000000000002,0.19211337746923707,619.7408543013289,1.4561836478037709,0.586699585078889,0.24872623014432765,0.16457418477678326,0.07519928307584163,0.05910531818189257,0.08954900587216075,0.273
171,5.0,3041.666666666667,52.27272727272727,2035,modest,moderate_re,1.8,solved,1962762528327.2688,581.0397000048861,556.9804566143946,1.8010000000000002,0.18769828134610064,616.3500249641977,1.4843713958764408,0.5890828360863036,0.24634297913691303,0.16457418477678326,0.07305435716916843,0.05910531818189257,0.08954900587216075,1.014
172,5.0,3041.666666666667,61.36363636363637,2035,modest,moderate_re,1.8,solved,1966137236195.4512,580.8946361536554,557.9381100758973,1.8010000000000002,0.17289415931872854,615.2724232270211,1.4929732838431242,0.5970648412805696,0.23836097394264727,0.16457418477678326,0.06587055249432917,0.05910531818189257,0.08954900587216075,0.262
173,5.0,3041.666666666667,70.45454545454547,2035,modest,moderate_re,1.8,solved,1969017027911.509,580.1165080003248,558.7553193316351,1.8010000000000004,0.1641120748810006,612.4579423349049,1.5139469621169097,0.6013137288975894,0.23411208632562722,0.16457418477678326,0.06204655363901122,0.05910531818189257,0.08954900587216075,0.426
174,5.0,3041.666666666667,79.54545454545455,2035,modest,moderate_re,1.8,solved,1971635430591.0667,578.9817113798931,559.4983532437931,1.8010000000000002,0.14410718039992673,615.3280691682647,1.5163668141589397,0.6190153364351063,0.2164104787881105,0.16457418477678326,0.046115106855246064,0.05910531818189257,0.08954900587216075,0.263
175,5.0,3041.666666666667,88.63636363636364,2035,modest,moderate_re,1.8,solved,1973626748822.7185,577.8680066332672,560.0634370590396,1.8010000000000002,0.13379642269675754,613.194662290054,1.5306786790629936,0.6235775116515584,0.21184830357165813,0.16457418477678326,0.04200914916043903,0.05910531818189257,0.08954900587216075,0.434
176,5.0,3041.666666666667,97.72727272727273,2035,modest,moderate_re,1.8,solved,1975556233353.3035,578.5607953908352,560.6109740938899,1.8010000000000002,0.13379642269675754,613.5325244919005,1.5306786790629936,0.6235775116515584,0.21184830357165813,0.16457418477678326,0.04200914916043903,0.05910531818189257,0.08954900587216075,0.36
177,5.0,3041.666666666667,106.81818181818183,2035,modest,moderate_re,1.8,solved,1977436051662.9856,578.4095380458843,561.1444171596546,1.8009999999999997,0.13286013913168357,612.6212104813616,1.5382390474662526,0.623764325557399,0.21166148966581783,0.16457418477678326,0.041841016645182735,0.05910531818189257,0.08954900587216075,0.671
178,5.0,3041.666666666667,115.90909090909092,2035,modest,moderate_re,1.8,solved,1979140819486.6414,578.2744063448706,561.6281854949154,1.8010000000000006,0.12726564573738317,613.1366675519872,1.5425752363952294,0.623764325557399,0.21166148966581783,0.16457418477678326,0.041841016645182735,0.05910531818189257,0.08954900587216075,0.938
179,5.0,3041.666666666667,125.0,2035,modest,moderate_re,1.8,solved,1980808485953.9314,578.7634172769596,562.1014254396496,1.8009999999999997,0.12622920967194995,614.6873723190549,1.5434238330589167,0.623764325557399,0.21166148966581783,0.16457418477678326,0.041841016645182735,0.05910531818189257,0.08954900587216075,0.698
180,5.0,3187.5,25.0,2035,modest,moderate_re,1.8,solved,1952556096599.3928,582.8643546858273,554.0841393461814,1.801,0.2321392138412615,630.857596553162,1.3698993124246406,0.5686922957083311,0.2667335195148854,0.16457418477678326,0.09140584350934353,0.05910531818189257,0.08954900587216075,0.391
181,5.0,3187.5,34.09090909090909,2035,modest,moderate_re,1.8,solved,1958138454495.5347,582.1924678815519,555.6682659051023,1.8010000000000002,0.20950338704580068,624.2660052605066,1.4400630012869946,0.5804193312307987,0.25500648399241793,0.16457418477678326,0.08085151153912278,0.05910531818189257,0.08954900587216075,0.938
182,5.0,3187.5,43.18181818181819,2035,modest,moderate_re,1.8,solved,1962432746488.4653,582.3614743501756,556.8868731897526,1.8010000000000002,0.19211337746923707,622.5508388343673,1.4561836478037709,0.586699585078889,0.24872623014432765,0.16457418477678326,0.07519928307584163,0.05910531818189257,0.08954900587216075,0.349
183,5.0,3187.5,52.27272727272727,2035,modest,moderate_re,1.8,solved,1966176191952.5027,582.6784248621846,557.9491646966358,1.8010000000000002,0.19032596653247222,619.4673942292768,1.4826817359943778,0.5878396809648583,0.24758613425835854,0.16457418477678326,0.0741731967784693,0.05910531818189257,0.08954900587216075,0.27
184,5.0,3187.5,61.36363636363637,2035,modest,moderate_re,1.8,solved,1969574776926.9275,582.2851144746161,558.9135938537947,1.8010000000000002,0.17289415931872854,618.1020585582752,1.4929732838431242,0.5970648412805696,0.23836097394264727,0.16457418477678326,0.06587055249432917,0.05910531818189257,0.08954900587216075,0.254
185,5.0,3187.5,70.45454545454547,2035,modest,moderate_re,1.8,solved,1972466870886.5635,581.5116557028921,559.7342941631605,1.8010000000000004,0.1641120748810006,615.2956328489331,1.5139469621169097,0.6013137288975894,0.23411208632562722,0.16457418477678326,0.06204655363901122,0.05910531818189257,0.08954900587216075,0.463
186,5.0,3187.5,79.54545454545455,2035,modest,moderate_re,1.8,solved,1975107843635.6792,580.2994798011308,560.4837328682912,1.801,0.1454546669526234,613.670527968425,1.5247303273400905,0.6087323870501344,0.22669342817308244,0.16457418477678326,0.055369761301720936,0.05910531818189257,0.08954900587216075,0.481
187,5.0,3187.5,88.63636363636364,2035,modest,moderate_re,1.8,solved,1977114139339.8196,579.2777001487437,561.0530668968698,1.8010000000000002,0.13379642269675754,616.074561225553,1.5306786790629936,0.6235775116515584,0.21184830357165813,0.16457418477678326,0.04200914916043903,0.05910531818189257,0.08954900587216075,0.654
188,5.0,3187.5,97.72727272727273,2035,modest,moderate_re,1.8,solved,1979043623870.4045,579.9704889063116,561.6006039317201,1.8010000000000002,0.13379642269675754,616.4124234273995,1.5306786790629936,0.6235775116515584,0.21184830357165813,0.16457418477678326,0.04200914916043903,0.05910531818189257,0.08954900587216075,0.386
189,5.0,3187.5,106.81818181818183,2035,modest,moderate_re,1.8,solved,1980924165207.5776,579.8194654931187,562.1342521736975,1.8009999999999997,0.13286013913168357,615.5014635848905,1.5382390474662526,0.623764325557399,0.21166148966581783,0.16457418477678326,0.041841016645182735,0.05910531818189257,0.08954900587216075,0.39
190,5.0,3187.5,115.90909090909092,2035,modest,moderate_re,1.8,solved,1982630427068.193,579.6846275256738,562.618444477409,1.8010000000000006,0.12726564573738317,616.0169206555165,1.5425752363952294,0.623764325557399,0.21166148966581783,0.16457418477678326,0.041841016645182735,0.05910531818189257,0.08954900587216075,0.588
191,5.0,3187.5,125.0,2035,modest,moderate_re,1.8,solved,1984298312115.7725,580.1736819474634,563.0917464494885,1.8009999999999997,0.12622920967194995,617.5676254225837,1.5434238330589167,0.623764325557399,0.21166148966581783,0.16457418477678326,0.041841016645182735,0.05910531818189257,0.08954900587216075,0.371
192,5.0,3333.3333333333335,25.0,2035,modest,moderate_re,1.8,solved,1955915999386.74,584.2721418757433,555.0375915145756,1.8010000000000004,0.23252646258026263,634.3907479350113,1.3697691702606405,0.5682542614527663,0.2671715537704504,0.16457418477678326,0.09180007433935203,0.05910531818189257,0.08954900587216075,0.653
193,5.0,3333.3333333333335,34.09090909090909,2035,modest,moderate_re,1.8,solved,1961517106843.7874,584.4155419901804,556.6270387064533,1.8010000000000002,0.219870726390781,628.372890930175,1.4320575463591094,0.5749401260581674,0.26048568916504916,0.16457418477678326,0.08578279619449093,0.05910531818189257,0.08954900587216075,0.877
194,5.0,3333.3333333333335,43.18181818181819,2035,modest,moderate_re,1.8,solved,1965838111010.2197,584.0168337967838,557.8532262043893,1.8010000000000002,0.19505455900336224,625.7522962318269,1.4538374874435884,0.5852251541956855,0.25020066102753097,0.16457418477678326,0.07652627087072456,0.05910531818189257,0.08954900587216075,0.36
195,5.0,3333.3333333333335,52.27272727272727,2035,modest,moderate_re,1.8,solved,1969588285021.0334,584.0590201058412,558.9174270961328,1.8010000000000002,0.19032596653247222,622.2795401940989,1.4826817359943778,0.5878396809648583,0.24758613425835854,0.16457418477678326,0.0741731967784693,0.05910531818189257,0.08954900587216075,0.346
196,5.0,3333.3333333333335,61.36363636363637,2035,modest,moderate_re,1.8,solved,1973009132735.901,584.1896620850911,559.888173834333,1.8010000000000004,0.17794147430917232,621.5376493570801,1.4896278337539532,0.5947834865365914,0.24064232868662547,0.16457418477678326,0.06792377176390955,0.05910531818189257,0.08954900587216075,0.335
197,5.0,3333.3333333333335,70.45454545454547,2035,modest,moderate_re,1.8,solved,1975916713861.6182,582.9068034054592,560.7132689946861,1.8010000000000004,0.1641120748810006,618.133323362961,1.5139469621169097,0.6013137288975894,0.23411208632562722,0.16457418477678326,0.06204655363901122,0.05910531818189257,0.08954900587216075,0.338
198,5.0,3333.3333333333335,79.54545454545455,2035,modest,moderate_re,1.8,solved,1978579542698.1294,581.7028437444691,561.4689098834033,1.801,0.1454546669526234,616.5222830218671,1.5247303273400905,0.6087323870501344,0.22669342817308244,0.16457418477678326,0.055369761301720936,0.05910531818189257,0.08954900587216075,0.441
199,5.0,3333.3333333333335,88.63636363636364,2035,modest,moderate_re,1.8,solved,1980601529856.9204,580.6873936642205,562.0426967346999,1.8010000000000002,0.13379642269675754,618.954460161052,1.5306786790629936,0.6235775116515584,0.21184830357165813,0.16457418477678326,0.04200914916043903,0.05910531818189257,0.08954900587216075,0.536
200,5.0,3333.3333333333335,97.72727272727273,2035,modest,moderate_re,1.8,solved,1982531014387.5051,581.3801824217884,562.5902337695502,1.8010000000000002,0.13379642269675754,619.2923223628986,1.5306786790629936,0.6235775116515584,0.21184830357165813,0.16457418477678326,0.04200914916043903,0.05910531818189257,0.08954900587216075,0.676
201,5.0,3333.3333333333335,106.81818181818183,2035,modest,moderate_re,1.8,solved,1984412278752.169,581.2293929403533,563.1240871877402,1.8009999999999997,0.13286013913168357,618.3817166884195,1.5382390474662526,0.623764325557399,0.21166148966581783,0.16457418477678326,0.041841016645182735,0.05910531818189257,0.08954900587216075,0.362
202,5.0,3333.3333333333335,115.90909090909092,2035,modest,moderate_re,1.8,solved,1986120034649.7456,581.0948487064771,563.6087034599027,1.8010000000000006,0.12726564573738317,618.8971737590452,1.5425752363952294,0.623764325557399,0.21166148966581783,0.16457418477678326,0.041841016645182735,0.05910531818189257,0.08954900587216075,0.47
203,5.0,3333.3333333333335,125.0,2035,modest,moderate_re,1.8,solved,1987788138277.6133,581.5839466179672,564.0820674593274,1.8009999999999997,0.12622920967194995,620.4478785261126,1.5434238330589167,0.623764325557399,0.21166148966581783,0.16457418477678326,0.041841016645182735,0.05910531818189257,0.08954900587216075,0.505
204,5.0,3479.166666666667,25.0,2035,modest,moderate_re,1.8,solved,1959275556886.1729,585.6320554855733,555.9909456993282,1.8010000000000004,0.23252646258026263,637.165763208675,1.3697691702606405,0.5682542614527663,0.2671715537704504,0.16457418477678326,0.09180007433935203,0.05910531818189257,0.08954900587216075,0.599
205,5.0,3479.166666666667,34.09090909090909,2035,modest,moderate_re,1.8,solved,1964894507052.4211,585.7824961445689,557.585456183466,1.8010000000000002,0.219870726390781,631.1605814888198,1.4320575463591094,0.5749401260581674,0.26048568916504916,0.16457418477678326,0.08578279619449093,0.05910531818189257,0.08954900587216075,0.811
206,5.0,3479.166666666667,43.18181818181819,2035,modest,moderate_re,1.8,solved,1969242959092.3901,585.3946185921083,558.8194326670357,1.8010000000000002,0.19505455900336224,628.5594854896494,1.4538374874435884,0.5852251541956855,0.25020066102753097,0.16457418477678326,0.07652627087072456,0.05910531818189257,0.08954900587216075,0.578
207,5.0,3479.166666666667,52.27272727272727,2035,modest,moderate_re,1.8,solved,1973000378089.564,585.4396153494976,559.8856894956298,1.8010000000000002,0.19032596653247222,625.0916861589212,1.4826817359943778,0.5878396809648583,0.24758613425835854,0.16457418477678326,0.0741731967784693,0.05910531818189257,0.08954900587216075,0.512
208,5.0,3479.166666666667,61.36363636363637,2035,modest,moderate_re,1.8,solved,1976440154723.2073,585.5776490841669,560.8618077638397,1.8010000000000004,0.17794147430917232,624.3629596199655,1.4896278337539532,0.5947834865365914,0.24064232868662547,0.16457418477678326,0.06792377176390955,0.05910531818189257,0.08954900587216075,1.095
209,5.0,3479.166666666667,70.45454545454547,2035,modest,moderate_re,1.8,solved,1979366556836.673,584.3019511080264,561.6922438262118,1.8010000000000004,0.1641120748810006,620.9710138769892,1.5139469621169097,0.6013137288975894,0.23411208632562722,0.16457418477678326,0.06204655363901122,0.05910531818189257,0.08954900587216075,0.278
210,5.0,3479.166666666667,79.54545454545455,2035,modest,moderate_re,1.8,solved,1982050416221.4812,583.3091578449558,562.4538526322008,1.8010000000000006,0.14723809309460284,619.5719561510974,1.5236995659657693,0.6080232516258322,0.22740256359738473,0.16457418477678326,0.05600798318359288,0.05910531818189257,0.08954900587216075,0.274
211,5.0,3479.166666666667,88.63636363636364,2035,modest,moderate_re,1.8,solved,1984088920374.0217,582.0970871796969,563.0323265725301,1.8010000000000002,0.13379642269675754,621.8343590965513,1.5306786790629936,0.6235775116515584,0.21184830357165813,0.16457418477678326,0.04200914916043903,0.05910531818189257,0.08954900587216075,0.597
212,5.0,3479.166666666667,97.72727272727273,2035,modest,moderate_re,1.8,solved,1986018404904.6064,582.7898759372649,563.5798636073804,1.8010000000000002,0.13379642269675754,622.172221298398,1.5306786790629936,0.6235775116515584,0.21184830357165813,0.16457418477678326,0.04200914916043903,0.05910531818189257,0.08954900587216075,0.285
213,5.0,3479.166666666667,106.81818181818183,2035,modest,moderate_re,1.8,solved,1987900392296.7603,582.6393203875875,564.1139222017829,1.8009999999999997,0.13286013913168357,621.2619697919484,1.5382390474662526,0.623764325557399,0.21166148966581783,0.16457418477678326,0.041841016645182735,0.05910531818189257,0.08954900587216075,0.497
214,5.0,3479.166666666667,115.90909090909092,2035,modest,moderate_re,1.8,solved,1989609642231.2983,582.5050698872803,564.5989624423964,1.8010000000000006,0.12726564573738317,621.7774268625742,1.5425752363952294,0.623764325557399,0.21166148966581783,0.16457418477678326,0.041841016645182735,0.05910531818189257,0.08954900587216075,0.366
215,5.0,3479.166666666667,125.0,2035,modest,moderate_re,1.8,solved,1991277964439.4543,582.994211288471,565.0723884691663,1.8009999999999997,0.12622920967194995,623.3281316296417,1.5434238330589167,0.623764325557399,0.21166148966581783,0.16457418477678326,0.041841016645182735,0.05910531818189257,0.08954900587216075,0.573
216,5.0,3625.0,25.0,2035,modest,moderate_re,1.8,solved,1962635114385.6074,586.9919690954033,556.9442998840814,1.8010000000000004,0.23252646258026263,639.940778482339,1.3697691702606405,0.5682542614527663,0.2671715537704504,0.16457418477678326,0.09180007433935203,0.05910531818189257,0.08954900587216075,0.399
217,5.0,3625.0,34.09090909090909,2035,modest,moderate_re,1.8,solved,1968271907261.0552,587.1494502989573,558.5438736604787,1.8010000000000002,0.219870726390781,633.9482720474649,1.4320575463591094,0.5749401260581674,0.26048568916504916,0.16457418477678326,0.08578279619449093,0.05910531818189257,0.08954900587216075,0.712
218,5.0,3625.0,43.18181818181819,2035,modest,moderate_re,1.8,solved,1972647807174.5615,586.7724033874329,559.7856391296824,1.8010000000000002,0.19505455900336235,631.3666747474718,1.4538374874435882,0.5852251541956855,0.25020066102753097,0.16457418477678326,0.07652627087072456,0.05910531818189257,0.08954900587216075,0.352
219,5.0,3625.0,52.27272727272727,2035,modest,moderate_re,1.8,solved,1976412471158.0947,586.8202105931542,560.8539518951268,1.8010000000000002,0.19032596653247222,627.9038321237435,1.4826817359943778,0.5878396809648583,0.24758613425835854,0.16457418477678326,0.0741731967784693,0.05910531818189257,0.08954900587216075,0.259
220,5.0,3625.0,61.36363636363637,2035,modest,moderate_re,1.8,solved,1979871176710.5142,586.9656360832428,561.8354416933466,1.8010000000000004,0.17794147430917232,627.1882698828509,1.4896278337539532,0.5947834865365914,0.24064232868662547,0.16457418477678326,0.06792377176390955,0.05910531818189257,0.08954900587216075,0.392
221,5.0,3625.0,70.45454545454547,2035,modest,moderate_re,1.8,solved,1982815663915.436,586.7130801898563,562.6710098296969,1.8010000000000004,0.17359129529389764,624.7946480334671,1.5087501146457547,0.59724407672983,0.23818173849338647,0.16457418477678326,0.06570924058999458,0.05910531818189257,0.08954900587216075,0.897
222,5.0,3625.0,79.54545454545455,2035,modest,moderate_re,1.8,solved,1985513334283.5115,586.350014087527,563.4365378300131,1.8010000000000002,0.1610179120223691,623.9412127799849,1.515735285998379,0.6025440464532008,0.23288176877001598,0.16457418477678326,0.06093926783896103,0.05910531818189257,0.08954900587216075,0.829
223,5.0,3625.0,88.63636363636364,2035,modest,moderate_re,1.8,solved,1987576310891.1226,583.5067806951736,564.0219564103603,1.8010000000000002,0.13379642269675754,624.7142580320503,1.5306786790629936,0.6235775116515584,0.21184830357165813,0.16457418477678326,0.04200914916043903,0.05910531818189257,0.08954900587216075,0.261
224,5.0,3625.0,97.72727272727273,2035,modest,moderate_re,1.8,solved,1989505795421.707,584.1995694527417,564.5694934452105,1.8010000000000002,0.13379642269675754,625.0521202338972,1.5306786790629936,0.6235775116515584,0.21184830357165813,0.16457418477678326,0.04200914916043903,0.05910531818189257,0.08954900587216075,0.596
225,5.0,3625.0,106.81818181818183,2035,modest,moderate_re,1.8,solved,1991388505841.352,584.0492478348218,565.1037572158258,1.8009999999999997,0.13286013913168357,624.1422228954772,1.5382390474662526,0.623764325557399,0.21166148966581783,0.16457418477678326,0.041841016645182735,0.05910531818189257,0.08954900587216075,0.479
226,5.0,3625.0,115.90909090909092,2035,modest,moderate_re,1.8,solved,1993099249812.851,583.9152910680835,565.5892214248903,1.8010000000000006,0.12726564573738317,624.657679966103,1.5425752363952294,0.623764325557399,0.21166148966581783,0.16457418477678326,0.041841016645182735,0.05910531818189257,0.08954900587216075,0.274
227,5.0,3625.0,125.0,2035,modest,moderate_re,1.8,solved,1994767790601.2957,584.4044759589749,566.0627094790053,1.8009999999999997,0.12622920967194995,626.2083847331706,1.5434238330589167,0.623764325557399,0.21166148966581783,0.16457418477678326,0.041841016645182735,0.05910531818189257,0.08954900587216075,0.262
228,5.0,3770.8333333333335,25.0,2035,modest,moderate_re,1.8,solved,1965994671885.0405,588.3518827052333,557.8976540688341,1.8010000000000004,0.23252646258026263,642.7157937560031,1.3697691702606405,0.5682542614527663,0.2671715537704504,0.16457418477678326,0.09180007433935203,0.05910531818189257,0.08954900587216075,0.366
229,5.0,3770.8333333333335,34.09090909090909,2035,modest,moderate_re,1.8,solved,1971649307469.689,588.5164044533458,559.5022911374914,1.8010000000000002,0.2198707263907809,636.7359626061098,1.4320575463591096,0.5749401260581674,0.26048568916504916,0.16457418477678326,0.08578279619449093,0.05910531818189257,0.08954900587216075,0.575
230,5.0,3770.8333333333335,43.18181818181819,2035,modest,moderate_re,1.8,solved,1976052655256.7324,588.1501881827572,560.7518455923289,1.8010000000000002,0.19505455900336224,634.1738640052941,1.4538374874435884,0.5852251541956855,0.25020066102753097,0.16457418477678326,0.07652627087072456,0.05910531818189257,0.08954900587216075,0.676
231,5.0,3770.8333333333335,52.27272727272727,2035,modest,moderate_re,1.8,solved,1979824564226.6257,588.2008058368106,561.8222142946239,1.8010000000000002,0.19032596653247222,630.7159780885657,1.4826817359943778,0.5878396809648583,0.24758613425835854,0.16457418477678326,0.0741731967784693,0.05910531818189257,0.08954900587216075,0.799
232,5.0,3770.8333333333335,61.36363636363637,2035,modest,moderate_re,1.8,solved,1983300277459.1553,588.5302114344694,562.8085304257786,1.8010000000000002,0.1796826787226897,630.2181443253154,1.4884737325196344,0.5939964730538715,0.24142934216934533,0.16457418477678326,0.06863208389835745,0.05910531818189257,0.08954900587216075,0.784
233,5.0,3770.8333333333335,70.45454545454547,2035,modest,moderate_re,1.8,solved,1986253716794.3733,588.1037542424098,563.6466389415931,1.8010000000000004,0.17359129529389764,627.6246231652606,1.5087501146457547,0.59724407672983,0.23818173849338647,0.16457418477678326,0.06570924058999458,0.05910531818189257,0.08954900587216075,0.369
234,5.0,3770.8333333333335,79.54545454545455,2035,modest,moderate_re,1.8,solved,1988966801893.5696,587.7465243795348,564.4165412377572,1.8010000000000002,0.1610179120223691,626.7812357710455,1.515735285998379,0.6025440464532008,0.23288176877001598,0.16457418477678326,0.06093926783896103,0.05910531818189257,0.08954900587216075,0.726
235,5.0,3770.8333333333335,88.63636363636364,2035,modest,moderate_re,1.8,solved,1991063701408.2231,584.9164742106503,565.0115862481903,1.8010000000000002,0.13379642269675754,627.5941569675495,1.5306786790629936,0.6235775116515584,0.21184830357165813,0.16457418477678326,0.04200914916043903,0.05910531818189257,0.08954900587216075,0.473
236,5.0,3770.8333333333335,97.72727272727273,2035,modest,moderate_re,1.8,solved,1992993185938.808,585.6092629682183,565.5591232830407,1.8010000000000002,0.13379642269675754,627.9320191693961,1.5306786790629936,0.6235775116515584,0.21184830357165813,0.16457418477678326,0.04200914916043903,0.05910531818189257,0.08954900587216075,0.614
237,5.0,3770.8333333333335,106.81818181818183,2035,modest,moderate_re,1.8,solved,1994876619385.9426,585.4591752820563,566.0935922298682,1.8009999999999997,0.13286013913168357,627.0224759990061,1.5382390474662526,0.623764325557399,0.21166148966581783,0.16457418477678326,0.041841016645182735,0.05910531818189257,0.08954900587216075,0.677
238,5.0,3770.8333333333335,115.90909090909092,2035,modest,moderate_re,1.8,solved,1996588857394.4033,585.3255122488869,566.5794804073839,1.8010000000000006,0.12726564573738317,627.537933069632,1.5425752363952294,0.623764325557399,0.21166148966581783,0.16457418477678326,0.041841016645182735,0.05910531818189257,0.08954900587216075,0.669
239,5.0,3770.8333333333335,125.0,2035,modest,moderate_re,1.8,solved,1998257616763.1365,585.8147406294787,567.0530304888441,1.8009999999999997,0.12622920967194995,629.0886378366995,1.5434238330589167,0.623764325557399,0.21166148966581783,0.16457418477678326,0.041841016645182735,0.05910531818189257,0.08954900587216075,0.565
240,5.0,3916.666666666667,25.0,2035,modest,moderate_re,1.8,solved,1969337122826.5828,589.7469328061086,558.8461538617346,1.8010000000000002,0.23447619203231856,644.811263074442,1.3669922726760286,0.5688528823230391,0.26657293290017753,0.16457418477678326,0.09180007433935196,0.05910531818189257,0.08901024708891522,0.573
241,5.0,3916.666666666667,34.09090909090909,2035,modest,moderate_re,1.8,solved,1975026707678.3232,589.8833586077344,560.4607086145041,1.8010000000000002,0.219870726390781,639.5236531647546,1.4320575463591094,0.5749401260581674,0.26048568916504916,0.16457418477678326,0.08578279619449093,0.05910531818189257,0.08954900587216075,0.469
242,5.0,3916.666666666667,43.18181818181819,2035,modest,moderate_re,1.8,solved,1979457503338.9036,589.527972978082,561.7180520549754,1.8010000000000002,0.19505455900336235,636.9810532631166,1.4538374874435882,0.5852251541956855,0.25020066102753097,0.16457418477678326,0.07652627087072456,0.05910531818189257,0.08954900587216075,0.569
243,5.0,3916.666666666667,52.27272727272727,2035,modest,moderate_re,1.8,solved,1983236657295.1565,589.5814010804671,562.790476694121,1.8010000000000002,0.19032596653247222,633.5281240533882,1.4826817359943778,0.5878396809648583,0.24758613425835854,0.16457418477678326,0.0741731967784693,0.05910531818189257,0.08954900587216075,0.59
244,5.0,3916.666666666667,61.36363636363637,2035,modest,moderate_re,1.8,solved,1986729050633.7485,589.9173389863602,563.7815262012989,1.8010000000000002,0.17968267872268975,633.0419625418064,1.4884737325196344,0.5939964730538715,0.24142934216934533,0.16457418477678326,0.06863208389835745,0.05910531818189257,0.08954900587216075,0.467
245,5.0,3916.666666666667,70.45454545454547,2035,modest,moderate_re,1.8,solved,1989691769673.3103,589.4944282949629,564.622268053489,1.8010000000000004,0.17359129529389764,630.454598297054,1.5087501146457547,0.59724407672983,0.23818173849338647,0.16457418477678326,0.06570924058999458,0.05910531818189257,0.08954900587216075,0.755
246,5.0,3916.666666666667,79.54545454545455,2035,modest,moderate_re,1.8,solved,1992420269503.628,589.1430346715425,565.3965446455013,1.8010000000000002,0.1610179120223691,629.6212587621062,1.515735285998379,0.6025440464532008,0.23288176877001598,0.16457418477678326,0.06093926783896103,0.05910531818189257,0.08954900587216075,0.48
247,5.0,3916.666666666667,88.63636363636364,2035,modest,moderate_re,1.8,solved,1994551091925.3242,586.3261677261269,566.0012160860205,1.8010000000000002,0.13379642269675754,630.4740559030487,1.5306786790629936,0.6235775116515584,0.21184830357165813,0.16457418477678326,0.04200914916043903,0.05910531818189257,0.08954900587216075,0.696
248,5.0,3916.666666666667,97.72727272727273,2035,modest,moderate_re,1.8,solved,1996480576455.909,587.018956483695,566.5487531208707,1.8010000000000002,0.13379642269675754,630.8119181048952,1.5306786790629936,0.6235775116515584,0.21184830357165813,0.16457418477678326,0.04200914916043903,0.05910531818189257,0.08954900587216075,0.491
249,5.0,3916.666666666667,106.81818181818183,2035,modest,moderate_re,1.8,solved,1998364452911.6682,586.9217544587101,567.0833477819111,1.8010000000000002,0.13332450260499804,629.942284442604,1.5380675941521549,0.6235775116515584,0.21184830357165813,0.16457418477678326,0.04200914916043903,0.05910531818189257,0.08954900587216075,0.362
250,5.0,3916.666666666667,115.90909090909092,2035,modest,moderate_re,1.8,solved,2000078464975.9556,586.7357334296901,567.5697393898776,1.8010000000000006,0.12726564573738317,630.4181861731611,1.5425752363952294,0.623764325557399,0.21166148966581783,0.16457418477678326,0.041841016645182735,0.05910531818189257,0.08954900587216075,0.574
251,5.0,3916.666666666667,125.0,2035,modest,moderate_re,1.8,solved,2001747442924.9785,587.2250052999826,568.0433514986834,1.8009999999999997,0.12622920967194995,631.9688909402284,1.5434238330589167,0.623764325557399,0.21166148966581783,0.16457418477678326,0.041841016645182735,0.05910531818189257,0.08954900587216075,1.231
252,5.0,4062.5,25.0,2035,modest,moderate_re,1.8,solved,1972494814942.943,590.8258549404314,559.7422239524536,1.801,0.283320994807289,624.030808726205,1.3495583772800828,0.5857935557648658,0.24963225945835077,0.16457418477678326,0.09054594833460274,0.05910531818189257,0.07501776699602047,1.06
253,5.0,4062.5,34.09090909090909,2035,modest,moderate_re,1.8,solved,1978404107886.957,591.2503127621228,561.4191260915168,1.8010000000000002,0.219870726390781,642.3113437233999,1.4320575463591094,0.5749401260581674,0.26048568916504916,0.16457418477678326,0.08578279619449093,0.05910531818189257,0.08954900587216075,0.772
254,5.0,4062.5,43.18181818181819,2035,modest,moderate_re,1.8,solved,1982862351421.0747,590.9057577734062,562.684258517622,1.8010000000000002,0.19505455900336224,639.7882425209389,1.4538374874435884,0.5852251541956855,0.25020066102753097,0.16457418477678326,0.07652627087072456,0.05910531818189257,0.08954900587216075,0.666
255,5.0,4062.5,52.27272727272727,2035,modest,moderate_re,1.8,solved,1986648750363.6868,590.9619963241237,563.7587390936179,1.8010000000000002,0.19032596653247222,636.3402700182104,1.4826817359943778,0.5878396809648583,0.24758613425835854,0.16457418477678326,0.0741731967784693,0.05910531818189257,0.08954900587216075,0.674
256,5.0,4062.5,61.36363636363637,2035,modest,moderate_re,1.8,solved,1990157823808.3418,591.3044665382507,564.7545219768193,1.8010000000000002,0.17968267872268975,635.8657807582973,1.4884737325196344,0.5939964730538715,0.24142934216934533,0.16457418477678326,0.06863208389835745,0.05910531818189257,0.08954900587216075,0.46
257,5.0,4062.5,70.45454545454547,2035,modest,moderate_re,1.8,solved,1993129822552.247,590.8851023475162,565.5978971653851,1.8010000000000004,0.17359129529389764,633.2845734288472,1.5087501146457547,0.59724407672983,0.23818173849338647,0.16457418477678326,0.06570924058999458,0.05910531818189257,0.08954900587216075,0.393
258,5.0,4062.5,79.54545454545455,2035,modest,moderate_re,1.8,solved,1995873737113.6865,590.5395449635503,566.3765480532456,1.8010000000000002,0.1610179120223691,632.4612817531666,1.515735285998379,0.6025440464532008,0.23288176877001598,0.16457418477678326,0.06093926783896103,0.05910531818189257,0.08954900587216075,0.379
259,5.0,4062.5,88.63636363636364,2035,modest,moderate_re,1.8,solved,1998038482442.4255,587.7358612416035,566.9908459238508,1.8010000000000002,0.13379642269675754,633.353954838548,1.5306786790629936,0.6235775116515584,0.21184830357165813,0.16457418477678326,0.04200914916043903,0.05910531818189257,0.08954900587216075,1.005
260,5.0,4062.5,97.72727272727273,2035,modest,moderate_re,1.8,solved,1999967966973.0098,588.4286499991714,567.5383829587008,1.8010000000000002,0.13379642269675754,633.6918170403947,1.5306786790629936,0.6235775116515584,0.21184830357165813,0.16457418477678326,0.04200914916043903,0.05910531818189257,0.08954900587216075,0.501
261,5.0,4062.5,106.81818181818183,2035,modest,moderate_re,1.8,solved,2001852012837.6152,588.3314745195519,568.0730256935225,1.8010000000000002,0.13332450260499804,632.8221833781033,1.5380675941521549,0.6235775116515584,0.21184830357165813,0.16457418477678326,0.04200914916043903,0.05910531818189257,0.08954900587216075,0.598
262,5.0,4062.5,115.90909090909092,2035,modest,moderate_re,1.8,solved,2003568072557.508,588.1459546104933,568.5599983723713,1.8010000000000006,0.12726564573738317,633.29843927669,1.5425752363952294,0.623764325557399,0.21166148966581783,0.16457418477678326,0.041841016645182735,0.05910531818189257,0.08954900587216075,0.501
263,5.0,4062.5,125.0,2035,modest,moderate_re,1.8,solved,2005237269086.8193,588.6352699704865,569.0336725085223,1.8009999999999997,0.12622920967194995,634.8491440437574,1.5434238330589167,0.623764325557399,0.21166148966581783,0.16457418477678326,0.041841016645182735,0.05910531818189257,0.08954900587216075,0.693
264,5.0,4208.333333333334,25.0,2035,modest,moderate_re,1.8,solved,1975312895837.98,591.5631391381064,560.541921297925,1.801,0.28509368521053136,622.8922151006624,1.3492964256704814,0.5901387911632534,0.24528702405996328,0.16457418477678326,0.0884843188352996,0.05910531818189257,0.07316868463677483,1.409
265,5.0,4208.333333333334,34.09090909090909,2035,modest,moderate_re,1.8,solved,1981781508095.5908,592.6172669165113,562.3775435685295,1.8010000000000002,0.219870726390781,645.099034282045,1.4320575463591094,0.5749401260581674,0.26048568916504916,0.16457418477678326,0.08578279619449093,0.05910531818189257,0.08954900587216075,1.082
266,5.0,4208.333333333334,43.18181818181819,2035,modest,moderate_re,1.8,solved,1986267199503.2458,592.2835425687309,563.6504649802686,1.8010000000000002,0.19505455900336224,642.5954317787613,1.4538374874435884,0.5852251541956855,0.25020066102753097,0.16457418477678326,0.07652627087072456,0.05910531818189257,0.08954900587216075,0.563
267,5.0,4208.333333333334,52.27272727272727,2035,modest,moderate_re,1.8,solved,1990059287937.399,592.5694514951192,564.7265600845382,1.801,0.19273581307448834,639.4150444059536,1.4811321511943827,0.586699585078889,0.24872623014432765,0.16457418477678326,0.07519928307584163,0.05910531818189257,0.08954900587216075,0.39
268,5.0,4208.333333333334,61.36363636363637,2035,modest,moderate_re,1.8,solved,1993586580754.351,592.7862167422172,565.7275131470938,1.8010000000000004,0.18073875385919702,638.7918693191382,1.4879615687887378,0.5933188861374896,0.24210692908572726,0.16457418477678326,0.06924191212310116,0.05910531818189257,0.08954900587216075,0.592
269,5.0,4208.333333333334,70.45454545454547,2035,modest,moderate_re,1.8,solved,1996567875431.184,592.2757764000695,566.5735262772811,1.8010000000000004,0.17359129529389764,636.1145485606406,1.5087501146457547,0.59724407672983,0.23818173849338647,0.16457418477678326,0.06570924058999458,0.05910531818189257,0.08954900587216075,0.352
270,5.0,4208.333333333334,79.54545454545455,2035,modest,moderate_re,1.8,solved,1999327204723.7446,591.936055255558,567.3565514609897,1.8010000000000002,0.1610179120223691,635.3013047442274,1.515735285998379,0.6025440464532008,0.23288176877001598,0.16457418477678326,0.06093926783896103,0.05910531818189257,0.08954900587216075,0.384
271,5.0,4208.333333333334,88.63636363636364,2035,modest,moderate_re,1.8,solved,2001525872959.5261,589.1455547570803,567.9804757616807,1.8010000000000002,0.13379642269675754,636.2338537740469,1.5306786790629936,0.6235775116515584,0.21184830357165813,0.16457418477678326,0.04200914916043903,0.05910531818189257,0.08954900587216075,0.685
272,5.0,4208.333333333334,97.72727272727273,2035,modest,moderate_re,1.8,solved,2003455357490.1106,589.8383435146482,568.5280127965309,1.8010000000000002,0.13379642269675754,636.5717159758935,1.5306786790629936,0.6235775116515584,0.21184830357165813,0.16457418477678326,0.04200914916043903,0.05910531818189257,0.08954900587216075,0.254
273,5.0,4208.333333333334,106.81818181818183,2035,modest,moderate_re,1.8,solved,2005339572763.561,589.7411945803937,569.0627036051336,1.8010000000000002,0.13332450260499804,635.7020823136022,1.5380675941521549,0.6235775116515584,0.21184830357165813,0.16457418477678326,0.04200914916043903,0.05910531818189257,0.08954900587216075,0.665
274,5.0,4208.333333333334,115.90909090909092,2035,modest,moderate_re,1.8,solved,2007057680139.0605,589.5561757912966,569.550257354865,1.8010000000000006,0.12726564573738317,636.178692380219,1.5425752363952294,0.623764325557399,0.21166148966581783,0.16457418477678326,0.041841016645182735,0.05910531818189257,0.08954900587216075,0.583
275,5.0,4208.333333333334,125.0,2035,modest,moderate_re,1.8,solved,2008727095248.6602,590.0455346409904,570.0239935183612,1.8009999999999997,0.12622920967194995,637.7293971472866,1.5434238330589167,0.623764325557399,0.21166148966581783,0.16457418477678326,0.041841016645182735,0.05910531818189257,0.08954900587216075,0.5
276,5.0,4354.166666666667,25.0,2035,modest,moderate_re,1.8,solved,1978086850032.892,592.530822913226,561.3290966448204,1.8009999999999995,0.28531804886623047,624.188604886083,1.3503921727220387,0.5901387911632534,0.24528702405996328,0.16457418477678326,0.08902868879601104,0.05910531818189257,0.07262431467606338,0.475
277,5.0,4354.166666666667,34.09090909090909,2035,modest,moderate_re,1.8,solved,1984792283033.7017,594.3958834497865,563.2319224226139,1.8010000000000002,0.26695565055455456,627.3224283613225,1.3834942501355907,0.5901387911632533,0.24528702405996328,0.16457418477678326,0.08578279619449088,0.05910531818189257,0.07587020727758355,0.383
278,5.0,4354.166666666667,43.18181818181819,2035,modest,moderate_re,1.8,solved,1989672047585.4165,593.6613273640554,564.616671442915,1.8010000000000002,0.19505455900336224,645.4026210365835,1.4538374874435884,0.5852251541956855,0.25020066102753097,0.16457418477678326,0.07652627087072456,0.05910531818189257,0.08954900587216075,0.374
279,5.0,4354.166666666667,52.27272727272727,2035,modest,moderate_re,1.8,solved,1993468181380.34,593.9488129396078,565.6939145143261,1.801,0.19273581307448834,642.2250289389921,1.4811321511943827,0.586699585078889,0.24872623014432765,0.16457418477678326,0.07519928307584163,0.05910531818189257,0.08954900587216075,0.592
280,5.0,4354.166666666667,61.36363636363637,2035,modest,moderate_re,1.8,solved,1997013545638.3164,594.1726307617291,566.6999957772259,1.8010000000000004,0.18073875385919702,641.6144029437668,1.4879615687887378,0.5933188861374896,0.24210692908572726,0.16457418477678326,0.06924191212310116,0.05910531818189257,0.08954900587216075,0.89
281,5.0,4354.166666666667,70.45454545454547,2035,modest,moderate_re,1.8,solved,2000005928310.1206,593.6664504526228,567.549155389177,1.8010000000000004,0.17359129529389764,638.9445236924337,1.5087501146457547,0.59724407672983,0.23818173849338647,0.16457418477678326,0.06570924058999458,0.05910531818189257,0.08954900587216075,0.885
282,5.0,4354.166666666667,79.54545454545455,2035,modest,moderate_re,1.8,solved,2002780672333.8032,593.3325655475657,568.336554868734,1.8010000000000002,0.1610179120223691,638.1413277352879,1.515735285998379,0.6025440464532008,0.23288176877001598,0.16457418477678326,0.06093926783896103,0.05910531818189257,0.08954900587216075,0.583
283,5.0,4354.166666666667,88.63636363636364,2035,modest,moderate_re,1.8,solved,2005013263476.6272,590.5552482725568,568.9701055995109,1.8010000000000002,0.13379642269675754,639.113752709546,1.5306786790629936,0.6235775116515584,0.21184830357165813,0.16457418477678326,0.04200914916043903,0.05910531818189257,0.08954900587216075,0.579
284,5.0,4354.166666666667,97.72727272727273,2035,modest,moderate_re,1.8,solved,2006942748007.2117,591.2480370301248,569.5176426343611,1.8010000000000002,0.13379642269675754,639.4516149113927,1.5306786790629936,0.6235775116515584,0.21184830357165813,0.16457418477678326,0.04200914916043903,0.05910531818189257,0.08954900587216075,0.478
285,5.0,4354.166666666667,106.81818181818183,2035,modest,moderate_re,1.8,solved,2008827132689.5083,591.1509146412353,570.0523815167451,1.8010000000000002,0.13332450260499804,638.5819812491014,1.5380675941521549,0.6235775116515584,0.21184830357165813,0.16457418477678326,0.04200914916043903,0.05910531818189257,0.08954900587216075,0.259
286,5.0,4354.166666666667,115.90909090909092,2035,modest,moderate_re,1.8,solved,2010547287720.613,590.9663969720999,570.5405163373587,1.8010000000000006,0.12726564573738317,639.0589454837478,1.5425752363952294,0.623764325557399,0.21166148966581783,0.16457418477678326,0.041841016645182735,0.05910531818189257,0.08954900587216075,0.359
287,5.0,4354.166666666667,125.0,2035,modest,moderate_re,1.8,solved,2012216921410.5012,591.4557993114943,571.0143145282001,1.8009999999999997,0.12622920967194995,640.6096502508154,1.5434238330589167,0.623764325557399,0.21166148966581783,0.16457418477678326,0.041841016645182735,0.05910531818189257,0.08954900587216075,0.384
288,5.0,4500.0,25.0,2035,modest,moderate_re,1.8,solved,1980860658016.7263,593.6756947373784,562.1162305008521,1.8009999999999995,0.28531804886623047,626.684245643397,1.3503921727220387,0.5901387911632534,0.24528702405996328,0.16457418477678326,0.08902868879601104,0.05910531818189257,0.07262431467606338,0.253
289,5.0,4500.0,34.09090909090909,2035,modest,moderate_re,1.8,solved,1987666028097.4153,595.8364355868725,564.0474157972224,1.8010000000000004,0.2722506452490418,629.0390677068458,1.3761298957394634,0.5901387911632534,0.24528702405996328,0.16457418477678326,0.0867135081220291,0.05910531818189257,0.07493949535004532,0.584
290,5.0,4500.0,43.18181818181819,2035,modest,moderate_re,1.8,solved,1993076895667.5881,595.0391121593798,565.5828779055618,1.8010000000000002,0.19505455900336224,648.209810294406,1.4538374874435884,0.5852251541956855,0.25020066102753097,0.16457418477678326,0.07652627087072456,0.05910531818189257,0.08954900587216075,0.677
291,5.0,4500.0,52.27272727272727,2035,modest,moderate_re,1.8,solved,1996877074823.281,595.3281743840963,566.661268944114,1.801,0.19273581307448834,645.0350134720305,1.4811321511943827,0.586699585078889,0.24872623014432765,0.16457418477678326,0.07519928307584163,0.05910531818189257,0.08954900587216075,0.569
292,5.0,4500.0,61.36363636363637,2035,modest,moderate_re,1.8,solved,2000440510522.2812,595.5590447812408,567.672478407358,1.8010000000000004,0.18073875385919702,644.4369365683953,1.4879615687887378,0.5933188861374896,0.24210692908572726,0.16457418477678326,0.06924191212310116,0.05910531818189257,0.08954900587216075,0.499
293,5.0,4500.0,70.45454545454547,2035,modest,moderate_re,1.8,solved,2003443981189.0579,595.057124505176,568.5247845010731,1.8010000000000004,0.17359129529389764,641.7744988242271,1.5087501146457547,0.59724407672983,0.23818173849338647,0.16457418477678326,0.06570924058999458,0.05910531818189257,0.08954900587216075,0.553
294,5.0,4500.0,79.54545454545455,2035,modest,moderate_re,1.8,solved,2006232596278.8948,595.0887642028684,569.3161202249025,1.8010000000000004,0.1641120748810006,641.308402204298,1.5139469621169097,0.6013137288975894,0.23411208632562722,0.16457418477678326,0.06204655363901122,0.05910531818189257,0.08954900587216075,0.354
295,5.0,4500.0,88.63636363636364,2035,modest,moderate_re,1.8,solved,2008500653993.728,591.9649417880335,569.959735437341,1.8010000000000002,0.13379642269675754,641.9936516450449,1.5306786790629936,0.6235775116515584,0.21184830357165813,0.16457418477678326,0.04200914916043903,0.05910531818189257,0.08954900587216075,0.576
296,5.0,4500.0,97.72727272727273,2035,modest,moderate_re,1.8,solved,2010430138524.3125,592.6577305456015,570.5072724721912,1.8010000000000002,0.13379642269675754,642.3315138468918,1.5306786790629936,0.6235775116515584,0.21184830357165813,0.16457418477678326,0.04200914916043903,0.05910531818189257,0.08954900587216075,0.371
297,5.0,4500.0,106.81818181818183,2035,modest,moderate_re,1.8,solved,2012314692615.455,592.560634702077,571.0420594283563,1.8010000000000002,0.13332450260499804,641.4618801846007,1.5380675941521549,0.6235775116515584,0.21184830357165813,0.16457418477678326,0.04200914916043903,0.05910531818189257,0.08954900587216075,0.266
298,5.0,4500.0,115.90909090909092,2035,modest,moderate_re,1.8,solved,2014036895302.1658,592.376618152903,571.5307753198525,1.8010000000000006,0.12726564573738317,641.9391985872768,1.5425752363952294,0.623764325557399,0.21166148966581783,0.16457418477678326,0.041841016645182735,0.05910531818189257,0.08954900587216075,0.479
299,5.0,4500.0,125.0,2035,modest,moderate_re,1.8,solved,2015706747572.3423,592.8660639819981,572.004635538039,1.8009999999999997,0.12622920967194995,643.4899033543443,1.5434238330589167,0.623764325557399,0.21166148966581783,0.16457418477678326,0.041841016645182735,0.05910531818189257,0.08954900587216075,0.802
300,7.857142857142858,1000.0,25.0,2035,modest,moderate_re,1.8,solved,1914062501973.5469,564.8703508662251,543.1606681661476,1.8010000000000002,0.222108639846059,590.1002639493435,1.3824416825589938,0.5749401260581674,0.26048568916504916,0.16457418477678326,0.08578279619449093,0.05910531818189257,0.08954900587216075,0.373
301,7.857142857142858,1000.0,34.09090909090909,2035,modest,moderate_re,1.8,solved,1919182043527.5674,563.953846587551,544.6134596023306,1.801,0.1988488866289456,583.1452817476787,1.4467056176528321,0.5871376193344537,0.24828819588876286,0.16457418477678326,0.07480505224583323,0.05910531818189257,0.08954900587216075,0.396
302,7.857142857142858,1000.0,43.18181818181819,2035,modest,moderate_re,1.8,solved,1923309707991.6785,564.910588525853,545.7847823705164,1.8010000000000004,0.19063655958037334,582.4533861809018,1.4568573952621444,0.5878396809648583,0.24758613425835854,0.16457418477678326,0.0741731967784693,0.05910531818189257,0.08954900587216075,0.27
303,7.857142857142858,1000.0,52.27272727272727,2035,modest,moderate_re,1.8,solved,1926837116443.383,564.0937193643424,546.7857682471779,1.8010000000000002,0.1782293609338177,578.0414131831628,1.4892040996713252,0.5947834865365914,0.24064232868662547,0.16457418477678326,0.06792377176390955,0.05910531818189257,0.08954900587216075,0.357
304,7.857142857142858,1000.0,61.36363636363637,2035,modest,moderate_re,1.8,solved,1930030172190.8438,563.7162677588807,547.691873607632,1.8010000000000004,0.16339060033595137,576.6319326288466,1.4992053084036105,0.6013137288975894,0.23411208632562722,0.16457418477678326,0.06204655363901122,0.05910531818189257,0.08954900587216075,0.411
305,7.857142857142858,1000.0,70.45454545454547,2035,modest,moderate_re,1.8,solved,1932738639395.6904,563.7115373161087,548.4604654666615,1.8010000000000004,0.15996181147260916,578.8866223295014,1.506997677871346,0.6128269958381729,0.22259881938504386,0.16457418477678326,0.05168461339248615,0.05910531818189257,0.08954900587216075,0.362
306,7.857142857142858,1000.0,79.54545454545455,2035,modest,moderate_re,1.8,solved,1934894581518.2522,561.4076469383988,549.0722652185561,1.8010000000000006,0.13305008445066943,576.7259409903613,1.5226021320899177,0.6235775116515584,0.21184830357165813,0.16457418477678326,0.04200914916043903,0.05910531818189257,0.08954900587216075,0.371
307,7.857142857142858,1000.0,88.63636363636364,2035,modest,moderate_re,1.8,solved,1936849347152.2993,561.5432751856199,549.6269763665999,1.8010000000000002,0.13379642269675754,575.8313431021606,1.5306786790629936,0.6235775116515584,0.21184830357165813,0.16457418477678326,0.04200914916043903,0.05910531818189257,0.08954900587216075,1.436
308,7.857142857142858,1000.0,97.72727272727273,2035,modest,moderate_re,1.8,solved,1938774229826.6711,562.1852024876204,550.1732075155176,1.8010000000000006,0.13338625381550478,576.1249887271421,1.530842801951981,0.623764325557399,0.21166148966581783,0.16457418477678326,0.041841016645182735,0.05910531818189257,0.08954900587216075,7.88
309,7.857142857142858,1000.0,106.81818181818183,2035,modest,moderate_re,1.8,solved,1940642826471.1067,561.4160820478502,550.7034661674049,1.8010000000000004,0.12799587975390395,574.6481391130709,1.5419399050626343,0.623764325557399,0.21166148966581783,0.16457418477678326,0.041841016645182735,0.05910531818189257,0.08954900587216075,0.477
310,7.857142857142858,1000.0,115.90909090909092,2035,modest,moderate_re,1.8,solved,1942341771189.8418,562.0031446125529,551.1855820584242,1.8010000000000004,0.12799587975390395,574.9447442890499,1.5419399050626343,0.623764325557399,0.21166148966581783,0.16457418477678326,0.041841016645182735,0.05910531818189257,0.08954900587216075,1.006
311,7.857142857142858,1000.0,125.0,2035,modest,moderate_re,1.8,solved,1944013742729.6853,562.3236527386387,551.6600436696829,1.801,0.12563761868260837,575.9058645808633,1.5429770333037043,0.6245937128410959,0.21083210238212086,0.16457418477678326,0.04109456808985539,0.05910531818189257,0.08954900587216075,0.571
312,7.857142857142858,1145.8333333333333,25.0,2035,modest,moderate_re,1.8,solved,1917440012697.8655,566.2373290214747,544.1191170046092,1.8010000000000002,0.222108639846059,592.8879545079883,1.3824416825589938,0.5749401260581674,0.26048568916504916,0.16457418477678326,0.08578279619449093,0.05910531818189257,0.08954900587216075,0.394
313,7.857142857142858,1145.8333333333333,34.09090909090909,2035,modest,moderate_re,1.8,solved,1922588738592.7278,565.5139052959069,545.5801901902414,1.8009999999999997,0.20001792648197672,586.0151201803519,1.44704172621309,0.5856631884512505,0.249762626771966,0.16457418477678326,0.07613204004071616,0.05910531818189257,0.08954900587216075,0.573
314,7.857142857142858,1145.8333333333333,43.18181818181819,2035,modest,moderate_re,1.8,solved,1926721644032.7805,566.2911505474335,546.7530002097533,1.8010000000000004,0.19063655958037334,585.2655321457237,1.4568573952621444,0.5878396809648583,0.24758613425835854,0.16457418477678326,0.0741731967784693,0.05910531818189257,0.08954900587216075,0.627
315,7.857142857142858,1145.8333333333333,52.27272727272727,2035,modest,moderate_re,1.8,solved,1930266370774.0898,565.6576257280122,547.7589005621664,1.8010000000000002,0.17997056534733544,581.0913180599728,1.488049998437006,0.5939964730538715,0.24142934216934533,0.16457418477678326,0.06863208389835745,0.05910531818189257,0.08954900587216075,0.686
316,7.857142857142858,1145.8333333333333,61.36363636363637,2035,modest,moderate_re,1.8,solved,1933480015165.8982,565.1114154614479,548.6708484391576,1.8010000000000004,0.16339060033595149,579.4696231428748,1.4992053084036105,0.6013137288975894,0.23411208632562722,0.16457418477678326,0.06204655363901122,0.05910531818189257,0.08954900587216075,0.773
317,7.857142857142858,1145.8333333333333,70.45454545454547,2035,modest,moderate_re,1.8,solved,1936194448097.0469,565.109339169651,549.441133214631,1.8010000000000004,0.15996181147260916,581.746140078771,1.506997677871346,0.6128269958381729,0.22259881938504386,0.16457418477678326,0.05168461339248615,0.05910531818189257,0.08954900587216075,0.302
318,7.857142857142858,1145.8333333333333,79.54545454545455,2035,modest,moderate_re,1.8,solved,1938381972035.3525,562.8173404538754,550.0618950563861,1.8010000000000006,0.13305008445066943,579.6058399258606,1.5226021320899177,0.6235775116515584,0.21184830357165813,0.16457418477678326,0.04200914916043903,0.05910531818189257,0.08954900587216075,0.565
319,7.857142857142858,1145.8333333333333,88.63636363636364,2035,modest,moderate_re,1.8,solved,1940336737669.4,562.9529687010964,550.61660620443,1.8010000000000002,0.13379642269675754,578.7112420376599,1.5306786790629936,0.6235775116515584,0.21184830357165813,0.16457418477678326,0.04200914916043903,0.05910531818189257,0.08954900587216075,0.592
320,7.857142857142858,1145.8333333333333,97.72727272727273,2035,modest,moderate_re,1.8,solved,1942262167014.222,563.5951023007485,551.1629924840639,1.8010000000000006,0.13338625381550478,579.0052418306708,1.530842801951981,0.623764325557399,0.21166148966581783,0.16457418477678326,0.041841016645182735,0.05910531818189257,0.08954900587216075,0.605
321,7.857142857142858,1145.8333333333333,106.81818181818183,2035,modest,moderate_re,1.8,solved,1944131865387.4688,563.1433410833374,551.6935637776527,1.8010000000000002,0.13030979206610985,577.8160559815001,1.5401796314284095,0.623764325557399,0.21166148966581783,0.16457418477678326,0.041841016645182735,0.05910531818189257,0.08954900587216075,0.289
322,7.857142857142858,1145.8333333333333,115.90909090909092,2035,modest,moderate_re,1.8,solved,1945831233732.027,563.4133369356823,552.1757998825548,1.8010000000000004,0.12799587975390395,577.8249973925789,1.5419399050626343,0.623764325557399,0.21166148966581783,0.16457418477678326,0.041841016645182735,0.05910531818189257,0.08954900587216075,0.693
323,7.857142857142858,1145.8333333333333,125.0,2035,modest,moderate_re,1.8,solved,1947505777333.5603,563.7347898076257,552.6509913773697,1.801,0.12563761868260837,578.787690064451,1.5429770333037043,0.6245937128410959,0.21083210238212086,0.16457418477678326,0.04109456808985539,0.05910531818189257,0.08954900587216075,0.575
324,7.857142857142858,1291.6666666666667,25.0,2035,modest,moderate_re,1.8,solved,1920817523422.1836,567.6043071767245,545.0775658430705,1.8010000000000002,0.222108639846059,595.6756450666336,1.3824416825589938,0.5749401260581674,0.26048568916504916,0.16457418477678326,0.08578279619449093,0.05910531818189257,0.08954900587216075,0.914
325,7.857142857142858,1291.6666666666667,34.09090909090909,2035,modest,moderate_re,1.8,solved,1925994755666.2415,566.8921513628658,546.5467283819293,1.8009999999999997,0.20001792648197672,588.8231398781172,1.4470417262130901,0.5856631884512505,0.249762626771966,0.16457418477678326,0.07613204004071616,0.05910531818189257,0.08954900587216075,0.464
326,7.857142857142858,1291.6666666666667,43.18181818181819,2035,modest,moderate_re,1.8,solved,1930133580073.8823,567.671712569014,547.7212180489901,1.8010000000000004,0.19063655958037334,588.0776781105461,1.4568573952621444,0.5878396809648583,0.24758613425835854,0.16457418477678326,0.0741731967784693,0.05910531818189257,0.08954900587216075,0.602
327,7.857142857142858,1291.6666666666667,52.27272727272727,2035,modest,moderate_re,1.8,solved,1933695143948.6833,567.0447532799029,548.7318963376869,1.8010000000000002,0.17997056534733544,583.915136276464,1.488049998437006,0.5939964730538715,0.24142934216934533,0.16457418477678326,0.06863208389835745,0.05910531818189257,0.08954900587216075,1.273
328,7.857142857142858,1291.6666666666667,61.36363636363637,2035,modest,moderate_re,1.8,solved,1936919834699.644,567.5805061273655,549.6469788812899,1.8010000000000004,0.17278550184068167,583.5580737036064,1.4928123862401343,0.59724407672983,0.23818173849338647,0.16457418477678326,0.06570924058999458,0.05910531818189257,0.08954900587216075,0.588
329,7.857142857142858,1291.6666666666667,70.45454545454547,2035,modest,moderate_re,1.8,solved,1939650256798.4028,566.5071410231936,550.4218009626003,1.8010000000000004,0.15996181147260916,584.6056578280405,1.506997677871346,0.6128269958381729,0.22259881938504386,0.16457418477678326,0.05168461339248615,0.05910531818189257,0.08954900587216075,0.914
330,7.857142857142858,1291.6666666666667,79.54545454545455,2035,modest,moderate_re,1.8,solved,1941869362552.4539,564.2270339693521,551.0515248942164,1.8010000000000006,0.13305008445066943,582.4857388613597,1.5226021320899177,0.6235775116515584,0.21184830357165813,0.16457418477678326,0.04200914916043903,0.05910531818189257,0.08954900587216075,0.977
331,7.857142857142858,1291.6666666666667,88.63636363636364,2035,modest,moderate_re,1.8,solved,1943824128186.501,564.3626622165731,551.6062360422601,1.8010000000000002,0.13379642269675754,581.5911409731589,1.5306786790629936,0.6235775116515584,0.21184830357165813,0.16457418477678326,0.04200914916043903,0.05910531818189257,0.08954900587216075,0.656
332,7.857142857142858,1291.6666666666667,97.72727272727273,2035,modest,moderate_re,1.8,solved,1945750104201.7727,565.0050021138769,552.1527774526103,1.8010000000000006,0.13338625381550478,581.8854949341998,1.530842801951981,0.623764325557399,0.21166148966581783,0.16457418477678326,0.041841016645182735,0.05910531818189257,0.08954900587216075,0.265
333,7.857142857142858,1291.6666666666667,106.81818181818183,2035,modest,moderate_re,1.8,solved,1947620640117.386,564.5533965562973,552.6835864187259,1.8010000000000002,0.13030979206610985,580.696309085029,1.5401796314284095,0.623764325557399,0.21166148966581783,0.16457418477678326,0.041841016645182735,0.05910531818189257,0.08954900587216075,0.479
334,7.857142857142858,1291.6666666666667,115.90909090909092,2035,modest,moderate_re,1.8,solved,1949320696274.2122,564.8235292588117,553.1660177066852,1.8010000000000004,0.12799587975390395,580.7052504961079,1.5419399050626343,0.623764325557399,0.21166148966581783,0.16457418477678326,0.041841016645182735,0.05910531818189257,0.08954900587216075,0.987
335,7.857142857142858,1291.6666666666667,125.0,2035,modest,moderate_re,1.8,solved,1950997811937.4355,565.1459268766129,553.6419390850566,1.801,0.12563761868260837,581.6695155480386,1.5429770333037043,0.6245937128410959,0.21083210238212086,0.16457418477678326,0.04109456808985539,0.05910531818189257,0.08954900587216075,0.553
336,7.857142857142858,1437.5,25.0,2035,modest,moderate_re,1.8,solved,1924195034146.5022,568.9712853319741,546.0360146815319,1.8010000000000002,0.222108639846059,598.4633356252784,1.3824416825589938,0.5749401260581674,0.26048568916504916,0.16457418477678326,0.08578279619449093,0.05910531818189257,0.08954900587216075,0.485
337,7.857142857142858,1437.5,34.09090909090909,2035,modest,moderate_re,1.8,solved,1929400772739.755,568.2703974298248,547.513266573617,1.8009999999999997,0.20001792648197672,591.6311595758824,1.4470417262130901,0.5856631884512505,0.249762626771966,0.16457418477678326,0.07613204004071616,0.05910531818189257,0.08954900587216075,0.575
338,7.857142857142858,1437.5,43.18181818181819,2035,modest,moderate_re,1.8,solved,1933545516114.984,569.0522745905945,548.6894358882269,1.8010000000000004,0.19063655958037334,590.8898240753683,1.4568573952621444,0.5878396809648583,0.24758613425835854,0.16457418477678326,0.0741731967784693,0.05910531818189257,0.08954900587216075,1.197
339,7.857142857142858,1437.5,52.27272727272727,2035,modest,moderate_re,1.8,solved,1937123917123.276,568.4318808317937,549.704892113207,1.8010000000000002,0.17997056534733535,586.7389544929548,1.488049998437006,0.5939964730538715,0.24142934216934533,0.16457418477678326,0.06863208389835745,0.05910531818189257,0.08954900587216075,0.395
340,7.857142857142858,1437.5,61.36363636363637,2035,modest,moderate_re,1.8,solved,1940357887578.5813,568.9711801799187,550.622607993186,1.8010000000000004,0.17278550184068167,586.3880488353999,1.4928123862401343,0.59724407672983,0.23818173849338647,0.16457418477678326,0.06570924058999458,0.05910531818189257,0.08954900587216075,0.63
341,7.857142857142858,1437.5,70.45454545454547,2035,modest,moderate_re,1.8,solved,1943104526661.3857,567.8228814344233,551.4020320286545,1.8010000000000004,0.1613092980253058,583.1656991899338,1.515361191052497,0.6025440464532008,0.23288176877001598,0.16457418477678326,0.06093926783896103,0.05910531818189257,0.08954900587216075,0.277
342,7.857142857142858,1437.5,79.54545454545455,2035,modest,moderate_re,1.8,solved,1945356753069.5547,565.6367274848287,552.0411547320465,1.8010000000000006,0.13305008445066943,585.3656377968588,1.5226021320899177,0.6235775116515584,0.21184830357165813,0.16457418477678326,0.04200914916043903,0.05910531818189257,0.08954900587216075,0.824
343,7.857142857142858,1437.5,88.63636363636364,2035,modest,moderate_re,1.8,solved,1947311518703.602,565.7723557320497,552.5958658800903,1.8010000000000002,0.13379642269675754,584.4710399086581,1.5306786790629936,0.6235775116515584,0.21184830357165813,0.16457418477678326,0.04200914916043903,0.05910531818189257,0.08954900587216075,0.669
344,7.857142857142858,1437.5,97.72727272727273,2035,modest,moderate_re,1.8,solved,1949238041389.3235,566.4149019270052,553.1425624211566,1.8010000000000006,0.13338625381550478,584.7657480377286,1.530842801951981,0.623764325557399,0.21166148966581783,0.16457418477678326,0.041841016645182735,0.05910531818189257,0.08954900587216075,0.6
345,7.857142857142858,1437.5,106.81818181818183,2035,modest,moderate_re,1.8,solved,1951109414847.3042,565.9634520292573,553.6736090597994,1.8010000000000002,0.13030979206610985,583.576562188558,1.5401796314284095,0.623764325557399,0.21166148966581783,0.16457418477678326,0.041841016645182735,0.05910531818189257,0.08954900587216075,0.256
346,7.857142857142858,1437.5,115.90909090909092,2035,modest,moderate_re,1.8,solved,1952810158816.3972,566.2337215819413,554.1562355308157,1.8010000000000004,0.12799587975390395,583.5855035996368,1.5419399050626343,0.623764325557399,0.21166148966581783,0.16457418477678326,0.041841016645182735,0.05910531818189257,0.08954900587216075,0.412
347,7.857142857142858,1437.5,125.0,2035,modest,moderate_re,1.8,solved,1954489846541.3105,566.5570639455999,554.6328867927435,1.801,0.12563761868260837,584.5513410316263,1.5429770333037043,0.6245937128410959,0.21083210238212086,0.16457418477678326,0.04109456808985539,0.05910531818189257,0.08954900587216075,0.402
348,7.857142857142858,1583.3333333333335,25.0,2035,modest,moderate_re,1.8,solved,1927569736956.4827,571.1330955687049,546.9936667076498,1.8010000000000002,0.23098436814718665,603.1673379724493,1.3700546836488037,0.5701667265915346,0.2652590886316823,0.16457418477678326,0.0900788557144607,0.05910531818189257,0.08954900587216075,0.474
349,7.857142857142858,1583.3333333333335,34.09090909090909,2035,modest,moderate_re,1.8,solved,1932806789813.2683,569.6486434967838,548.4798047653047,1.8009999999999997,0.20001792648197672,594.4391792736478,1.4470417262130901,0.5856631884512505,0.249762626771966,0.16457418477678326,0.07613204004071616,0.05910531818189257,0.08954900587216075,0.456
350,7.857142857142858,1583.3333333333335,43.18181818181819,2035,modest,moderate_re,1.8,solved,1936957452156.0864,570.432836612175,549.6576537274639,1.8010000000000004,0.19063655958037334,593.7019700401908,1.4568573952621444,0.5878396809648583,0.24758613425835854,0.16457418477678326,0.0741731967784693,0.05910531818189257,0.08954900587216075,0.57
351,7.857142857142858,1583.3333333333335,52.27272727272727,2035,modest,moderate_re,1.8,solved,1940552690297.8691,569.8190083836844,550.6778878887275,1.8010000000000002,0.17997056534733544,589.5627727094459,1.488049998437006,0.5939964730538715,0.24142934216934533,0.16457418477678326,0.06863208389835745,0.05910531818189257,0.08954900587216075,0.283
352,7.857142857142858,1583.3333333333335,61.36363636363637,2035,modest,moderate_re,1.8,solved,1943795940457.5173,570.3618542324718,551.5982371050817,1.8010000000000004,0.17278550184068167,589.2180239671932,1.4928123862401343,0.59724407672983,0.23818173849338647,0.16457418477678326,0.06570924058999458,0.05910531818189257,0.08954900587216075,0.275
353,7.857142857142858,1583.3333333333335,70.45454545454547,2035,modest,moderate_re,1.8,solved,1946557994271.4446,569.2193917264308,552.3820354363988,1.8010000000000004,0.1613092980253058,586.0057221809943,1.515361191052497,0.6025440464532008,0.23288176877001598,0.16457418477678326,0.06093926783896103,0.05910531818189257,0.08954900587216075,0.484
354,7.857142857142858,1583.3333333333335,79.54545454545455,2035,modest,moderate_re,1.8,solved,1948844143586.6558,567.0464210003055,553.0307845698767,1.8010000000000006,0.13305008445066943,588.2455367323579,1.5226021320899177,0.6235775116515584,0.21184830357165813,0.16457418477678326,0.04200914916043903,0.05910531818189257,0.08954900587216075,0.53
355,7.857142857142858,1583.3333333333335,88.63636363636364,2035,modest,moderate_re,1.8,solved,1950798909220.7031,567.1820492475264,553.5854957179205,1.8010000000000002,0.13379642269675754,587.3509388441573,1.5306786790629936,0.6235775116515584,0.21184830357165813,0.16457418477678326,0.04200914916043903,0.05910531818189257,0.08954900587216075,0.792
356,7.857142857142858,1583.3333333333335,97.72727272727273,2035,modest,moderate_re,1.8,solved,1952725978576.875,567.8248017401334,554.1323473897032,1.8010000000000006,0.13338625381550478,587.6460011412579,1.530842801951981,0.623764325557399,0.21166148966581783,0.16457418477678326,0.041841016645182735,0.05910531818189257,0.08954900587216075,0.638
357,7.857142857142858,1583.3333333333335,106.81818181818183,2035,modest,moderate_re,1.8,solved,1954598189577.2217,567.3735075022171,554.6636317008727,1.8010000000000002,0.13030979206610985,586.4568152920868,1.5401796314284095,0.623764325557399,0.21166148966581783,0.16457418477678326,0.041841016645182735,0.05910531818189257,0.08954900587216075,0.375
358,7.857142857142858,1583.3333333333335,115.90909090909092,2035,modest,moderate_re,1.8,solved,1956299621358.583,567.6439139050708,555.1464533549464,1.8010000000000004,0.12799587975390395,586.4657567031658,1.5419399050626343,0.623764325557399,0.21166148966581783,0.16457418477678326,0.041841016645182735,0.05910531818189257,0.08954900587216075,0.376
359,7.857142857142858,1583.3333333333335,125.0,2035,modest,moderate_re,1.8,solved,1957981881145.1855,567.9682010145872,555.6238345004303,1.801,0.12563761868260837,587.4331665152138,1.5429770333037043,0.6245937128410959,0.21083210238212086,0.16457418477678326,0.04109456808985539,0.05910531818189257,0.08954900587216075,0.449
360,7.857142857142858,1729.1666666666667,25.0,2035,modest,moderate_re,1.8,solved,1930934508808.0286,572.4950470993332,547.9485005885851,1.8010000000000002,0.23098436814718665,605.9459789612721,1.3700546836488037,0.5701667265915346,0.2652590886316823,0.16457418477678326,0.0900788557144607,0.05910531818189257,0.08954900587216075,0.284
361,7.857142857142858,1729.1666666666667,34.09090909090909,2035,modest,moderate_re,1.8,solved,1936212806886.7822,571.0268895637428,549.4463429569927,1.8009999999999997,0.20001792648197672,597.247198971413,1.4470417262130901,0.5856631884512505,0.249762626771966,0.16457418477678326,0.07613204004071616,0.05910531818189257,0.08954900587216075,0.262
362,7.857142857142858,1729.1666666666667,43.18181818181819,2035,modest,moderate_re,1.8,solved,1940368034190.6729,571.9165236552061,550.6254873352125,1.8010000000000002,0.1917211331546859,596.659821266487,1.4561407705221303,0.5871376193344537,0.24828819588876286,0.16457418477678326,0.07480505224583323,0.05910531818189257,0.08954900587216075,0.568
363,7.857142857142858,1729.1666666666667,52.27272727272727,2035,modest,moderate_re,1.8,solved,1943981463472.4622,571.2061359355749,551.6508836642478,1.8010000000000002,0.17997056534733544,592.3865909259371,1.488049998437006,0.5939964730538715,0.24142934216934533,0.16457418477678326,0.06863208389835745,0.05910531818189257,0.08954900587216075,0.607
364,7.857142857142858,1729.1666666666667,61.36363636363637,2035,modest,moderate_re,1.8,solved,1947233993336.4548,571.7525282850252,552.5738662169779,1.8010000000000004,0.17278550184068167,592.0479990989866,1.4928123862401343,0.59724407672983,0.23818173849338647,0.16457418477678326,0.06570924058999458,0.05910531818189257,0.08954900587216075,0.698
365,7.857142857142858,1729.1666666666667,70.45454545454547,2035,modest,moderate_re,1.8,solved,1950011461881.503,570.6159020184388,553.3620388441431,1.8010000000000004,0.1613092980253058,588.845745172055,1.515361191052497,0.6025440464532008,0.23288176877001598,0.16457418477678326,0.06093926783896103,0.05910531818189257,0.08954900587216075,0.348
366,7.857142857142858,1729.1666666666667,79.54545454545455,2035,modest,moderate_re,1.8,solved,1952331534103.7566,568.4561145157818,554.0204144077068,1.8010000000000006,0.13305008445066943,591.1254356678571,1.5226021320899177,0.6235775116515584,0.21184830357165813,0.16457418477678326,0.04200914916043903,0.05910531818189257,0.08954900587216075,0.398
367,7.857142857142858,1729.1666666666667,88.63636363636364,2035,modest,moderate_re,1.8,solved,1954286299737.8037,568.591742763003,554.5751255557506,1.8010000000000002,0.13379642269675754,590.2308377796563,1.5306786790629936,0.6235775116515584,0.21184830357165813,0.16457418477678326,0.04200914916043903,0.05910531818189257,0.08954900587216075,0.35
368,7.857142857142858,1729.1666666666667,97.72727272727273,2035,modest,moderate_re,1.8,solved,1956213915764.4255,569.234701553262,555.1221323582495,1.8010000000000006,0.13338625381550478,590.5262542447866,1.530842801951981,0.623764325557399,0.21166148966581783,0.16457418477678326,0.041841016645182735,0.05910531818189257,0.08954900587216075,0.372
369,7.857142857142858,1729.1666666666667,106.81818181818183,2035,modest,moderate_re,1.8,solved,1958086964307.1394,568.783562975177,555.653654341946,1.8010000000000002,0.13030979206610985,589.3370683956159,1.5401796314284095,0.623764325557399,0.21166148966581783,0.16457418477678326,0.041841016645182735,0.05910531818189257,0.08954900587216075,0.27
370,7.857142857142858,1729.1666666666667,115.90909090909092,2035,modest,moderate_re,1.8,solved,1959789083900.7676,569.0541062282003,556.1366711790768,1.8010000000000004,0.12799587975390395,589.3460098066946,1.5419399050626343,0.623764325557399,0.21166148966581783,0.16457418477678326,0.041841016645182735,0.05910531818189257,0.08954900587216075,0.245
371,7.857142857142858,1729.1666666666667,125.0,2035,modest,moderate_re,1.8,solved,1961473915749.061,569.3793380835741,556.6147822081174,1.801,0.12563761868260837,590.3149919988016,1.5429770333037043,0.6245937128410959,0.21083210238212086,0.16457418477678326,0.04109456808985539,0.05910531818189257,0.08954900587216075,0.825
372,7.857142857142858,1875.0,25.0,2035,modest,moderate_re,1.8,solved,1934299280659.575,573.8569986299615,548.9033344695207,1.8010000000000002,0.23098436814718665,608.7246199500948,1.3700546836488037,0.5701667265915346,0.2652590886316823,0.16457418477678326,0.0900788557144607,0.05910531818189257,0.08954900587216075,0.588
373,7.857142857142858,1875.0,34.09090909090909,2035,modest,moderate_re,1.8,solved,1939618823960.296,572.4051356307018,550.4128811486805,1.8009999999999997,0.20001792648197672,600.0552186691781,1.4470417262130901,0.5856631884512505,0.249762626771966,0.16457418477678326,0.07613204004071616,0.05910531818189257,0.08954900587216075,0.766
374,7.857142857142858,1875.0,43.18181818181819,2035,modest,moderate_re,1.8,solved,1943778096624.9565,573.296346371329,551.5931734940417,1.8010000000000002,0.1917211331546859,599.4706362394681,1.4561407705221303,0.5871376193344537,0.24828819588876286,0.16457418477678326,0.07480505224583323,0.05910531818189257,0.08954900587216075,0.801
375,7.857142857142858,1875.0,52.27272727272727,2035,modest,moderate_re,1.8,solved,1947410236647.0552,572.5932634874657,552.6238794397681,1.8010000000000002,0.17997056534733544,595.2104091424279,1.488049998437006,0.5939964730538715,0.24142934216934533,0.16457418477678326,0.06863208389835745,0.05910531818189257,0.08954900587216075,0.297
376,7.857142857142858,1875.0,61.36363636363637,2035,modest,moderate_re,1.8,solved,1950672046215.3916,573.1432023375784,553.549495328874,1.8010000000000004,0.17278550184068167,594.87797423078,1.4928123862401343,0.59724407672983,0.23818173849338647,0.16457418477678326,0.06570924058999458,0.05910531818189257,0.08954900587216075,0.256
377,7.857142857142858,1875.0,70.45454545454547,2035,modest,moderate_re,1.8,solved,1953464323242.9065,572.3721192093233,554.3418702144412,1.801,0.16440346088393729,592.0441898815898,1.5135728671710276,0.6013137288975894,0.23411208632562722,0.16457418477678326,0.06204655363901122,0.05910531818189257,0.08954900587216075,1.394
378,7.857142857142858,1875.0,79.54545454545455,2035,modest,moderate_re,1.8,solved,1955818924620.8572,569.8658080312587,555.0100442455368,1.8010000000000006,0.13305008445066943,594.0053346033562,1.5226021320899177,0.6235775116515584,0.21184830357165813,0.16457418477678326,0.04200914916043903,0.05910531818189257,0.08954900587216075,1.014
379,7.857142857142858,1875.0,88.63636363636364,2035,modest,moderate_re,1.8,solved,1957773690254.9048,570.0014362784796,555.5647553935808,1.8010000000000002,0.13379642269675754,593.1107367151556,1.5306786790629936,0.6235775116515584,0.21184830357165813,0.16457418477678326,0.04200914916043903,0.05910531818189257,0.08954900587216075,0.471
380,7.857142857142858,1875.0,97.72727272727273,2035,modest,moderate_re,1.8,solved,1959701852951.9763,570.64460136639,556.1119173267958,1.8010000000000006,0.13338625381550478,593.4065073483156,1.530842801951981,0.623764325557399,0.21166148966581783,0.16457418477678326,0.041841016645182735,0.05910531818189257,0.08954900587216075,0.67
381,7.857142857142858,1875.0,106.81818181818183,2035,modest,moderate_re,1.8,solved,1961575690904.968,570.5405392835013,556.6436633243966,1.8009999999999997,0.13286013913168357,592.5344515622246,1.5382390474662526,0.623764325557399,0.21166148966581783,0.16457418477678326,0.041841016645182735,0.05910531818189257,0.08954900587216075,0.375
382,7.857142857142858,1875.0,115.90909090909092,2035,modest,moderate_re,1.8,solved,1963278546442.9531,570.4642985513299,557.1268890032073,1.8010000000000004,0.12799587975390395,592.2262629102237,1.5419399050626343,0.623764325557399,0.21166148966581783,0.16457418477678326,0.041841016645182735,0.05910531818189257,0.08954900587216075,0.506
383,7.857142857142858,1875.0,125.0,2035,modest,moderate_re,1.8,solved,1964965950352.9353,570.7904751525613,557.605729915804,1.801,0.12563761868260837,593.1968174823893,1.5429770333037043,0.6245937128410959,0.21083210238212086,0.16457418477678326,0.04109456808985539,0.05910531818189257,0.08954900587216075,0.253
384,7.857142857142858,2020.8333333333335,25.0,2035,modest,moderate_re,1.8,solved,1937664052511.1216,575.2189501605898,549.8581683504564,1.8010000000000002,0.23098436814718665,611.5032609389177,1.3700546836488037,0.5701667265915346,0.2652590886316823,0.16457418477678326,0.0900788557144607,0.05910531818189257,0.08954900587216075,0.374
385,7.857142857142858,2020.8333333333335,34.09090909090909,2035,modest,moderate_re,1.8,solved,1943024841033.8096,573.7833816976608,551.3794193403683,1.8009999999999997,0.20001792648197672,602.8632383669433,1.44704172621309,0.5856631884512505,0.249762626771966,0.16457418477678326,0.07613204004071616,0.05910531818189257,0.08954900587216075,0.264
386,7.857142857142858,2020.8333333333335,43.18181818181819,2035,modest,moderate_re,1.8,solved,1947188159059.2402,574.6761690874521,552.5608596528709,1.8010000000000002,0.1917211331546859,602.2814512124496,1.4561407705221303,0.5871376193344537,0.24828819588876286,0.16457418477678326,0.07480505224583323,0.05910531818189257,0.08954900587216075,0.523
387,7.857142857142858,2020.8333333333335,52.27272727272727,2035,modest,moderate_re,1.8,solved,1950839009821.6484,573.9803910393563,553.5968752152885,1.8010000000000002,0.17997056534733544,598.034227358919,1.488049998437006,0.5939964730538715,0.24142934216934533,0.16457418477678326,0.06863208389835745,0.05910531818189257,0.08954900587216075,0.58
388,7.857142857142858,2020.8333333333335,61.36363636363637,2035,modest,moderate_re,1.8,solved,1954110099094.3286,574.5338763901318,554.5251244407699,1.8010000000000004,0.17278550184068167,597.707949362573,1.4928123862401343,0.59724407672983,0.23818173849338647,0.16457418477678326,0.06570924058999458,0.05910531818189257,0.08954900587216075,0.384
389,7.857142857142858,2020.8333333333335,70.45454545454547,2035,modest,moderate_re,1.8,solved,1956914166217.9612,573.7672669118904,555.3208450459667,1.801,0.16440346088393729,594.8818803956179,1.5135728671710276,0.6013137288975894,0.23411208632562722,0.16457418477678326,0.06204655363901122,0.05910531818189257,0.08954900587216075,0.926
390,7.857142857142858,2020.8333333333335,79.54545454545455,2035,modest,moderate_re,1.8,solved,1959306315137.9585,571.2755015467352,555.999674083367,1.8010000000000006,0.13305008445066943,596.8852335388553,1.5226021320899177,0.6235775116515584,0.21184830357165813,0.16457418477678326,0.04200914916043903,0.05910531818189257,0.08954900587216075,0.9
391,7.857142857142858,2020.8333333333335,88.63636363636364,2035,modest,moderate_re,1.8,solved,1961261080772.0054,571.4111297939562,556.5543852314107,1.8010000000000002,0.13379642269675754,595.9906356506548,1.5306786790629936,0.6235775116515584,0.21184830357165813,0.16457418477678326,0.04200914916043903,0.05910531818189257,0.08954900587216075,0.24
392,7.857142857142858,2020.8333333333335,97.72727272727273,2035,modest,moderate_re,1.8,solved,1963189790139.5276,572.0545011795183,557.1017022953423,1.8010000000000006,0.13338625381550478,596.2867604518444,1.530842801951981,0.623764325557399,0.21166148966581783,0.16457418477678326,0.041841016645182735,0.05910531818189257,0.08954900587216075,0.451
393,7.857142857142858,2020.8333333333335,106.81818181818183,2035,modest,moderate_re,1.8,solved,1965063804449.5596,571.9504667307356,557.6334983384394,1.8009999999999997,0.13286013913168357,595.4147046657536,1.5382390474662526,0.623764325557399,0.21166148966581783,0.16457418477678326,0.041841016645182735,0.05910531818189257,0.08954900587216075,0.473
394,7.857142857142858,2020.8333333333335,115.90909090909092,2035,modest,moderate_re,1.8,solved,1966768008985.1377,571.8744908744594,558.1171068273377,1.8010000000000004,0.12799587975390395,595.1065160137526,1.5419399050626343,0.623764325557399,0.21166148966581783,0.16457418477678326,0.041841016645182735,0.05910531818189257,0.08954900587216075,0.489
395,7.857142857142858,2020.8333333333335,125.0,2035,modest,moderate_re,1.8,solved,1968457984956.811,572.2016122215483,558.596677623491,1.801,0.12563761868260837,596.0786429659768,1.5429770333037043,0.6245937128410959,0.21083210238212086,0.16457418477678326,0.04109456808985539,0.05910531818189257,0.08954900587216075,0.254
396,7.857142857142858,2166.666666666667,25.0,2035,modest,moderate_re,1.8,solved,1941028824362.6672,576.5809016912181,550.8130022313917,1.8010000000000002,0.23098436814718665,614.2819019277406,1.3700546836488037,0.5701667265915346,0.2652590886316823,0.16457418477678326,0.0900788557144607,0.05910531818189257,0.08954900587216075,0.569
397,7.857142857142858,2166.666666666667,34.09090909090909,2035,modest,moderate_re,1.8,solved,1946422790391.8752,575.8469237063143,552.3436681262981,1.801,0.20801717880515322,606.7452297722941,1.4408648613686916,0.5814355324203362,0.25399028280288044,0.16457418477678326,0.07993693046853914,0.05910531818189257,0.08954900587216075,0.447
398,7.857142857142858,2166.666666666667,43.18181818181819,2035,modest,moderate_re,1.8,solved,1950598221493.523,576.055991803575,553.5285458116998,1.8010000000000002,0.1917211331546859,605.0922661854308,1.4561407705221303,0.5871376193344537,0.24828819588876286,0.16457418477678326,0.07480505224583323,0.05910531818189257,0.08954900587216075,0.45
399,7.857142857142858,2166.666666666667,52.27272727272727,2035,modest,moderate_re,1.8,solved,1954267782996.2417,575.3675185912471,554.5698709908088,1.8010000000000002,0.17997056534733544,600.8580455754098,1.488049998437006,0.5939964730538715,0.24142934216934533,0.16457418477678326,0.06863208389835745,0.05910531818189257,0.08954900587216075,0.754
400,7.857142857142858,2166.666666666667,61.36363636363637,2035,modest,moderate_re,1.8,solved,1957548151973.2664,575.924550442685,555.5007535526662,1.8010000000000004,0.17278550184068167,600.5379244943664,1.4928123862401343,0.59724407672983,0.23818173849338647,0.16457418477678326,0.06570924058999458,0.05910531818189257,0.08954900587216075,0.582
401,7.857142857142858,2166.666666666667,70.45454545454547,2035,modest,moderate_re,1.8,solved,1960364009193.016,575.1624146144576,556.2998198774925,1.801,0.16440346088393729,597.7195709096459,1.5135728671710276,0.6013137288975894,0.23411208632562722,0.16457418477678326,0.06204655363901122,0.05910531818189257,0.08954900587216075,0.792
402,7.857142857142858,2166.666666666667,79.54545454545455,2035,modest,moderate_re,1.8,solved,1962793705655.0588,572.6851950622118,556.989303921197,1.8010000000000006,0.13305008445066943,599.7651324743542,1.5226021320899177,0.6235775116515584,0.21184830357165813,0.16457418477678326,0.04200914916043903,0.05910531818189257,0.08954900587216075,0.672
403,7.857142857142858,2166.666666666667,88.63636363636364,2035,modest,moderate_re,1.8,solved,1964748471289.1064,572.820823309433,557.5440150692409,1.8010000000000002,0.13379642269675754,598.8705345861536,1.5306786790629936,0.6235775116515584,0.21184830357165813,0.16457418477678326,0.04200914916043903,0.05910531818189257,0.08954900587216075,0.266
404,7.857142857142858,2166.666666666667,97.72727272727273,2035,modest,moderate_re,1.8,solved,1966677727327.0776,573.4644009926466,558.0914872638884,1.8010000000000006,0.13338625381550478,599.1670135553735,1.530842801951981,0.623764325557399,0.21166148966581783,0.16457418477678326,0.041841016645182735,0.05910531818189257,0.08954900587216075,0.256
405,7.857142857142858,2166.666666666667,106.81818181818183,2035,modest,moderate_re,1.8,solved,1968551917994.1511,573.36039417797,558.6233333524821,1.8009999999999997,0.13286013913168357,598.2949577692824,1.5382390474662526,0.623764325557399,0.21166148966581783,0.16457418477678326,0.041841016645182735,0.05910531818189257,0.08954900587216075,0.272
406,7.857142857142858,2166.666666666667,115.90909090909092,2035,modest,moderate_re,1.8,solved,1970257471527.3232,573.2846831975888,559.1073246514683,1.8010000000000004,0.12799587975390395,597.9867691172816,1.5419399050626343,0.623764325557399,0.21166148966581783,0.16457418477678326,0.041841016645182735,0.05910531818189257,0.08954900587216075,0.595
407,7.857142857142858,2166.666666666667,125.0,2035,modest,moderate_re,1.8,solved,1971950019560.685,573.6127492905355,559.5876253311776,1.801,0.12563761868260837,598.9604684495645,1.5429770333037043,0.6245937128410959,0.21083210238212086,0.16457418477678326,0.04109456808985539,0.05910531818189257,0.08954900587216075,0.703
408,7.857142857142858,2312.5,25.0,2035,modest,moderate_re,1.8,solved,1944393596214.2136,577.9428532218463,551.7678361123272,1.8010000000000002,0.23098436814718665,617.0605429165633,1.3700546836488037,0.5701667265915346,0.2652590886316823,0.16457418477678326,0.0900788557144607,0.05910531818189257,0.08954900587216075,0.26
409,7.857142857142858,2312.5,34.09090909090909,2035,modest,moderate_re,1.8,solved,1949817525029.7415,577.2207178433554,553.3070046590649,1.801,0.20801717880515325,609.545234538834,1.4408648613686916,0.5814355324203362,0.25399028280288044,0.16457418477678326,0.07993693046853914,0.05910531818189257,0.08954900587216075,0.625
410,7.857142857142858,2312.5,43.18181818181819,2035,modest,moderate_re,1.8,solved,1954008283927.8071,577.4358145196977,554.4962319705292,1.8010000000000002,0.1917211331546859,607.9030811584123,1.4561407705221303,0.5871376193344537,0.24828819588876286,0.16457418477678326,0.07480505224583323,0.05910531818189257,0.08954900587216075,0.274
411,7.857142857142858,2312.5,52.27272727272727,2035,modest,moderate_re,1.8,solved,1957695547170.777,576.9161531642825,555.5425804386126,1.8009999999999997,0.18138393432676717,603.8517438349711,1.4871495406170692,0.5933188861374896,0.24210692908572726,0.16457418477678326,0.06924191212310116,0.05910531818189257,0.08954900587216075,0.575
412,7.857142857142858,2312.5,61.36363636363637,2035,modest,moderate_re,1.8,solved,1960986204852.2021,577.3152244952383,556.4763826645619,1.8010000000000004,0.17278550184068167,603.3678996261597,1.4928123862401343,0.59724407672983,0.23818173849338647,0.16457418477678326,0.06570924058999458,0.05910531818189257,0.08954900587216075,0.671
413,7.857142857142858,2312.5,70.45454545454547,2035,modest,moderate_re,1.8,solved,1963813852168.0706,576.5575623170249,557.2787947090179,1.801,0.16440346088393729,600.5572614236739,1.5135728671710276,0.6013137288975894,0.23411208632562722,0.16457418477678326,0.06204655363901122,0.05910531818189257,0.08954900587216075,0.395
414,7.857142857142858,2312.5,79.54545454545455,2035,modest,moderate_re,1.8,solved,1966281096172.1602,574.0948885776884,557.9789337590273,1.8010000000000006,0.13305008445066943,602.6450314098536,1.5226021320899177,0.6235775116515584,0.21184830357165813,0.16457418477678326,0.04200914916043903,0.05910531818189257,0.08954900587216075,0.69
415,7.857142857142858,2312.5,88.63636363636364,2035,modest,moderate_re,1.8,solved,1968235861806.2075,574.2305168249096,558.5336449070711,1.8010000000000002,0.13379642269675754,601.750433521653,1.5306786790629936,0.6235775116515584,0.21184830357165813,0.16457418477678326,0.04200914916043903,0.05910531818189257,0.08954900587216075,0.57
416,7.857142857142858,2312.5,97.72727272727273,2035,modest,moderate_re,1.8,solved,1970165346336.7917,574.9233055824774,559.0811819419213,1.8010000000000002,0.13379642269675754,602.0882957234995,1.5306786790629936,0.6235775116515584,0.21184830357165813,0.16457418477678326,0.04200914916043903,0.05910531818189257,0.08954900587216075,0.603
417,7.857142857142858,2312.5,106.81818181818183,2035,modest,moderate_re,1.8,solved,1972040031538.7417,574.7703216252045,559.6131683665246,1.8009999999999997,0.13286013913168357,601.1752108728115,1.5382390474662526,0.623764325557399,0.21166148966581783,0.16457418477678326,0.041841016645182735,0.05910531818189257,0.08954900587216075,0.292
418,7.857142857142858,2312.5,115.90909090909092,2035,modest,moderate_re,1.8,solved,1973746934069.5083,574.6948755207184,560.0975424755987,1.8010000000000004,0.12799587975390395,600.8670222208106,1.5419399050626343,0.623764325557399,0.21166148966581783,0.16457418477678326,0.041841016645182735,0.05910531818189257,0.08954900587216075,0.721
419,7.857142857142858,2312.5,125.0,2035,modest,moderate_re,1.8,solved,1975442054164.5605,575.0238863595227,560.5785730388646,1.801,0.12563761868260837,601.842293933152,1.5429770333037043,0.6245937128410959,0.21083210238212086,0.16457418477678326,0.04109456808985539,0.05910531818189257,0.08954900587216075,0.578
420,7.857142857142858,2458.3333333333335,25.0,2035,modest,moderate_re,1.8,solved,1947757229838.166,579.3623310992074,552.7223469941654,1.8010000000000002,0.23139086766676378,619.8724297972686,1.369999993807294,0.5696477347913766,0.2657780804318402,0.16457418477678326,0.09054594833460278,0.05910531818189257,0.08954900587216075,0.258
421,7.857142857142858,2458.3333333333335,34.09090909090909,2035,modest,moderate_re,1.8,solved,1953212259667.6082,578.5945119803964,554.2703411918318,1.801,0.20801717880515325,612.3452393053741,1.4408648613686916,0.5814355324203362,0.25399028280288044,0.16457418477678326,0.07993693046853914,0.05910531818189257,0.08954900587216075,0.385
422,7.857142857142858,2458.3333333333335,43.18181818181819,2035,modest,moderate_re,1.8,solved,1957418346362.0906,578.8156372358205,555.4639181293583,1.8010000000000002,0.1917211331546859,610.7138961313934,1.4561407705221303,0.5871376193344537,0.24828819588876286,0.16457418477678326,0.07480505224583323,0.05910531818189257,0.08954900587216075,0.27
423,7.857142857142858,2458.3333333333335,52.27272727272727,2035,modest,moderate_re,1.8,solved,1961122433932.7524,578.3025545059072,556.5150408997757,1.8009999999999997,0.18138393432676717,606.6742774595997,1.4871495406170692,0.5933188861374896,0.24210692908572726,0.16457418477678326,0.06924191212310116,0.05910531818189257,0.08954900587216075,0.517
424,7.857142857142858,2458.3333333333335,61.36363636363637,2035,modest,moderate_re,1.8,solved,1964424257731.1396,578.7058985477915,557.4520117764581,1.8010000000000004,0.17278550184068167,606.1978747579531,1.4928123862401343,0.59724407672983,0.23818173849338647,0.16457418477678326,0.06570924058999458,0.05910531818189257,0.08954900587216075,0.375
425,7.857142857142858,2458.3333333333335,70.45454545454547,2035,modest,moderate_re,1.8,solved,1967263695143.1252,577.9527100195919,558.2577695405436,1.801,0.16440346088393729,603.3949519377021,1.5135728671710276,0.6013137288975894,0.23411208632562722,0.16457418477678326,0.06204655363901122,0.05910531818189257,0.08954900587216075,0.697
426,7.857142857142858,2458.3333333333335,79.54545454545455,2035,modest,moderate_re,1.8,solved,1969768222350.4783,575.9426058124283,558.9684885844533,1.8010000000000002,0.13672233427905542,605.9478433209481,1.5205313630214934,0.622062243700563,0.21336357152265376,0.16457418477678326,0.043372890316335025,0.05910531818189257,0.08954900587216075,0.276
427,7.857142857142858,2458.3333333333335,88.63636363636364,2035,modest,moderate_re,1.8,solved,1971723252323.308,575.6402103403863,559.5232747449012,1.8010000000000002,0.13379642269675754,604.630332457152,1.5306786790629936,0.6235775116515584,0.21184830357165813,0.16457418477678326,0.04200914916043903,0.05910531818189257,0.08954900587216075,0.289
428,7.857142857142858,2458.3333333333335,97.72727272727273,2035,modest,moderate_re,1.8,solved,1973652736853.8928,576.3329990979543,560.0708117797514,1.8010000000000002,0.13379642269675754,604.9681946589986,1.5306786790629936,0.6235775116515584,0.21184830357165813,0.16457418477678326,0.04200914916043903,0.05910531818189257,0.08954900587216075,0.47
429,7.857142857142858,2458.3333333333335,106.81818181818183,2035,modest,moderate_re,1.8,solved,1975528145083.3325,576.1802490724389,560.6030033805672,1.8009999999999997,0.13286013913168357,604.0554639763404,1.5382390474662526,0.623764325557399,0.21166148966581783,0.16457418477678326,0.041841016645182735,0.05910531818189257,0.08954900587216075,0.578
430,7.857142857142858,2458.3333333333335,115.90909090909092,2035,modest,moderate_re,1.8,solved,1977236396611.6934,576.1050678438478,561.0877602997292,1.8010000000000004,0.12799587975390395,603.7472753243395,1.5419399050626343,0.623764325557399,0.21166148966581783,0.16457418477678326,0.041841016645182735,0.05910531818189257,0.08954900587216075,0.374
431,7.857142857142858,2458.3333333333335,125.0,2035,modest,moderate_re,1.8,solved,1978933733796.0488,576.6318021850336,561.569420014711,1.8010000000000006,0.12726564573738317,604.865234262871,1.5425752363952294,0.623764325557399,0.21166148966581783,0.16457418477678326,0.041841016645182735,0.05910531818189257,0.08954900587216075,0.599
432,7.857142857142858,2604.166666666667,25.0,2035,modest,moderate_re,1.8,solved,1951120577744.3162,580.7237276577464,553.6767767967951,1.8010000000000002,0.23139086766676378,622.650086864137,1.369999993807294,0.5696477347913766,0.2657780804318402,0.16457418477678326,0.09054594833460278,0.05910531818189257,0.08954900587216075,0.881
433,7.857142857142858,2604.166666666667,34.09090909090909,2035,modest,moderate_re,1.8,solved,1956605239682.886,580.0975441527539,555.2331798087905,1.8010000000000002,0.20958648295558943,615.3512201553136,1.4396530756610546,0.5806061451366392,0.25481967008657763,0.16457418477678326,0.08068337902386649,0.05910531818189257,0.08954900587216075,0.804
434,7.857142857142858,2604.166666666667,43.18181818181819,2035,modest,moderate_re,1.8,solved,1960828408796.374,580.1954599519435,556.4316042881875,1.8010000000000002,0.1917211331546859,613.5247111043747,1.4561407705221303,0.5871376193344537,0.24828819588876286,0.16457418477678326,0.07480505224583323,0.05910531818189257,0.08954900587216075,0.551
435,7.857142857142858,2604.166666666667,52.27272727272727,2035,modest,moderate_re,1.8,solved,1964547401135.2966,580.2436901067579,557.4869566403866,1.8010000000000002,0.18730345542855198,610.1260546072418,1.4842787562308017,0.5895208703418686,0.24590494488134823,0.16457418477678326,0.07266012633916004,0.05910531818189257,0.08954900587216075,0.473
436,7.857142857142858,2604.166666666667,61.36363636363637,2035,modest,moderate_re,1.8,solved,1967862310610.0764,580.0965726003449,558.4276408883541,1.8010000000000004,0.17278550184068167,609.0278498897466,1.4928123862401343,0.59724407672983,0.23818173849338647,0.16457418477678326,0.06570924058999458,0.05910531818189257,0.08954900587216075,0.486
437,7.857142857142858,2604.166666666667,70.45454545454547,2035,modest,moderate_re,1.8,solved,1970713538118.1794,579.3478577221593,559.236744372069,1.801,0.16440346088393729,606.23264245173,1.5135728671710276,0.6013137288975894,0.23411208632562722,0.16457418477678326,0.06204655363901122,0.05910531818189257,0.08954900587216075,0.476
438,7.857142857142858,2604.166666666667,79.54545454545455,2035,modest,moderate_re,1.8,solved,1973251178763.9773,577.350626025168,559.9568601401361,1.8010000000000002,0.13672233427905542,608.8248695609568,1.5205313630214934,0.622062243700563,0.21336357152265376,0.16457418477678326,0.043372890316335025,0.05910531818189257,0.08954900587216075,0.837
439,7.857142857142858,2604.166666666667,88.63636363636364,2035,modest,moderate_re,1.8,solved,1975210642840.409,577.0499038558628,560.5129045827313,1.8010000000000002,0.13379642269675754,607.510231392651,1.5306786790629936,0.6235775116515584,0.21184830357165813,0.16457418477678326,0.04200914916043903,0.05910531818189257,0.08954900587216075,0.257
440,7.857142857142858,2604.166666666667,97.72727272727273,2035,modest,moderate_re,1.8,solved,1977140127370.994,577.7426926134308,561.0604416175815,1.8010000000000002,0.13379642269675754,607.8480935944979,1.5306786790629936,0.6235775116515584,0.21184830357165813,0.16457418477678326,0.04200914916043903,0.05910531818189257,0.08954900587216075,0.357
441,7.857142857142858,2604.166666666667,106.81818181818183,2035,modest,moderate_re,1.8,solved,1979016258627.9248,577.590176519673,561.5928383946101,1.8009999999999997,0.13286013913168357,606.9357170798694,1.5382390474662526,0.623764325557399,0.21166148966581783,0.16457418477678326,0.041841016645182735,0.05910531818189257,0.08954900587216075,0.946
442,7.857142857142858,2604.166666666667,115.90909090909092,2035,modest,moderate_re,1.8,solved,1980725859153.8784,577.5152601669773,562.0779781238597,1.8010000000000004,0.12799587975390395,606.6275284278684,1.5419399050626343,0.623764325557399,0.21166148966581783,0.16457418477678326,0.041841016645182735,0.05910531818189257,0.08954900587216075,0.248
443,7.857142857142858,2604.166666666667,125.0,2035,modest,moderate_re,1.8,solved,1982423341377.601,578.0420233658369,562.5596789972046,1.8010000000000006,0.12726564573738317,607.7454873664,1.5425752363952294,0.623764325557399,0.21166148966581783,0.16457418477678326,0.041841016645182735,0.05910531818189257,0.08954900587216075,0.729
444,7.857142857142858,2750.0,25.0,2035,modest,moderate_re,1.8,solved,1954483925650.4658,582.0851242162855,554.6312065994248,1.8010000000000002,0.23139086766676378,625.4277439310051,1.369999993807294,0.5696477347913766,0.2657780804318402,0.16457418477678326,0.09054594833460278,0.05910531818189257,0.08954900587216075,1.208
445,7.857142857142858,2750.0,34.09090909090909,2035,modest,moderate_re,1.8,solved,1959997760917.2524,581.4704649041566,556.1958882357758,1.8010000000000002,0.20958648295558943,618.1496525417948,1.4396530756610546,0.5806061451366392,0.25481967008657763,0.16457418477678326,0.08068337902386649,0.05910531818189257,0.08954900587216075,0.694
446,7.857142857142858,2750.0,43.18181818181819,2035,modest,moderate_re,1.8,solved,1964238471230.6577,581.5752826680663,557.3992904470167,1.8010000000000002,0.1917211331546859,616.335526077356,1.4561407705221303,0.5871376193344537,0.24828819588876286,0.16457418477678326,0.07480505224583323,0.05910531818189257,0.08954900587216075,0.289
447,7.857142857142858,2750.0,52.27272727272727,2035,modest,moderate_re,1.8,solved,1967964152051.6665,581.6260919507827,558.4565408147693,1.8010000000000002,0.18730345542855198,612.9413878269246,1.4842787562308017,0.5895208703418686,0.24590494488134823,0.16457418477678326,0.07266012633916004,0.05910531818189257,0.08954900587216075,0.49
448,7.857142857142858,2750.0,61.36363636363637,2035,modest,moderate_re,1.8,solved,1971300363489.0134,581.4872466528981,559.4032700002501,1.8010000000000004,0.17278550184068167,611.8578250215398,1.4928123862401343,0.59724407672983,0.23818173849338647,0.16457418477678326,0.06570924058999458,0.05910531818189257,0.08954900587216075,0.273
449,7.857142857142858,2750.0,70.45454545454547,2035,modest,moderate_re,1.8,solved,1974163381093.2344,580.7430054247264,560.2157192035946,1.801,0.16440346088393729,609.070332965758,1.5135728671710276,0.6013137288975894,0.23411208632562722,0.16457418477678326,0.06204655363901122,0.05910531818189257,0.08954900587216075,0.503
450,7.857142857142858,2750.0,79.54545454545455,2035,modest,moderate_re,1.8,solved,1976733374877.395,579.5812558174644,560.945015942624,1.801,0.14408873789843332,612.538719260371,1.5163774733153454,0.6190226696410149,0.21640314558220192,0.16457418477678326,0.04610850696992839,0.05910531818189257,0.08954900587216075,0.472
451,7.857142857142858,2750.0,88.63636363636364,2035,modest,moderate_re,1.8,solved,1978698033357.5103,578.4595973713396,561.5025344205615,1.8010000000000002,0.13379642269675754,610.3901303281502,1.5306786790629936,0.6235775116515584,0.21184830357165813,0.16457418477678326,0.04200914916043903,0.05910531818189257,0.08954900587216075,0.604
452,7.857142857142858,2750.0,97.72727272727273,2035,modest,moderate_re,1.8,solved,1980627517888.0947,579.1523861289073,562.0500714554117,1.8010000000000002,0.13379642269675754,610.7279925299969,1.5306786790629936,0.6235775116515584,0.21184830357165813,0.16457418477678326,0.04200914916043903,0.05910531818189257,0.08954900587216075,0.68
453,7.857142857142858,2750.0,106.81818181818183,2035,modest,moderate_re,1.8,solved,1982504372172.5159,579.0001039669077,562.5826734086528,1.8009999999999997,0.13286013913168357,609.8159701833983,1.5382390474662526,0.623764325557399,0.21166148966581783,0.16457418477678326,0.041841016645182735,0.05910531818189257,0.08954900587216075,0.48
454,7.857142857142858,2750.0,115.90909090909092,2035,modest,moderate_re,1.8,solved,1984215321696.0637,578.9254524901067,563.0681959479903,1.8010000000000004,0.12799587975390395,609.5077815313974,1.5419399050626343,0.623764325557399,0.21166148966581783,0.16457418477678326,0.041841016645182735,0.05910531818189257,0.08954900587216075,0.262
455,7.857142857142858,2750.0,125.0,2035,modest,moderate_re,1.8,solved,1985912948959.154,579.4522445466401,563.5499379796985,1.8010000000000006,0.12726564573738317,610.6257404699289,1.5425752363952294,0.623764325557399,0.21166148966581783,0.16457418477678326,0.041841016645182735,0.05910531818189257,0.08954900587216075,0.568
456,7.857142857142858,2895.8333333333335,25.0,2035,modest,moderate_re,1.8,solved,1957847273556.6162,583.4465207748244,555.5856364020547,1.8010000000000002,0.23139086766676378,628.2054009978735,1.369999993807294,0.5696477347913766,0.2657780804318402,0.16457418477678326,0.09054594833460278,0.05910531818189257,0.08954900587216075,0.592
457,7.857142857142858,2895.8333333333335,34.09090909090909,2035,modest,moderate_re,1.8,solved,1963390141308.3545,582.8725353911516,557.1585566951416,1.8010000000000002,0.20993995815777375,620.9937713192711,1.4393801290828592,0.5804193312307987,0.25500648399241793,0.16457418477678326,0.08085151153912278,0.05910531818189257,0.08954900587216075,0.784
458,7.857142857142858,2895.8333333333335,43.18181818181819,2035,modest,moderate_re,1.8,solved,1967648533664.9404,582.9551053841892,558.3669766058456,1.8010000000000002,0.1917211331546859,619.1463410503372,1.4561407705221303,0.5871376193344537,0.24828819588876286,0.16457418477678326,0.07480505224583323,0.05910531818189257,0.08954900587216075,0.366
459,7.857142857142858,2895.8333333333335,52.27272727272727,2035,modest,moderate_re,1.8,solved,1971380902968.0366,583.0084937948075,559.426124989152,1.8010000000000002,0.18730345542855198,615.7567210466074,1.4842787562308017,0.5895208703418686,0.24590494488134823,0.16457418477678326,0.07266012633916004,0.05910531818189257,0.08954900587216075,0.854
460,7.857142857142858,2895.8333333333335,61.36363636363637,2035,modest,moderate_re,1.8,solved,1974738416367.9512,582.8779207054514,560.3788991121463,1.8010000000000004,0.17278550184068167,614.6878001533332,1.4928123862401343,0.59724407672983,0.23818173849338647,0.16457418477678326,0.06570924058999458,0.05910531818189257,0.08954900587216075,0.26
461,7.857142857142858,2895.8333333333335,70.45454545454547,2035,modest,moderate_re,1.8,solved,1977613224068.2896,582.1381531272938,561.1946940351204,1.801,0.16440346088393729,611.908023479786,1.5135728671710276,0.6013137288975894,0.23411208632562722,0.16457418477678326,0.06204655363901122,0.05910531818189257,0.08954900587216075,0.606
462,7.857142857142858,2895.8333333333335,79.54545454545455,2035,modest,moderate_re,1.8,solved,1980207436635.48,580.9859194439388,561.9308634287046,1.801,0.14408873789843332,615.4099829745585,1.5163774733153454,0.6190226696410149,0.21640314558220192,0.16457418477678326,0.04610850696992839,0.05910531818189257,0.08954900587216075,0.498
463,7.857142857142858,2895.8333333333335,88.63636363636364,2035,modest,moderate_re,1.8,solved,1982185423874.6108,579.8692908868161,562.4921642583915,1.8010000000000002,0.13379642269675754,613.2700292636495,1.5306786790629936,0.6235775116515584,0.21184830357165813,0.16457418477678326,0.04200914916043903,0.05910531818189257,0.08954900587216075,0.787
464,7.857142857142858,2895.8333333333335,97.72727272727273,2035,modest,moderate_re,1.8,solved,1984114908405.1953,580.5620796443841,563.0397012932417,1.8010000000000002,0.13379642269675754,613.6078914654961,1.5306786790629936,0.6235775116515584,0.21184830357165813,0.16457418477678326,0.04200914916043903,0.05910531818189257,0.08954900587216075,0.618
465,7.857142857142858,2895.8333333333335,106.81818181818183,2035,modest,moderate_re,1.8,solved,1985992485717.1074,580.4100314141419,563.5725084226956,1.8009999999999997,0.13286013913168357,612.6962232869272,1.5382390474662526,0.623764325557399,0.21166148966581783,0.16457418477678326,0.041841016645182735,0.05910531818189257,0.08954900587216075,0.381
466,7.857142857142858,2895.8333333333335,115.90909090909092,2035,modest,moderate_re,1.8,solved,1987704784238.2495,580.3356448132363,564.058413772121,1.8010000000000004,0.12799587975390395,612.3880346349264,1.5419399050626343,0.623764325557399,0.21166148966581783,0.16457418477678326,0.041841016645182735,0.05910531818189257,0.08954900587216075,0.267
467,7.857142857142858,2895.8333333333335,125.0,2035,modest,moderate_re,1.8,solved,1989402556540.7063,580.8624657274432,564.5401969621921,1.8010000000000006,0.12726564573738317,613.5059935734579,1.5425752363952294,0.623764325557399,0.21166148966581783,0.16457418477678326,0.041841016645182735,0.05910531818189257,0.08954900587216075,0.269
468,7.857142857142858,3041.666666666667,25.0,2035,modest,moderate_re,1.8,solved,1961210621462.7659,584.8079173333635,556.5400662046844,1.8010000000000002,0.23139086766676378,630.9830580647422,1.369999993807294,0.5696477347913766,0.2657780804318402,0.16457418477678326,0.09054594833460278,0.05910531818189257,0.08954900587216075,0.484
469,7.857142857142858,3041.666666666667,34.09090909090909,2035,modest,moderate_re,1.8,solved,1966782163988.4731,584.245259418315,558.121123645525,1.8010000000000002,0.20993995815777375,623.7918495377224,1.4393801290828592,0.5804193312307987,0.25500648399241793,0.16457418477678326,0.08085151153912278,0.05910531818189257,0.08954900587216075,0.556
470,7.857142857142858,3041.666666666667,43.18181818181819,2035,modest,moderate_re,1.8,solved,1971058596099.2246,584.334928100312,559.3346627646749,1.8010000000000002,0.1917211331546859,621.9571560233186,1.4561407705221303,0.5871376193344537,0.24828819588876286,0.16457418477678326,0.07480505224583323,0.05910531818189257,0.08954900587216075,0.378
471,7.857142857142858,3041.666666666667,52.27272727272727,2035,modest,moderate_re,1.8,solved,1974797653884.407,584.3908956388321,560.3957091635347,1.8010000000000002,0.18730345542855198,618.5720542662905,1.4842787562308017,0.5895208703418686,0.24590494488134823,0.16457418477678326,0.07266012633916004,0.05910531818189257,0.08954900587216075,1.228
472,7.857142857142858,3041.666666666667,61.36363636363637,2035,modest,moderate_re,1.8,solved,1978176362115.647,584.3114523236763,561.3544978230098,1.8010000000000002,0.1731820459433744,617.5660619936684,1.4925495497604955,0.5970648412805696,0.23836097394264727,0.16457418477678326,0.06587055249432917,0.05910531818189257,0.08954900587216075,0.479
473,7.857142857142858,3041.666666666667,70.45454545454547,2035,modest,moderate_re,1.8,solved,1981063067043.3442,583.5333008298609,562.1736688666459,1.801,0.16440346088393729,614.7457139938143,1.5135728671710276,0.6013137288975894,0.23411208632562722,0.16457418477678326,0.06204655363901122,0.05910531818189257,0.08954900587216075,0.566
474,7.857142857142858,3041.666666666667,79.54545454545455,2035,modest,moderate_re,1.8,solved,1983681496160.059,582.3926891489186,562.9167102809749,1.8010000000000002,0.14410718039992673,618.2833350773594,1.5163668141589397,0.6190153364351063,0.2164104787881105,0.16457418477678326,0.046115106855246064,0.05910531818189257,0.08954900587216075,0.37
475,7.857142857142858,3041.666666666667,88.63636363636364,2035,modest,moderate_re,1.8,solved,1985672814391.712,581.2789844022927,563.4817940962217,1.8010000000000002,0.13379642269675754,616.1499281991487,1.5306786790629936,0.6235775116515584,0.21184830357165813,0.16457418477678326,0.04200914916043903,0.05910531818189257,0.08954900587216075,0.458
476,7.857142857142858,3041.666666666667,97.72727272727273,2035,modest,moderate_re,1.8,solved,1987602298922.2966,581.9717731598606,564.029331131072,1.8010000000000002,0.13379642269675754,616.4877904009953,1.5306786790629936,0.6235775116515584,0.21184830357165813,0.16457418477678326,0.04200914916043903,0.05910531818189257,0.08954900587216075,0.501
477,7.857142857142858,3041.666666666667,106.81818181818183,2035,modest,moderate_re,1.8,solved,1989480599261.6982,581.8199588613762,564.5623434367382,1.8009999999999997,0.13286013913168357,615.5764763904563,1.5382390474662526,0.623764325557399,0.21166148966581783,0.16457418477678326,0.041841016645182735,0.05910531818189257,0.08954900587216075,0.681
478,7.857142857142858,3041.666666666667,115.90909090909092,2035,modest,moderate_re,1.8,solved,1991194246780.4343,581.7458371363658,565.0486315962513,1.8010000000000004,0.12799587975390395,615.2682877384552,1.5419399050626343,0.623764325557399,0.21166148966581783,0.16457418477678326,0.041841016645182735,0.05910531818189257,0.08954900587216075,0.627
479,7.857142857142858,3041.666666666667,125.0,2035,modest,moderate_re,1.8,solved,1992892164122.259,582.2726869082466,565.5304559446859,1.8010000000000006,0.12726564573738317,616.3862466769868,1.5425752363952294,0.623764325557399,0.21166148966581783,0.16457418477678326,0.041841016645182735,0.05910531818189257,0.08954900587216075,0.797
480,7.857142857142858,3187.5,25.0,2035,modest,moderate_re,1.8,solved,1964573969368.9155,586.1693138919026,557.4944960073141,1.8010000000000002,0.23139086766676378,633.7607151316106,1.369999993807294,0.5696477347913766,0.2657780804318402,0.16457418477678326,0.09054594833460278,0.05910531818189257,0.08954900587216075,0.408
481,7.857142857142858,3187.5,34.09090909090909,2035,modest,moderate_re,1.8,solved,1970174186668.5923,585.6179834454783,559.0836905959086,1.8010000000000002,0.20993995815777375,626.589927756174,1.4393801290828592,0.5804193312307987,0.25500648399241793,0.16457418477678326,0.08085151153912278,0.05910531818189257,0.08954900587216075,1.208
482,7.857142857142858,3187.5,43.18181818181819,2035,modest,moderate_re,1.8,solved,1974468658533.5083,585.7147508164348,560.3023489235042,1.8010000000000002,0.1917211331546859,624.7679709962998,1.4561407705221303,0.5871376193344537,0.24828819588876286,0.16457418477678326,0.07480505224583323,0.05910531818189257,0.08954900587216075,0.375
483,7.857142857142858,3187.5,52.27272727272727,2035,modest,moderate_re,1.8,solved,1978211810574.8604,586.1205614763228,561.3645571647355,1.801,0.1908570235595501,621.7969710600753,1.4819937330703912,0.5878396809648583,0.24758613425835854,0.16457418477678326,0.0741731967784693,0.05910531818189257,0.08954900587216075,0.382
484,7.857142857142858,3187.5,61.36363636363637,2035,modest,moderate_re,1.8,solved,1981613902847.1233,585.7019306446372,562.3299816009072,1.8010000000000002,0.1731820459433744,620.3956973249227,1.4925495497604955,0.5970648412805696,0.23836097394264727,0.16457418477678326,0.06587055249432917,0.05910531818189257,0.08954900587216075,0.488
485,7.857142857142858,3187.5,70.45454545454547,2035,modest,moderate_re,1.8,solved,1984512910018.399,584.9284485324281,563.1526436981716,1.801,0.16440346088393729,617.5834045078424,1.5135728671710276,0.6013137288975894,0.23411208632562722,0.16457418477678326,0.06204655363901122,0.05910531818189257,0.08954900587216075,0.893
486,7.857142857142858,3187.5,79.54545454545455,2035,modest,moderate_re,1.8,solved,1987153909204.6711,583.7104575701564,563.902089905473,1.801,0.1454546669526234,616.6257938775196,1.5247303273400905,0.6087323870501344,0.22669342817308244,0.16457418477678326,0.055369761301720936,0.05910531818189257,0.08954900587216075,1.006
487,7.857142857142858,3187.5,88.63636363636364,2035,modest,moderate_re,1.8,solved,1989160204908.8125,582.6886779177695,564.4714239340518,1.8010000000000002,0.13379642269675754,619.0298271346477,1.5306786790629936,0.6235775116515584,0.21184830357165813,0.16457418477678326,0.04200914916043903,0.05910531818189257,0.08954900587216075,0.27
488,7.857142857142858,3187.5,97.72727272727273,2035,modest,moderate_re,1.8,solved,1991089689439.397,583.3814666753374,565.018960968902,1.8010000000000002,0.13379642269675754,619.3676893364941,1.5306786790629936,0.6235775116515584,0.21184830357165813,0.16457418477678326,0.04200914916043903,0.05910531818189257,0.08954900587216075,0.619
489,7.857142857142858,3187.5,106.81818181818183,2035,modest,moderate_re,1.8,solved,1992968712806.2893,583.2298863086106,565.5521784507807,1.8009999999999997,0.13286013913168357,618.4567294939852,1.5382390474662526,0.623764325557399,0.21166148966581783,0.16457418477678326,0.041841016645182735,0.05910531818189257,0.08954900587216075,0.378
490,7.857142857142858,3187.5,115.90909090909092,2035,modest,moderate_re,1.8,solved,1994683709322.6191,583.1560294594952,566.0388494203818,1.8010000000000004,0.12799587975390395,618.1485408419842,1.5419399050626343,0.623764325557399,0.21166148966581783,0.16457418477678326,0.041841016645182735,0.05910531818189257,0.08954900587216075,0.982
491,7.857142857142858,3187.5,125.0,2035,modest,moderate_re,1.8,solved,1996381771703.8113,583.6829080890498,566.5207149271796,1.8010000000000006,0.12726564573738317,619.2664997805159,1.5425752363952294,0.623764325557399,0.21166148966581783,0.16457418477678326,0.041841016645182735,0.05910531818189257,0.08954900587216075,0.494
492,7.857142857142858,3333.3333333333335,25.0,2035,modest,moderate_re,1.8,solved,1967937317275.0657,587.5307104504415,558.4489258099438,1.8010000000000002,0.23139086766676378,636.5383721984789,1.369999993807294,0.5696477347913766,0.2657780804318402,0.16457418477678326,0.09054594833460278,0.05910531818189257,0.08954900587216075,0.621
493,7.857142857142858,3333.3333333333335,34.09090909090909,2035,modest,moderate_re,1.8,solved,1973552839016.8447,587.8410575541068,560.0424633972594,1.8009999999999997,0.22030729750275402,630.6968134258422,1.431374674154974,0.5749401260581674,0.26048568916504916,0.16457418477678326,0.08578279619449093,0.05910531818189257,0.08954900587216075,0.467
494,7.857142857142858,3333.3333333333335,43.18181818181819,2035,modest,moderate_re,1.8,solved,1977875192046.6052,587.3705715346773,561.2690336671823,1.8010000000000002,0.19466231468881084,627.9702588337022,1.4537946101619488,0.5856631884512505,0.249762626771966,0.16457418477678326,0.07613204004071616,0.05910531818189257,0.08954900587216075,0.264
495,7.857142857142858,3333.3333333333335,52.27272727272727,2035,modest,moderate_re,1.8,solved,1981623843312.1565,587.5011439557834,562.3328024438127,1.801,0.1908570235595501,624.6091170248977,1.4819937330703912,0.5878396809648583,0.24758613425835854,0.16457418477678326,0.0741731967784693,0.05910531818189257,0.08954900587216075,0.286
496,7.857142857142858,3333.3333333333335,61.36363636363637,2035,modest,moderate_re,1.8,solved,1985048258656.097,587.6064782551119,563.3045615814455,1.8010000000000002,0.1782293609338177,623.8312881237276,1.4892040996713252,0.5947834865365914,0.24064232868662547,0.16457418477678326,0.06792377176390955,0.05910531818189257,0.08954900587216075,0.581
497,7.857142857142858,3333.3333333333335,70.45454545454547,2035,modest,moderate_re,1.8,solved,1987962752993.4534,586.3235962349953,564.1316185296971,1.801,0.16440346088393729,620.4210950218702,1.5135728671710276,0.6013137288975894,0.23411208632562722,0.16457418477678326,0.06204655363901122,0.05910531818189257,0.08954900587216075,0.368
498,7.857142857142858,3333.3333333333335,79.54545454545455,2035,modest,moderate_re,1.8,solved,1990625608267.1226,585.1138215134946,564.8872669205854,1.801,0.1454546669526234,619.4775489309619,1.5247303273400905,0.6087323870501344,0.22669342817308244,0.16457418477678326,0.055369761301720936,0.05910531818189257,0.08954900587216075,0.37
499,7.857142857142858,3333.3333333333335,88.63636363636364,2035,modest,moderate_re,1.8,solved,1992647595425.9133,584.0983714332458,565.4610537718819,1.8010000000000002,0.13379642269675754,621.9097260701467,1.5306786790629936,0.6235775116515584,0.21184830357165813,0.16457418477678326,0.04200914916043903,0.05910531818189257,0.08954900587216075,1.12
500,7.857142857142858,3333.3333333333335,97.72727272727273,2035,modest,moderate_re,1.8,solved,1994577079956.498,584.791160190814,566.0085908067322,1.8010000000000002,0.13379642269675754,622.2475882719933,1.5306786790629936,0.6235775116515584,0.21184830357165813,0.16457418477678326,0.04200914916043903,0.05910531818189257,0.08954900587216075,0.683
501,7.857142857142858,3333.3333333333335,106.81818181818183,2035,modest,moderate_re,1.8,solved,1996456826350.8809,584.6398137558452,566.5420134648235,1.8009999999999997,0.13286013913168357,621.3369825975142,1.5382390474662526,0.623764325557399,0.21166148966581783,0.16457418477678326,0.041841016645182735,0.05910531818189257,0.08954900587216075,0.466
502,7.857142857142858,3333.3333333333335,115.90909090909092,2035,modest,moderate_re,1.8,solved,1998173171864.8047,584.5662217826248,567.0290672445124,1.8010000000000004,0.12799587975390395,621.028793945513,1.5419399050626343,0.623764325557399,0.21166148966581783,0.16457418477678326,0.041841016645182735,0.05910531818189257,0.08954900587216075,0.393
503,7.857142857142858,3333.3333333333335,125.0,2035,modest,moderate_re,1.8,solved,1999871379285.3633,585.0931292698531,567.5109739096731,1.8010000000000006,0.12726564573738317,622.1467528840448,1.5425752363952294,0.623764325557399,0.21166148966581783,0.16457418477678326,0.041841016645182735,0.05910531818189257,0.08954900587216075,0.569
504,7.857142857142858,3479.166666666667,25.0,2035,modest,moderate_re,1.8,solved,1971300665181.2156,588.8921070089805,559.4033556125736,1.8010000000000002,0.23139086766676378,639.3160292653471,1.369999993807294,0.5696477347913766,0.2657780804318402,0.16457418477678326,0.09054594833460278,0.05910531818189257,0.08954900587216075,0.381
505,7.857142857142858,3479.166666666667,34.09090909090909,2035,modest,moderate_re,1.8,solved,1976930239225.4785,589.2080117084953,561.0008808742722,1.8009999999999997,0.220307297502754,633.484503984487,1.431374674154974,0.5749401260581674,0.26048568916504916,0.16457418477678326,0.08578279619449093,0.05910531818189257,0.08954900587216075,0.564
506,7.857142857142858,3479.166666666667,43.18181818181819,2035,modest,moderate_re,1.8,solved,1981281209120.1184,588.7488176016363,562.2355718588699,1.8010000000000002,0.19466231468881084,630.7782785314674,1.4537946101619488,0.5856631884512505,0.249762626771966,0.16457418477678326,0.07613204004071616,0.05910531818189257,0.08954900587216075,0.289
507,7.857142857142858,3479.166666666667,52.27272727272727,2035,modest,moderate_re,1.8,solved,1985035876049.4521,588.881726435244,563.3010477228897,1.801,0.1908570235595501,627.4212629897199,1.4819937330703912,0.5878396809648583,0.24758613425835854,0.16457418477678326,0.0741731967784693,0.05910531818189257,0.08954900587216075,0.931
508,7.857142857142858,3479.166666666667,61.36363636363637,2035,modest,moderate_re,1.8,solved,1988479280643.4036,588.994465254188,564.2781955109524,1.8010000000000002,0.1782293609338177,626.6565983866128,1.4892040996713252,0.5947834865365914,0.24064232868662547,0.16457418477678326,0.06792377176390955,0.05910531818189257,0.08954900587216075,0.565
509,7.857142857142858,3479.166666666667,70.45454545454547,2035,modest,moderate_re,1.8,solved,1991412595968.508,587.7187439375625,565.1105933612226,1.801,0.16440346088393729,623.2587855358985,1.5135728671710276,0.6013137288975894,0.23411208632562722,0.16457418477678326,0.06204655363901122,0.05910531818189257,0.08954900587216075,1.275
510,7.857142857142858,3479.166666666667,79.54545454545455,2035,modest,moderate_re,1.8,solved,1994096481790.4739,586.7201356139815,565.8722096693826,1.8010000000000006,0.14723809309460284,622.5272220601922,1.5236995659657693,0.6080232516258322,0.22740256359738473,0.16457418477678326,0.05600798318359288,0.05910531818189257,0.08954900587216075,7.907
511,7.857142857142858,3479.166666666667,88.63636363636364,2035,modest,moderate_re,1.8,solved,1996134985943.0142,585.5080649487227,566.450683609712,1.8010000000000002,0.13379642269675754,624.7896250056461,1.5306786790629936,0.6235775116515584,0.21184830357165813,0.16457418477678326,0.04200914916043903,0.05910531818189257,0.08954900587216075,0.678
512,7.857142857142858,3479.166666666667,97.72727272727273,2035,modest,moderate_re,1.8,solved,1998064470473.5986,586.2008537062907,566.9982206445621,1.8010000000000002,0.13379642269675754,625.1274872074927,1.5306786790629936,0.6235775116515584,0.21184830357165813,0.16457418477678326,0.04200914916043903,0.05910531818189257,0.08954900587216075,0.597
513,7.857142857142858,3479.166666666667,106.81818181818183,2035,modest,moderate_re,1.8,solved,1999944939895.4724,586.0497412030794,567.5318484788663,1.8009999999999997,0.13286013913168357,624.217235701043,1.5382390474662526,0.623764325557399,0.21166148966581783,0.16457418477678326,0.041841016645182735,0.05910531818189257,0.08954900587216075,0.639
514,7.857142857142858,3479.166666666667,115.90909090909092,2035,modest,moderate_re,1.8,solved,2001662634406.99,585.9764141057543,568.019285068643,1.8010000000000004,0.12799587975390395,623.909047049042,1.5419399050626343,0.623764325557399,0.21166148966581783,0.16457418477678326,0.041841016645182735,0.05910531818189257,0.08954900587216075,0.688
515,7.857142857142858,3479.166666666667,125.0,2035,modest,moderate_re,1.8,solved,2003360986866.9163,586.5033504506563,568.501232892167,1.8010000000000006,0.12726564573738317,625.0270059875737,1.5425752363952294,0.623764325557399,0.21166148966581783,0.16457418477678326,0.041841016645182735,0.05910531818189257,0.08954900587216075,0.578
516,7.857142857142858,3625.0,25.0,2035,modest,moderate_re,1.8,solved,1974663504822.3254,590.3512334040315,560.3576411829338,1.801,0.2321392138412615,642.140399603077,1.3698993124246406,0.5686922957083311,0.2667335195148854,0.16457418477678326,0.09140584350934353,0.05910531818189257,0.08954900587216075,0.818
517,7.857142857142858,3625.0,34.09090909090909,2035,modest,moderate_re,1.8,solved,1980307639434.1133,590.5749658628837,561.959298351285,1.8009999999999997,0.22030729750275402,636.2721945431321,1.431374674154974,0.5749401260581674,0.26048568916504916,0.16457418477678326,0.08578279619449093,0.05910531818189257,0.08954900587216075,0.482
518,7.857142857142858,3625.0,43.18181818181819,2035,modest,moderate_re,1.8,solved,1984687226193.6323,590.1270636685955,563.2021100505578,1.8010000000000002,0.19466231468881084,633.5862982292327,1.4537946101619486,0.5856631884512505,0.249762626771966,0.16457418477678326,0.07613204004071616,0.05910531818189257,0.08954900587216075,0.258
519,7.857142857142858,3625.0,52.27272727272727,2035,modest,moderate_re,1.8,solved,1988447908786.7473,590.2623089147044,564.2692930019666,1.801,0.1908570235595501,630.2334089545421,1.4819937330703912,0.5878396809648583,0.24758613425835854,0.16457418477678326,0.0741731967784693,0.05910531818189257,0.08954900587216075,0.469
520,7.857142857142858,3625.0,61.36363636363637,2035,modest,moderate_re,1.8,solved,1991910302630.7097,590.3824522532638,565.2518294404591,1.8010000000000002,0.1782293609338177,629.4819086494985,1.4892040996713252,0.5947834865365914,0.24064232868662547,0.16457418477678326,0.06792377176390955,0.05910531818189257,0.08954900587216075,0.502
521,7.857142857142858,3625.0,70.45454545454547,2035,modest,moderate_re,1.8,solved,1994861703047.271,590.1298730193926,566.0893593647078,1.8010000000000004,0.17388268129683473,627.0824196923767,1.5083760196998721,0.59724407672983,0.23818173849338647,0.16457418477678326,0.06570924058999458,0.05910531818189257,0.08954900587216075,0.359
522,7.857142857142858,3625.0,79.54545454545455,2035,modest,moderate_re,1.8,solved,1997559399852.504,589.7609918565526,566.8548948671948,1.8010000000000002,0.1610179120223691,626.8964786890797,1.515735285998379,0.6025440464532008,0.23288176877001598,0.16457418477678326,0.06093926783896103,0.05910531818189257,0.08954900587216075,0.265
523,7.857142857142858,3625.0,88.63636363636364,2035,modest,moderate_re,1.8,solved,1999622376460.1155,586.9177584641992,567.4403134475423,1.8010000000000002,0.13379642269675754,627.6695239411451,1.5306786790629936,0.6235775116515584,0.21184830357165813,0.16457418477678326,0.04200914916043903,0.05910531818189257,0.08954900587216075,0.574
524,7.857142857142858,3625.0,97.72727272727273,2035,modest,moderate_re,1.8,solved,2001551860990.7,587.6105472217673,567.9878504823924,1.8010000000000002,0.13379642269675754,628.0073861429915,1.5306786790629936,0.6235775116515584,0.21184830357165813,0.16457418477678326,0.04200914916043903,0.05910531818189257,0.08954900587216075,0.459
525,7.857142857142858,3625.0,106.81818181818183,2035,modest,moderate_re,1.8,solved,2003433053440.0637,587.4596686503138,568.521683492909,1.8009999999999997,0.13286013913168357,627.097488804572,1.5382390474662526,0.623764325557399,0.21166148966581783,0.16457418477678326,0.041841016645182735,0.05910531818189257,0.08954900587216075,0.507
526,7.857142857142858,3625.0,115.90909090909092,2035,modest,moderate_re,1.8,solved,2005152096949.1753,587.3866064288839,569.0095028927734,1.8010000000000004,0.12799587975390395,626.7893001525713,1.5419399050626343,0.623764325557399,0.21166148966581783,0.16457418477678326,0.041841016645182735,0.05910531818189257,0.08954900587216075,0.574
527,7.857142857142858,3625.0,125.0,2035,modest,moderate_re,1.8,solved,2006850594448.4685,587.9135716314596,569.4914918746606,1.8010000000000006,0.12726564573738317,627.9072590911024,1.5425752363952294,0.623764325557399,0.21166148966581783,0.16457418477678326,0.041841016645182735,0.05910531818189257,0.08954900587216075,0.483
528,7.857142857142858,3770.8333333333335,25.0,2035,modest,moderate_re,1.8,solved,1978024231313.1018,591.7116082854958,561.311327096728,1.801,0.2321392138412615,644.9162453166837,1.3698993124246406,0.5686922957083311,0.2667335195148854,0.16457418477678326,0.09140584350934353,0.05910531818189257,0.08954900587216075,0.501
529,7.857142857142858,3770.8333333333335,34.09090909090909,2035,modest,moderate_re,1.8,solved,1983685039642.7468,591.9419200172723,562.9177158282977,1.8009999999999997,0.220307297502754,639.0598851017769,1.431374674154974,0.5749401260581674,0.26048568916504916,0.16457418477678326,0.08578279619449093,0.05910531818189257,0.08954900587216075,0.479
530,7.857142857142858,3770.8333333333335,43.18181818181819,2035,modest,moderate_re,1.8,solved,1988093243267.1462,591.5053097355545,564.1686482422457,1.8010000000000002,0.19466231468881084,636.3943179269979,1.4537946101619488,0.5856631884512505,0.249762626771966,0.16457418477678326,0.07613204004071616,0.05910531818189257,0.08954900587216075,0.378
531,7.857142857142858,3770.8333333333335,52.27272727272727,2035,modest,moderate_re,1.8,solved,1991859941524.0432,591.6428913941648,565.2375382810437,1.801,0.1908570235595501,633.0455549193646,1.4819937330703912,0.5878396809648583,0.24758613425835854,0.16457418477678326,0.0741731967784693,0.05910531818189257,0.08954900587216075,0.792
532,7.857142857142858,3770.8333333333335,61.36363636363637,2035,modest,moderate_re,1.8,solved,1995339403379.3516,591.9470276044904,566.2249181728912,1.8010000000000002,0.17997056534733544,632.5117830919628,1.488049998437006,0.5939964730538715,0.24142934216934533,0.16457418477678326,0.06863208389835745,0.05910531818189257,0.08954900587216075,0.593
533,7.857142857142858,3770.8333333333335,70.45454545454547,2035,modest,moderate_re,1.8,solved,1998299755926.2083,591.5205470719459,567.064988476604,1.801,0.17388268129683462,629.9123948241697,1.5083760196998721,0.59724407672983,0.23818173849338647,0.16457418477678326,0.06570924058999458,0.05910531818189257,0.08954900587216075,0.288
534,7.857142857142858,3770.8333333333335,79.54545454545455,2035,modest,moderate_re,1.8,solved,2001012867462.5623,591.1575021485604,567.8348982749391,1.8010000000000002,0.1610179120223691,629.73650168014,1.515735285998379,0.6025440464532008,0.23288176877001598,0.16457418477678326,0.06093926783896103,0.05910531818189257,0.08954900587216075,0.248
535,7.857142857142858,3770.8333333333335,88.63636363636364,2035,modest,moderate_re,1.8,solved,2003109766977.216,588.327451979676,568.4299432853722,1.8010000000000002,0.13379642269675754,630.5494228766441,1.5306786790629936,0.6235775116515584,0.21184830357165813,0.16457418477678326,0.04200914916043903,0.05910531818189257,0.08954900587216075,0.378
536,7.857142857142858,3770.8333333333335,97.72727272727273,2035,modest,moderate_re,1.8,solved,2005039251507.8005,589.0202407372439,568.9774803202224,1.8010000000000002,0.13379642269675754,630.8872850784908,1.5306786790629936,0.6235775116515584,0.21184830357165813,0.16457418477678326,0.04200914916043903,0.05910531818189257,0.08954900587216075,0.391
537,7.857142857142858,3770.8333333333335,106.81818181818183,2035,modest,moderate_re,1.8,solved,2006921166984.6543,588.8695960975483,569.5115185069516,1.8009999999999997,0.13286013913168357,629.9777419081008,1.5382390474662526,0.623764325557399,0.21166148966581783,0.16457418477678326,0.041841016645182735,0.05910531818189257,0.08954900587216075,0.478
538,7.857142857142858,3770.8333333333335,115.90909090909092,2035,modest,moderate_re,1.8,solved,2008641559491.36,588.7967987520134,569.9997207169039,1.8010000000000004,0.12799587975390395,629.6695532561001,1.5419399050626343,0.623764325557399,0.21166148966581783,0.16457418477678326,0.041841016645182735,0.05910531818189257,0.08954900587216075,0.259
539,7.857142857142858,3770.8333333333335,125.0,2035,modest,moderate_re,1.8,solved,2010340202030.021,589.3237928122627,570.4817508571543,1.8010000000000006,0.12726564573738317,630.7875121946317,1.5425752363952294,0.623764325557399,0.21166148966581783,0.16457418477678326,0.041841016645182735,0.05910531818189257,0.08954900587216075,0.565
540,7.857142857142858,3916.666666666667,25.0,2035,modest,moderate_re,1.8,solved,1981365107317.9624,593.1127556253956,562.2593799639615,1.8010000000000004,0.2344016840162559,646.9035444682975,1.3666769946012263,0.569386936630791,0.2660388785924258,0.16457418477678326,0.0914058435093433,0.05910531818189257,0.08892382904194733,0.668
541,7.857142857142858,3916.666666666667,34.09090909090909,2035,modest,moderate_re,1.8,solved,1987062439851.381,593.3088741716608,563.8761333053104,1.8009999999999997,0.22030729750275402,641.847575660422,1.431374674154974,0.5749401260581674,0.26048568916504916,0.16457418477678326,0.08578279619449093,0.05910531818189257,0.08954900587216075,1.006
542,7.857142857142858,3916.666666666667,43.18181818181819,2035,modest,moderate_re,1.8,solved,1991499260340.6597,592.8835558025135,565.1351864339334,1.8010000000000002,0.19466231468881084,639.2023376247631,1.4537946101619486,0.5856631884512505,0.249762626771966,0.16457418477678326,0.07613204004071616,0.05910531818189257,0.08954900587216075,1.012
543,7.857142857142858,3916.666666666667,52.27272727272727,2035,modest,moderate_re,1.8,solved,1995271974261.3386,593.0234738736253,566.2057835601207,1.801,0.1908570235595501,635.8577008841868,1.4819937330703912,0.5878396809648583,0.24758613425835854,0.16457418477678326,0.0741731967784693,0.05910531818189257,0.08954900587216075,0.444
544,7.857142857142858,3916.666666666667,61.36363636363637,2035,modest,moderate_re,1.8,solved,1998768176553.9446,593.3341551563809,567.1979139484115,1.8010000000000002,0.17997056534733544,635.3356013084539,1.488049998437006,0.5939964730538715,0.24142934216934533,0.16457418477678326,0.06863208389835745,0.05910531818189257,0.08954900587216075,0.558
545,7.857142857142858,3916.666666666667,70.45454545454547,2035,modest,moderate_re,1.8,solved,2001737808805.1448,592.9112211244991,568.0406175884998,1.801,0.17388268129683462,632.7423699559631,1.5083760196998721,0.59724407672983,0.23818173849338647,0.16457418477678326,0.06570924058999458,0.05910531818189257,0.08954900587216075,0.752
546,7.857142857142858,3916.666666666667,79.54545454545455,2035,modest,moderate_re,1.8,solved,2004466335072.6206,592.554012440568,568.8149016826833,1.8010000000000002,0.1610179120223691,632.5765246712008,1.515735285998379,0.6025440464532008,0.23288176877001598,0.16457418477678326,0.06093926783896103,0.05910531818189257,0.08954900587216075,0.258
547,7.857142857142858,3916.666666666667,88.63636363636364,2035,modest,moderate_re,1.8,solved,2006597157494.317,589.7371454951526,569.4195731232024,1.8010000000000002,0.13379642269675754,633.4293218121434,1.5306786790629936,0.6235775116515584,0.21184830357165813,0.16457418477678326,0.04200914916043903,0.05910531818189257,0.08954900587216075,0.689
548,7.857142857142858,3916.666666666667,97.72727272727273,2035,modest,moderate_re,1.8,solved,2008526642024.9006,590.4299342527205,569.9671101580524,1.8010000000000002,0.13379642269675754,633.7671840139899,1.5306786790629936,0.6235775116515584,0.21184830357165813,0.16457418477678326,0.04200914916043903,0.05910531818189257,0.08954900587216075,0.383
549,7.857142857142858,3916.666666666667,106.81818181818183,2035,modest,moderate_re,1.8,solved,2010409280529.246,590.2795235447827,570.5013535209944,1.8009999999999997,0.13286013913168357,632.8579950116298,1.5382390474662526,0.623764325557399,0.21166148966581783,0.16457418477678326,0.041841016645182735,0.05910531818189257,0.08954900587216075,0.59
550,7.857142857142858,3916.666666666667,115.90909090909092,2035,modest,moderate_re,1.8,solved,2012131022033.5457,590.2069910751429,570.9899385410345,1.8010000000000004,0.12799587975390395,632.549806359629,1.5419399050626343,0.623764325557399,0.21166148966581783,0.16457418477678326,0.041841016645182735,0.05910531818189257,0.08954900587216075,0.396
551,7.857142857142858,3916.666666666667,125.0,2035,modest,moderate_re,1.8,solved,2013829809611.5735,590.7340139930661,571.4720098396481,1.8010000000000006,0.12726564573738317,633.6677652981607,1.5425752363952294,0.623764325557399,0.21166148966581783,0.16457418477678326,0.041841016645182735,0.05910531818189257,0.08954900587216075,0.296
552,7.857142857142858,4062.5,25.0,2035,modest,moderate_re,1.8,solved,1984527854267.1528,594.2431873403577,563.1568844834803,1.801,0.28314367865504664,626.6104786784132,1.3493924870915075,0.5856081492020405,0.24981766602117605,0.16457418477678326,0.09054594833460278,0.05910531818189257,0.07518463290256312,0.761
553,7.857142857142858,4062.5,34.09090909090909,2035,modest,moderate_re,1.8,solved,1990439840060.0151,594.6758283260492,564.8345507823232,1.8009999999999997,0.22030729750275402,644.635266219067,1.431374674154974,0.5749401260581674,0.26048568916504916,0.16457418477678326,0.08578279619449093,0.05910531818189257,0.08954900587216075,0.394
554,7.857142857142858,4062.5,43.18181818181819,2035,modest,moderate_re,1.8,solved,1994905277414.1736,594.2618018694724,566.1017246256214,1.8010000000000002,0.19466231468881084,642.0103573225284,1.4537946101619488,0.5856631884512505,0.249762626771966,0.16457418477678326,0.07613204004071616,0.05910531818189257,0.08954900587216075,0.932
555,7.857142857142858,4062.5,52.27272727272727,2035,modest,moderate_re,1.8,solved,1998684006998.6345,594.4040563530859,567.1740288391978,1.801,0.1908570235595501,638.669846849009,1.4819937330703912,0.5878396809648583,0.24758613425835854,0.16457418477678326,0.0741731967784693,0.05910531818189257,0.08954900587216075,0.398
556,7.857142857142858,4062.5,61.36363636363637,2035,modest,moderate_re,1.8,solved,2002196949728.5374,594.7212827082717,568.1709097239318,1.8010000000000002,0.17997056534733544,638.1594195249448,1.488049998437006,0.5939964730538715,0.24142934216934533,0.16457418477678326,0.06863208389835745,0.05910531818189257,0.08954900587216075,0.379
557,7.857142857142858,4062.5,70.45454545454547,2035,modest,moderate_re,1.8,solved,2005175861684.0825,594.3018951770525,569.0162467003961,1.801,0.17388268129683462,635.5723450877565,1.5083760196998721,0.59724407672983,0.23818173849338647,0.16457418477678326,0.06570924058999458,0.05910531818189257,0.08954900587216075,0.256
558,7.857142857142858,4062.5,79.54545454545455,2035,modest,moderate_re,1.8,solved,2007919802682.6792,593.9505227325759,569.7949050904275,1.8010000000000002,0.1610179120223691,635.4165476622613,1.515735285998379,0.6025440464532008,0.23288176877001598,0.16457418477678326,0.06093926783896103,0.05910531818189257,0.08954900587216075,0.241
559,7.857142857142858,4062.5,88.63636363636364,2035,modest,moderate_re,1.8,solved,2010084548011.418,591.1468390106292,570.4092029610325,1.8010000000000002,0.13379642269675754,636.3092207476424,1.5306786790629936,0.6235775116515584,0.21184830357165813,0.16457418477678326,0.04200914916043903,0.05910531818189257,0.08954900587216075,0.346
560,7.857142857142858,4062.5,97.72727272727273,2035,modest,moderate_re,1.8,solved,2012014032542.0024,591.8396277681971,570.9567399958827,1.8010000000000002,0.13379642269675754,636.6470829494892,1.5306786790629936,0.6235775116515584,0.21184830357165813,0.16457418477678326,0.04200914916043903,0.05910531818189257,0.08954900587216075,0.487
561,7.857142857142858,4062.5,106.81818181818183,2035,modest,moderate_re,1.8,solved,2013897394073.8374,591.6894509920169,571.491188535037,1.8009999999999997,0.13286013913168357,635.738248115159,1.5382390474662526,0.623764325557399,0.21166148966581783,0.16457418477678326,0.041841016645182735,0.05910531818189257,0.08954900587216075,0.68
562,7.857142857142858,4062.5,115.90909090909092,2035,modest,moderate_re,1.8,solved,2015620484575.7307,591.6171833982722,571.9801563651649,1.8010000000000004,0.12799587975390395,635.4300594631578,1.5419399050626343,0.623764325557399,0.21166148966581783,0.16457418477678326,0.041841016645182735,0.05910531818189257,0.08954900587216075,0.394
563,7.857142857142858,4062.5,125.0,2035,modest,moderate_re,1.8,solved,2017319417193.126,592.1442351738691,572.4622688221418,1.8010000000000006,0.12726564573738317,636.5480184016895,1.5425752363952294,0.623764325557399,0.21166148966581783,0.16457418477678326,0.041841016645182735,0.05910531818189257,0.08954900587216075,0.382
564,7.857142857142858,4208.333333333334,25.0,2035,modest,moderate_re,1.8,solved,1987350669727.732,594.9684695901857,563.9579253743065,1.8009999999999995,0.28494440205841665,625.3474991360373,1.3490924448862551,0.5901387911632534,0.24528702405996328,0.16457418477678326,0.08838298065571029,0.05910531818189257,0.07327002281636412,0.551
565,7.857142857142858,4208.333333333334,34.09090909090909,2035,modest,moderate_re,1.8,solved,1993817240268.649,596.042782480438,565.7929682593358,1.8009999999999997,0.22030729750275402,647.4229567777119,1.431374674154974,0.5749401260581674,0.26048568916504916,0.16457418477678326,0.08578279619449093,0.05910531818189257,0.08954900587216075,0.489
566,7.857142857142858,4208.333333333334,43.18181818181819,2035,modest,moderate_re,1.8,solved,1998311294487.687,595.6400479364314,567.0682628173091,1.8010000000000002,0.19466231468881084,644.8183770202934,1.4537946101619488,0.5856631884512505,0.249762626771966,0.16457418477678326,0.07613204004071616,0.05910531818189257,0.08954900587216075,0.472
567,7.857142857142858,4208.333333333334,52.27272727272727,2035,modest,moderate_re,1.8,solved,2002095081875.068,595.924337302141,568.142002302519,1.8010000000000004,0.19234098715693917,641.6437172275893,1.4810395115487436,0.5871376193344537,0.24828819588876286,0.16457418477678326,0.07480505224583323,0.05910531818189257,0.08954900587216075,0.375
568,7.857142857142858,4208.333333333334,61.36363636363637,2035,modest,moderate_re,1.8,solved,2005625706674.547,596.2030329122382,569.1439008942064,1.8010000000000004,0.1810266404838426,641.0855080857851,1.4875378347061092,0.5933188861374896,0.24210692908572726,0.16457418477678326,0.06924191212310116,0.05910531818189257,0.08954900587216075,0.834
569,7.857142857142858,4208.333333333334,70.45454545454547,2035,modest,moderate_re,1.8,solved,2008613914563.0188,595.6925692296056,569.9918758122919,1.801,0.17388268129683462,638.4023202195498,1.5083760196998721,0.59724407672983,0.23818173849338647,0.16457418477678326,0.06570924058999458,0.05910531818189257,0.08954900587216075,0.574
570,7.857142857142858,4208.333333333334,79.54545454545455,2035,modest,moderate_re,1.8,solved,2011373270292.7375,595.3470330245837,570.7749084981717,1.8010000000000002,0.1610179120223691,638.2565706533219,1.515735285998379,0.6025440464532008,0.23288176877001598,0.16457418477678326,0.06093926783896103,0.05910531818189257,0.08954900587216075,0.501
571,7.857142857142858,4208.333333333334,88.63636363636364,2035,modest,moderate_re,1.8,solved,2013571938528.5183,592.5565325261059,571.3988327988625,1.8010000000000002,0.13379642269675754,639.1891196831416,1.5306786790629936,0.6235775116515584,0.21184830357165813,0.16457418477678326,0.04200914916043903,0.05910531818189257,0.08954900587216075,0.509
572,7.857142857142858,4208.333333333334,97.72727272727273,2035,modest,moderate_re,1.8,solved,2015501423059.1033,593.2493212836738,571.9463698337129,1.8010000000000002,0.13379642269675754,639.5269818849882,1.5306786790629936,0.6235775116515584,0.21184830357165813,0.16457418477678326,0.04200914916043903,0.05910531818189257,0.08954900587216075,0.804
573,7.857142857142858,4208.333333333334,106.81818181818183,2035,modest,moderate_re,1.8,solved,2017385507618.429,593.0993784392514,572.4810235490799,1.8009999999999997,0.13286013913168357,638.6185012186879,1.5382390474662526,0.623764325557399,0.21166148966581783,0.16457418477678326,0.041841016645182735,0.05910531818189257,0.08954900587216075,0.395
574,7.857142857142858,4208.333333333334,115.90909090909092,2035,modest,moderate_re,1.8,solved,2019109947117.916,593.0273757214018,572.9703741892955,1.8010000000000004,0.12799587975390395,638.3103125666868,1.5419399050626343,0.623764325557399,0.21166148966581783,0.16457418477678326,0.041841016645182735,0.05910531818189257,0.08954900587216075,0.262
575,7.857142857142858,4208.333333333334,125.0,2035,modest,moderate_re,1.8,solved,2020808891836.6511,593.6144382861044,573.4524900803148,1.8010000000000004,0.12799587975390395,638.606917742666,1.5419399050626343,0.623764325557399,0.21166148966581783,0.16457418477678326,0.041841016645182735,0.05910531818189257,0.08954900587216075,0.803
576,7.857142857142858,4354.166666666667,25.0,2035,modest,moderate_re,1.8,solved,1990128480850.6404,595.9375789352331,564.7461952160711,1.8009999999999995,0.28516876571411576,626.6458101244459,1.3501881919378125,0.5901387911632534,0.24528702405996328,0.16457418477678326,0.08892735061642178,0.05910531818189257,0.0727256528556526,0.263
577,7.857142857142858,4354.166666666667,34.09090909090909,2035,modest,moderate_re,1.8,solved,1996832633820.0496,597.8301687792763,566.6486577545712,1.801,0.2673828890727279,629.6899061463439,1.3824876909017245,0.5901387911632533,0.24528702405996328,0.16457418477678326,0.08578279619449088,0.05910531818189257,0.07587020727758355,0.597
578,7.857142857142858,4354.166666666667,43.18181818181819,2035,modest,moderate_re,1.8,solved,2001717311561.201,597.0182940033903,568.034801008997,1.8010000000000002,0.19466231468881084,647.6263967180587,1.4537946101619488,0.5856631884512505,0.249762626771966,0.16457418477678326,0.07613204004071616,0.05910531818189257,0.08954900587216075,0.57
579,7.857142857142858,4354.166666666667,52.27272727272727,2035,modest,moderate_re,1.8,solved,2005505144309.3516,597.3041600182638,569.1096884613481,1.8010000000000004,0.19234098715693917,644.4545322005705,1.4810395115487436,0.5871376193344537,0.24828819588876286,0.16457418477678326,0.07480505224583323,0.05910531818189257,0.08954900587216075,0.458
580,7.857142857142858,4354.166666666667,61.36363636363637,2035,modest,moderate_re,1.8,solved,2009052671558.5122,597.5894469317499,570.1163835243384,1.8010000000000004,0.1810266404838426,643.9080417104138,1.4875378347061092,0.5933188861374896,0.24210692908572726,0.16457418477678326,0.06924191212310116,0.05910531818189257,0.08954900587216075,0.479
581,7.857142857142858,4354.166666666667,70.45454545454547,2035,modest,moderate_re,1.8,solved,2012051967441.956,597.0832432821587,570.967504924188,1.801,0.17388268129683462,641.2322953513433,1.5083760196998721,0.59724407672983,0.23818173849338647,0.16457418477678326,0.06570924058999458,0.05910531818189257,0.08954900587216075,0.927
582,7.857142857142858,4354.166666666667,79.54545454545455,2035,modest,moderate_re,1.8,solved,2014826737902.796,596.7435433165913,571.754911905916,1.8010000000000002,0.1610179120223691,641.0965936443824,1.515735285998379,0.6025440464532008,0.23288176877001598,0.16457418477678326,0.06093926783896103,0.05910531818189257,0.08954900587216075,0.483
583,7.857142857142858,4354.166666666667,88.63636363636364,2035,modest,moderate_re,1.8,solved,2017059329045.6199,593.9662260415823,572.3884626366928,1.8010000000000002,0.13379642269675754,642.0690186186408,1.5306786790629936,0.6235775116515584,0.21184830357165813,0.16457418477678326,0.04200914916043903,0.05910531818189257,0.08954900587216075,0.288
584,7.857142857142858,4354.166666666667,97.72727272727273,2035,modest,moderate_re,1.8,solved,2018988813576.2043,594.6590147991506,572.9359996715431,1.8010000000000002,0.13379642269675754,642.4068808204873,1.5306786790629936,0.6235775116515584,0.21184830357165813,0.16457418477678326,0.04200914916043903,0.05910531818189257,0.08954900587216075,0.574
585,7.857142857142858,4354.166666666667,106.81818181818183,2035,modest,moderate_re,1.8,solved,2020873198258.5012,594.5618924102607,573.470738553927,1.8010000000000002,0.13332450260499804,641.5372471581961,1.5380675941521549,0.6235775116515584,0.21184830357165813,0.16457418477678326,0.04200914916043903,0.05910531818189257,0.08954900587216075,0.366
586,7.857142857142858,4354.166666666667,115.90909090909092,2035,modest,moderate_re,1.8,solved,2022599409660.101,594.4375680445314,573.960592013426,1.8010000000000004,0.12799587975390395,641.1905656702158,1.5419399050626343,0.623764325557399,0.21166148966581783,0.16457418477678326,0.041841016645182735,0.05910531818189257,0.08954900587216075,0.262
587,7.857142857142858,4354.166666666667,125.0,2035,modest,moderate_re,1.8,solved,2024298354378.836,595.0246306092339,574.4427079044451,1.8010000000000004,0.12799587975390395,641.487170846195,1.5419399050626343,0.623764325557399,0.21166148966581783,0.16457418477678326,0.041841016645182735,0.05910531818189257,0.08954900587216075,0.563
588,7.857142857142858,4500.0,25.0,2035,modest,moderate_re,1.8,solved,1992906145762.4695,597.0838763293134,565.5344235669714,1.8009999999999995,0.28516876571411576,629.143372084748,1.3501881919378125,0.5901387911632534,0.24528702405996328,0.16457418477678326,0.08892735061642178,0.05910531818189257,0.0727256528556526,0.715
589,7.857142857142858,4500.0,34.09090909090909,2035,modest,moderate_re,1.8,solved,1999708942897.6204,599.2435594196957,567.4648787289724,1.8010000000000002,0.27210264727722766,631.497859691224,1.3759233836479035,0.5901387911632534,0.24528702405996328,0.16457418477678326,0.08661239764066374,0.05910531818189257,0.07504060583141066,0.359
590,7.857142857142858,4500.0,43.18181818181819,2035,modest,moderate_re,1.8,solved,2005122961236.58,598.4500899284055,569.0012349427434,1.8010000000000002,0.19505455900336224,651.1650762035006,1.4538374874435884,0.5852251541956855,0.25020066102753097,0.16457418477678326,0.07652627087072456,0.05910531818189257,0.08954900587216075,0.582
591,7.857142857142858,4500.0,52.27272727272727,2035,modest,moderate_re,1.8,solved,2008915206743.6345,598.6839827343867,570.0773746201771,1.8010000000000004,0.19234098715693917,647.2653471735518,1.4810395115487436,0.5871376193344537,0.24828819588876286,0.16457418477678326,0.07480505224583323,0.05910531818189257,0.08954900587216075,1.34
592,7.857142857142858,4500.0,61.36363636363637,2035,modest,moderate_re,1.8,solved,2012479636442.4768,598.9758609512618,571.0888661544703,1.8010000000000004,0.1810266404838426,646.7305753350425,1.4875378347061092,0.5933188861374896,0.24210692908572726,0.16457418477678326,0.06924191212310116,0.05910531818189257,0.08954900587216075,0.581
593,7.857142857142858,4500.0,70.45454545454547,2035,modest,moderate_re,1.8,solved,2015490020320.8933,598.4739173347122,571.9431340360842,1.801,0.17388268129683462,644.0622704831366,1.5083760196998721,0.59724407672983,0.23818173849338647,0.16457418477678326,0.06570924058999458,0.05910531818189257,0.08954900587216075,0.5
594,7.857142857142858,4500.0,79.54545454545455,2035,modest,moderate_re,1.8,solved,2018278661847.8875,598.4997419718941,572.7344772620845,1.8010000000000004,0.1641120748810006,644.2636681133926,1.5139469621169097,0.6013137288975894,0.23411208632562722,0.16457418477678326,0.06204655363901122,0.05910531818189257,0.08954900587216075,0.864
595,7.857142857142858,4500.0,88.63636363636364,2035,modest,moderate_re,1.8,solved,2020546719562.7205,595.375919557059,573.3780924745229,1.8010000000000002,0.13379642269675754,644.9489175541397,1.5306786790629936,0.6235775116515584,0.21184830357165813,0.16457418477678326,0.04200914916043903,0.05910531818189257,0.08954900587216075,0.803
596,7.857142857142858,4500.0,97.72727272727273,2035,modest,moderate_re,1.8,solved,2022476204093.3047,596.0687083146271,573.925629509373,1.8010000000000002,0.13379642269675754,645.2867797559862,1.5306786790629936,0.6235775116515584,0.21184830357165813,0.16457418477678326,0.04200914916043903,0.05910531818189257,0.08954900587216075,0.797
597,7.857142857142858,4500.0,106.81818181818183,2035,modest,moderate_re,1.8,solved,2024360758184.448,595.9716124711024,574.4604164655383,1.8010000000000002,0.13332450260499804,644.4171460936952,1.5380675941521549,0.6235775116515584,0.21184830357165813,0.16457418477678326,0.04200914916043903,0.05910531818189257,0.08954900587216075,0.586
598,7.857142857142858,4500.0,115.90909090909092,2035,modest,moderate_re,1.8,solved,2026088872202.286,595.8477603676608,574.9508098375563,1.8010000000000004,0.12799587975390395,644.0708187737448,1.5419399050626343,0.623764325557399,0.21166148966581783,0.16457418477678326,0.041841016645182735,0.05910531818189257,0.08954900587216075,0.353
599,7.857142857142858,4500.0,125.0,2035,modest,moderate_re,1.8,solved,2027787816921.0217,596.4348229323634,575.4329257285758,1.8010000000000004,0.12799587975390395,644.3674239497242,1.5419399050626343,0.623764325557399,0.21166148966581783,0.16457418477678326,0.041841016645182735,0.05910531818189257,0.08954900587216075,0.47
600,10.714285714285715,1000.0,25.0,2035,modest,moderate_re,1.8,solved,1925940820326.217,568.4456690862469,546.5314229489587,1.8010000000000004,0.22599604031466214,593.3174198575085,1.373628310056476,0.5749401260581674,0.26048568916504916,0.16457418477678326,0.08578279619449093,0.05910531818189257,0.08954900587216075,0.678
601,10.714285714285715,1000.0,34.09090909090909,2035,modest,moderate_re,1.8,solved,1931099609406.2043,567.2467646628211,547.9953518022354,1.8009999999999997,0.1983104473445459,586.0709320202425,1.4465742312576748,0.5877890544230743,0.24763676080014227,0.16457418477678326,0.0742187606660747,0.05910531818189257,0.08954900587216075,0.611
602,10.714285714285715,1000.0,43.18181818181819,2035,modest,moderate_re,1.8,solved,1935257194439.0225,568.39951381286,549.1751652420028,1.801,0.19282694496769964,585.8776232667327,1.45346317045297,0.5878396809648583,0.24758613425835854,0.16457418477678326,0.0741731967784693,0.05910531818189257,0.08954900587216075,0.366
603,10.714285714285715,1000.0,52.27272727272727,2035,modest,moderate_re,1.8,solved,1938850101750.5754,567.620637812864,550.1947379748628,1.801,0.18059164670233013,581.4304371062411,1.4861446156642937,0.5947834865365914,0.24064232868662547,0.16457418477678326,0.06792377176390955,0.05910531818189257,0.08954900587216075,0.468
604,10.714285714285715,1000.0,61.36363636363637,2035,modest,moderate_re,1.8,solved,1942055400941.4475,567.1220218326915,551.1043177030019,1.8010000000000004,0.16339060033595137,579.5871985379413,1.4992053084036105,0.6013137288975894,0.23411208632562722,0.16457418477678326,0.06204655363901122,0.05910531818189257,0.08954900587216075,1.228
605,10.714285714285715,1000.0,70.45454545454547,2035,modest,moderate_re,1.8,solved,1944763868146.294,567.1172913899195,551.8729095620315,1.8010000000000004,0.15996181147260916,581.8418882385959,1.506997677871346,0.6128269958381729,0.22259881938504386,0.16457418477678326,0.05168461339248615,0.05910531818189257,0.08954900587216075,0.47
606,10.714285714285715,1000.0,79.54545454545455,2035,modest,moderate_re,1.8,solved,1946926658763.7368,564.8217436622042,552.4866527369082,1.8010000000000004,0.13334147045360636,579.0150621981375,1.5222280371440353,0.6235775116515584,0.21184830357165813,0.16457418477678326,0.04200914916043903,0.05910531818189257,0.08954900587216075,0.29
607,10.714285714285715,1000.0,88.63636363636364,2035,modest,moderate_re,1.8,solved,1948887741712.7598,564.9568485761355,553.0431565730275,1.8010000000000002,0.1340913714604331,578.1157914344467,1.530343138759876,0.6235775116515584,0.21184830357165813,0.16457418477678326,0.04200914916043903,0.05910531818189257,0.08954900587216075,0.569
608,10.714285714285715,1000.0,97.72727272727273,2035,modest,moderate_re,1.8,solved,1950817303048.579,565.6003552829492,553.5907154031862,1.8010000000000002,0.13368120257918062,578.4106475222819,1.530507261648863,0.623764325557399,0.21166148966581783,0.16457418477678326,0.041841016645182735,0.05910531818189257,0.08954900587216075,0.695
609,10.714285714285715,1000.0,106.81818181818183,2035,modest,moderate_re,1.8,solved,1952687374069.8184,564.8265028633422,554.1213924444883,1.8010000000000004,0.12799587975390395,577.6034050221654,1.5419399050626343,0.623764325557399,0.21166148966581783,0.16457418477678326,0.041841016645182735,0.05910531818189257,0.08954900587216075,0.464
610,10.714285714285715,1000.0,115.90909090909092,2035,modest,moderate_re,1.8,solved,1954375536169.5078,565.2119448891547,554.6004485114112,1.8010000000000002,0.12636785269912787,577.7474273896246,1.5423417019711103,0.6245937128410959,0.21083210238212086,0.16457418477678326,0.04109456808985539,0.05910531818189257,0.08954900587216075,0.276
611,10.714285714285715,1000.0,125.0,2035,modest,moderate_re,1.8,solved,1956047465405.5007,565.7897450032735,555.0748981179481,1.8010000000000002,0.12636785269912787,578.0397767274054,1.5423417019711103,0.6245937128410959,0.21083210238212086,0.16457418477678326,0.04109456808985539,0.05910531818189257,0.08954900587216075,0.4
612,10.714285714285715,1145.8333333333333,25.0,2035,modest,moderate_re,1.8,solved,1929318659299.9243,569.8127166887659,547.4899649359756,1.8010000000000004,0.22599604031466214,596.1051104161534,1.373628310056476,0.5749401260581674,0.26048568916504916,0.16457418477678326,0.08578279619449093,0.05910531818189257,0.08954900587216075,0.488
613,10.714285714285715,1145.8333333333333,34.09090909090909,2035,modest,moderate_re,1.8,solved,1934511500062.487,568.6272923547976,548.9635567624525,1.8009999999999997,0.1983104473445459,588.8829820055793,1.4465742312576748,0.5877890544230743,0.24763676080014227,0.16457418477678326,0.0742187606660747,0.05910531818189257,0.08954900587216075,0.834
614,10.714285714285715,1145.8333333333333,43.18181818181819,2035,modest,moderate_re,1.8,solved,1938669220203.4348,569.7800948170773,550.1434085423587,1.801,0.19282694496769964,588.689769231555,1.45346317045297,0.5878396809648583,0.24758613425835854,0.16457418477678326,0.0741731967784693,0.05910531818189257,0.08954900587216075,0.685
615,10.714285714285715,1145.8333333333333,52.27272727272727,2035,modest,moderate_re,1.8,solved,1942279356081.2817,569.1845441765337,551.1678702898512,1.8009999999999997,0.18233285111584785,584.4803419830513,1.4849905144299744,0.5939964730538715,0.24142934216934533,0.16457418477678326,0.06863208389835745,0.05910531818189257,0.08954900587216075,1.008
616,10.714285714285715,1145.8333333333333,61.36363636363637,2035,modest,moderate_re,1.8,solved,1945505243916.5015,568.5171695352586,552.0832925345273,1.8010000000000004,0.16339060033595137,582.4248890519692,1.4992053084036105,0.6013137288975894,0.23411208632562722,0.16457418477678326,0.06204655363901122,0.05910531818189257,0.08954900587216075,0.76
617,10.714285714285715,1145.8333333333333,70.45454545454547,2035,modest,moderate_re,1.8,solved,1948219676847.6504,568.5150932434619,552.8535773100009,1.8010000000000004,0.15996181147260916,584.7014059878654,1.506997677871346,0.6128269958381729,0.22259881938504386,0.16457418477678326,0.05168461339248615,0.05910531818189257,0.08954900587216075,0.48
618,10.714285714285715,1145.8333333333333,79.54545454545455,2035,modest,moderate_re,1.8,solved,1950414049280.838,566.2314371776807,553.4762825747383,1.8010000000000004,0.13334147045360636,581.8949611336366,1.5222280371440353,0.6235775116515584,0.21184830357165813,0.16457418477678326,0.04200914916043903,0.05910531818189257,0.08954900587216075,0.785
619,10.714285714285715,1145.8333333333333,88.63636363636364,2035,modest,moderate_re,1.8,solved,1952375132229.8606,566.3665420916119,554.0327864108577,1.8010000000000002,0.1340913714604331,580.9956903699458,1.530343138759876,0.6235775116515584,0.21184830357165813,0.16457418477678326,0.04200914916043903,0.05910531818189257,0.08954900587216075,0.258
620,10.714285714285715,1145.8333333333333,97.72727272727273,2035,modest,moderate_re,1.8,solved,1954305240236.1296,567.0102550960777,554.5805003717326,1.8010000000000002,0.13368120257918062,581.2909006258109,1.530507261648863,0.623764325557399,0.21166148966581783,0.16457418477678326,0.041841016645182735,0.05910531818189257,0.08954900587216075,0.81
621,10.714285714285715,1145.8333333333333,106.81818181818183,2035,modest,moderate_re,1.8,solved,1956176412986.181,566.5537618988295,555.1114900547362,1.8010000000000002,0.13030979206610985,580.7713218905947,1.5401796314284095,0.623764325557399,0.21166148966581783,0.16457418477678326,0.041841016645182735,0.05910531818189257,0.08954900587216075,0.496
622,10.714285714285715,1145.8333333333333,115.90909090909092,2035,modest,moderate_re,1.8,solved,1957867425734.0159,566.6230531004682,555.5913550607349,1.8010000000000002,0.12636785269912787,580.6292528732123,1.5423417019711103,0.6245937128410959,0.21083210238212086,0.16457418477678326,0.04109456808985539,0.05910531818189257,0.08954900587216075,0.744
623,10.714285714285715,1145.8333333333333,125.0,2035,modest,moderate_re,1.8,solved,1959539354970.008,567.2008532145869,556.0658046672717,1.8010000000000002,0.12636785269912787,580.921602210993,1.5423417019711103,0.6245937128410959,0.21083210238212086,0.16457418477678326,0.04109456808985539,0.05910531818189257,0.08954900587216075,0.919
624,10.714285714285715,1291.6666666666667,25.0,2035,modest,moderate_re,1.8,solved,1932696498273.6316,571.179764291285,548.4485069229927,1.8010000000000004,0.22599604031466214,598.8928009747985,1.373628310056476,0.5749401260581674,0.26048568916504916,0.16457418477678326,0.08578279619449093,0.05910531818189257,0.08954900587216075,0.601
625,10.714285714285715,1291.6666666666667,34.09090909090909,2035,modest,moderate_re,1.8,solved,1937923390718.7693,570.007820046774,549.9317617226694,1.8009999999999997,0.1983104473445459,591.6950319909162,1.4465742312576748,0.5877890544230743,0.24763676080014227,0.16457418477678326,0.0742187606660747,0.05910531818189257,0.08954900587216075,0.255
626,10.714285714285715,1291.6666666666667,43.18181818181819,2035,modest,moderate_re,1.8,solved,1942081245967.847,571.1606758212944,551.1116518427144,1.801,0.19282694496769964,591.5019151963772,1.45346317045297,0.5878396809648583,0.24758613425835854,0.16457418477678326,0.0741731967784693,0.05910531818189257,0.08954900587216075,0.583
627,10.714285714285715,1291.6666666666667,52.27272727272727,2035,modest,moderate_re,1.8,solved,1945708129255.8752,570.5716717284243,552.1408660653717,1.8009999999999997,0.18233285111584785,587.3041601995425,1.4849905144299744,0.5939964730538715,0.24142934216934533,0.16457418477678326,0.06863208389835745,0.05910531818189257,0.08954900587216075,0.325
628,10.714285714285715,1291.6666666666667,61.36363636363637,2035,modest,moderate_re,1.8,solved,1948945063450.248,570.9862602011762,553.0594229766599,1.8010000000000004,0.17278550184068167,586.513339612701,1.4928123862401343,0.59724407672983,0.23818173849338647,0.16457418477678326,0.06570924058999458,0.05910531818189257,0.08954900587216075,0.272
629,10.714285714285715,1291.6666666666667,70.45454545454547,2035,modest,moderate_re,1.8,solved,1951675485549.0063,569.9128950970046,553.8342450579702,1.8010000000000004,0.15996181147260916,587.560923737135,1.506997677871346,0.6128269958381729,0.22259881938504386,0.16457418477678326,0.05168461339248615,0.05910531818189257,0.08954900587216075,0.584
630,10.714285714285715,1291.6666666666667,79.54545454545455,2035,modest,moderate_re,1.8,solved,1953901439797.9385,567.6411306931573,554.4659124125684,1.8010000000000004,0.13334147045360636,584.7748600691357,1.5222280371440353,0.6235775116515584,0.21184830357165813,0.16457418477678326,0.04200914916043903,0.05910531818189257,0.08954900587216075,0.587
631,10.714285714285715,1291.6666666666667,88.63636363636364,2035,modest,moderate_re,1.8,solved,1955862522746.9617,567.7762356070888,555.0224162486878,1.8010000000000002,0.1340913714604331,583.875589305445,1.530343138759876,0.6235775116515584,0.21184830357165813,0.16457418477678326,0.04200914916043903,0.05910531818189257,0.08954900587216075,0.572
632,10.714285714285715,1291.6666666666667,97.72727272727273,2035,modest,moderate_re,1.8,solved,1957793177423.6807,568.4201549092057,555.5702853402789,1.8010000000000002,0.13368120257918062,584.1711537293397,1.530507261648863,0.623764325557399,0.21166148966581783,0.16457418477678326,0.041841016645182735,0.05910531818189257,0.08954900587216075,0.846
633,10.714285714285715,1291.6666666666667,106.81818181818183,2035,modest,moderate_re,1.8,solved,1959665187716.0981,567.9638173717893,556.1015126958093,1.8010000000000002,0.13030979206610985,583.6515749941237,1.5401796314284095,0.623764325557399,0.21166148966581783,0.16457418477678326,0.041841016645182735,0.05910531818189257,0.08954900587216075,0.47
634,10.714285714285715,1291.6666666666667,115.90909090909092,2035,modest,moderate_re,1.8,solved,1961359315298.5232,568.0341613117813,556.5822616100585,1.8010000000000002,0.12636785269912787,583.5110783567998,1.5423417019711103,0.6245937128410959,0.21083210238212086,0.16457418477678326,0.04109456808985539,0.05910531818189257,0.08954900587216075,0.624
635,10.714285714285715,1291.6666666666667,125.0,2035,modest,moderate_re,1.8,solved,1963031244534.5159,568.6119614259003,557.0567112165953,1.8010000000000002,0.12636785269912787,583.8034276945807,1.5423417019711103,0.6245937128410959,0.21083210238212086,0.16457418477678326,0.04109456808985539,0.05910531818189257,0.08954900587216075,0.268
636,10.714285714285715,1437.5,25.0,2035,modest,moderate_re,1.8,solved,1936074337247.3384,572.5468118938041,549.4070489100096,1.8010000000000004,0.22599604031466214,601.6804915334436,1.373628310056476,0.5749401260581674,0.26048568916504916,0.16457418477678326,0.08578279619449093,0.05910531818189257,0.08954900587216075,0.525
637,10.714285714285715,1437.5,34.09090909090909,2035,modest,moderate_re,1.8,solved,1941335281375.0518,571.3883477387506,550.8999666828865,1.8009999999999997,0.1983104473445459,594.5070819762528,1.4465742312576748,0.5877890544230743,0.24763676080014227,0.16457418477678326,0.0742187606660747,0.05910531818189257,0.08954900587216075,0.401
638,10.714285714285715,1437.5,43.18181818181819,2035,modest,moderate_re,1.8,solved,1945493271732.2588,572.5412568255117,552.0798951430702,1.801,0.19282694496769964,594.3140611611994,1.45346317045297,0.5878396809648583,0.24758613425835854,0.16457418477678326,0.0741731967784693,0.05910531818189257,0.08954900587216075,0.47
639,10.714285714285715,1437.5,52.27272727272727,2035,modest,moderate_re,1.8,solved,1949136902430.468,571.9587992803149,553.1138618408919,1.8009999999999997,0.1823328511158478,590.1279784160336,1.4849905144299742,0.5939964730538715,0.24142934216934533,0.16457418477678326,0.06863208389835745,0.05910531818189257,0.08954900587216075,0.87
640,10.714285714285715,1437.5,61.36363636363637,2035,modest,moderate_re,1.8,solved,1952383116329.1846,572.3769342537294,554.0350520885557,1.8010000000000004,0.17278550184068167,589.3433147444943,1.4928123862401343,0.59724407672983,0.23818173849338647,0.16457418477678326,0.06570924058999458,0.05910531818189257,0.08954900587216075,0.464
641,10.714285714285715,1437.5,70.45454545454547,2035,modest,moderate_re,1.8,solved,1955129755411.9902,571.2286355082341,554.8144761240247,1.8010000000000004,0.1613092980253058,586.1209650990285,1.515361191052497,0.6025440464532008,0.23288176877001598,0.16457418477678326,0.06093926783896103,0.05910531818189257,0.08954900587216075,0.487
642,10.714285714285715,1437.5,79.54545454545455,2035,modest,moderate_re,1.8,solved,1957388830315.0398,569.050824208634,555.4555422503987,1.8010000000000004,0.13334147045360636,587.6547590046348,1.5222280371440353,0.6235775116515584,0.21184830357165813,0.16457418477678326,0.04200914916043903,0.05910531818189257,0.08954900587216075,0.465
643,10.714285714285715,1437.5,88.63636363636364,2035,modest,moderate_re,1.8,solved,1959349913264.0618,569.1859291225651,556.0120460865178,1.8010000000000002,0.1340913714604331,586.7554882409441,1.530343138759876,0.6235775116515584,0.21184830357165813,0.16457418477678326,0.04200914916043903,0.05910531818189257,0.08954900587216075,0.592
644,10.714285714285715,1437.5,97.72727272727273,2035,modest,moderate_re,1.8,solved,1961281114611.2317,569.8300547223341,556.5600703088254,1.8010000000000002,0.13368120257918062,587.0514068328687,1.530507261648863,0.623764325557399,0.21166148966581783,0.16457418477678326,0.041841016645182735,0.05910531818189257,0.08954900587216075,0.406
645,10.714285714285715,1437.5,106.81818181818183,2035,modest,moderate_re,1.8,solved,1963153962446.016,569.3738728447493,557.0915353368828,1.8010000000000002,0.13030979206610985,586.5318280976527,1.5401796314284095,0.623764325557399,0.21166148966581783,0.16457418477678326,0.041841016645182735,0.05910531818189257,0.08954900587216075,0.261
646,10.714285714285715,1437.5,115.90909090909092,2035,modest,moderate_re,1.8,solved,1964851204863.031,569.4452695230947,557.5731681593821,1.8010000000000002,0.12636785269912787,586.3929038403876,1.5423417019711103,0.6245937128410959,0.21083210238212086,0.16457418477678326,0.04109456808985539,0.05910531818189257,0.08954900587216075,0.489
647,10.714285714285715,1437.5,125.0,2035,modest,moderate_re,1.8,solved,1966523134099.0242,570.0230696372134,558.0476177659192,1.8010000000000002,0.12636785269912787,586.6852531781683,1.5423417019711103,0.6245937128410959,0.21083210238212086,0.16457418477678326,0.04109456808985539,0.05910531818189257,0.08954900587216075,0.266
648,10.714285714285715,1583.3333333333335,25.0,2035,modest,moderate_re,1.8,solved,1939450770235.191,574.311849794049,550.3651919151671,1.8010000000000004,0.23044031707625973,605.4277224994532,1.367425861137946,0.5725499775989494,0.2628758376242674,0.16457418477678326,0.08793392980778739,0.05910531818189257,0.08954900587216075,0.515
649,10.714285714285715,1583.3333333333335,34.09090909090909,2035,modest,moderate_re,1.8,solved,1944747172031.3345,572.7688754307271,551.8681716431037,1.8009999999999997,0.1983104473445459,597.3191319615896,1.4465742312576748,0.5877890544230743,0.24763676080014227,0.16457418477678326,0.0742187606660747,0.05910531818189257,0.08954900587216075,0.882
650,10.714285714285715,1583.3333333333335,43.18181818181819,2035,modest,moderate_re,1.8,solved,1948905297496.6714,573.9218378297289,553.0481384434262,1.801,0.19282694496769964,597.1262071260219,1.45346317045297,0.5878396809648583,0.24758613425835854,0.16457418477678326,0.0741731967784693,0.05910531818189257,0.08954900587216075,0.681
651,10.714285714285715,1583.3333333333335,52.27272727272727,2035,modest,moderate_re,1.8,solved,1952565675605.0613,573.3459268322058,554.0868576164123,1.8009999999999997,0.18233285111584785,592.9517966325244,1.4849905144299744,0.5939964730538715,0.24142934216934533,0.16457418477678326,0.06863208389835745,0.05910531818189257,0.08954900587216075,0.907
652,10.714285714285715,1583.3333333333335,61.36363636363637,2035,modest,moderate_re,1.8,solved,1955821169208.1226,573.7676083062828,555.0106812004522,1.8010000000000004,0.17278550184068167,592.1732898762876,1.4928123862401343,0.59724407672983,0.23818173849338647,0.16457418477678326,0.06570924058999458,0.05910531818189257,0.08954900587216075,0.259
653,10.714285714285715,1583.3333333333335,70.45454545454547,2035,modest,moderate_re,1.8,solved,1958583223022.0479,572.6251458002419,555.7944795317687,1.8010000000000004,0.1613092980253058,588.960988090089,1.515361191052497,0.6025440464532008,0.23288176877001598,0.16457418477678326,0.06093926783896103,0.05910531818189257,0.08954900587216075,0.601
654,10.714285714285715,1583.3333333333335,79.54545454545455,2035,modest,moderate_re,1.8,solved,1960876220832.1404,570.4605177241106,556.4451720882287,1.8010000000000004,0.13334147045360636,590.534657940134,1.5222280371440353,0.6235775116515584,0.21184830357165813,0.16457418477678326,0.04200914916043903,0.05910531818189257,0.08954900587216075,0.59
655,10.714285714285715,1583.3333333333335,88.63636363636364,2035,modest,moderate_re,1.8,solved,1962837303781.163,570.595622638042,557.001675924348,1.8010000000000002,0.1340913714604331,589.6353871764433,1.530343138759876,0.6235775116515584,0.21184830357165813,0.16457418477678326,0.04200914916043903,0.05910531818189257,0.08954900587216075,0.828
656,10.714285714285715,1583.3333333333335,97.72727272727273,2035,modest,moderate_re,1.8,solved,1964769051798.7827,571.2399545354624,557.5498552773718,1.8010000000000002,0.13368120257918062,589.9316599363978,1.530507261648863,0.623764325557399,0.21166148966581783,0.16457418477678326,0.041841016645182735,0.05910531818189257,0.08954900587216075,0.404
657,10.714285714285715,1583.3333333333335,106.81818181818183,2035,modest,moderate_re,1.8,solved,1966642737175.9336,570.7839283177091,558.0815579779561,1.8010000000000002,0.13030979206610985,589.4120812011816,1.5401796314284095,0.623764325557399,0.21166148966581783,0.16457418477678326,0.041841016645182735,0.05910531818189257,0.08954900587216075,0.765
658,10.714285714285715,1583.3333333333335,115.90909090909092,2035,modest,moderate_re,1.8,solved,1968343094427.5383,570.856377734408,558.5640747087057,1.8010000000000002,0.12636785269912787,589.2747293239753,1.5423417019711103,0.6245937128410959,0.21083210238212086,0.16457418477678326,0.04109456808985539,0.05910531818189257,0.08954900587216075,0.478
659,10.714285714285715,1583.3333333333335,125.0,2035,modest,moderate_re,1.8,solved,1970015023663.532,571.4341778485269,559.0385243152429,1.8010000000000002,0.12636785269912787,589.567078661756,1.5423417019711103,0.6245937128410959,0.21083210238212086,0.16457418477678326,0.04109456808985539,0.05910531818189257,0.08954900587216075,0.264
660,10.714285714285715,1729.1666666666667,25.0,2035,modest,moderate_re,1.8,solved,1942822230568.8232,575.6763804525792,551.321923811656,1.8010000000000004,0.23044031707625973,608.2108817349775,1.367425861137946,0.5725499775989494,0.2628758376242674,0.16457418477678326,0.08793392980778739,0.05910531818189257,0.08954900587216075,0.3
661,10.714285714285715,1729.1666666666667,34.09090909090909,2035,modest,moderate_re,1.8,solved,1948159062687.6165,574.1494031227035,552.8363766033206,1.8009999999999997,0.1983104473445459,600.1311819469265,1.4465742312576748,0.5877890544230743,0.24763676080014227,0.16457418477678326,0.0742187606660747,0.05910531818189257,0.08954900587216075,0.394
662,10.714285714285715,1729.1666666666667,43.18181818181819,2035,modest,moderate_re,1.8,solved,1952317225621.9812,575.309855308155,554.0163540363691,1.8009999999999997,0.19290515492391935,599.9488600793884,1.4534114937471476,0.5877890544230743,0.24763676080014227,0.16457418477678326,0.0742187606660747,0.05910531818189257,0.08954900587216075,0.411
663,10.714285714285715,1729.1666666666667,52.27272727272727,2035,modest,moderate_re,1.8,solved,1955994448779.654,574.7330543840964,555.0598533919326,1.8009999999999997,0.18233285111584785,595.7756148490155,1.4849905144299744,0.5939964730538715,0.24142934216934533,0.16457418477678326,0.06863208389835745,0.05910531818189257,0.08954900587216075,0.645
664,10.714285714285715,1729.1666666666667,61.36363636363637,2035,modest,moderate_re,1.8,solved,1959259222087.0586,575.158282358836,555.9863103123479,1.8010000000000004,0.17278550184068167,595.003265008081,1.4928123862401343,0.59724407672983,0.23818173849338647,0.16457418477678326,0.06570924058999458,0.05910531818189257,0.08954900587216075,0.469
665,10.714285714285715,1729.1666666666667,70.45454545454547,2035,modest,moderate_re,1.8,solved,1962036690632.107,574.0216560922495,556.7744829395131,1.8010000000000004,0.1613092980253058,591.8010110811498,1.515361191052497,0.6025440464532008,0.23288176877001598,0.16457418477678326,0.06093926783896103,0.05910531818189257,0.08954900587216075,0.667
666,10.714285714285715,1729.1666666666667,79.54545454545455,2035,modest,moderate_re,1.8,solved,1964363611349.2412,571.8702112395872,557.4348019260588,1.8010000000000004,0.13334147045360636,593.4145568756331,1.5222280371440353,0.6235775116515584,0.21184830357165813,0.16457418477678326,0.04200914916043903,0.05910531818189257,0.08954900587216075,0.9
667,10.714285714285715,1729.1666666666667,88.63636363636364,2035,modest,moderate_re,1.8,solved,1966324694298.2642,572.0053161535186,557.9913057621782,1.8010000000000002,0.1340913714604331,592.5152861119424,1.530343138759876,0.6235775116515584,0.21184830357165813,0.16457418477678326,0.04200914916043903,0.05910531818189257,0.08954900587216075,0.457
668,10.714285714285715,1729.1666666666667,97.72727272727273,2035,modest,moderate_re,1.8,solved,1968256988986.3335,572.6498543485907,558.5396402459181,1.8010000000000002,0.13368120257918062,592.8119130399267,1.530507261648863,0.623764325557399,0.21166148966581783,0.16457418477678326,0.041841016645182735,0.05910531818189257,0.08954900587216075,0.266
669,10.714285714285715,1729.1666666666667,106.81818181818183,2035,modest,moderate_re,1.8,solved,1970131511905.8518,572.193983790669,559.0715806190295,1.8010000000000002,0.13030979206610985,592.2923343047105,1.5401796314284095,0.623764325557399,0.21166148966581783,0.16457418477678326,0.041841016645182735,0.05910531818189257,0.08954900587216075,0.781
670,10.714285714285715,1729.1666666666667,115.90909090909092,2035,modest,moderate_re,1.8,solved,1971833631499.4805,572.4645270436922,559.5545974561604,1.8010000000000004,0.12799587975390395,592.3012757157894,1.5419399050626343,0.623764325557399,0.21166148966581783,0.16457418477678326,0.041841016645182735,0.05910531818189257,0.08954900587216075,0.612
671,10.714285714285715,1729.1666666666667,125.0,2035,modest,moderate_re,1.8,solved,1973506913228.039,572.8452860598403,560.0294308645663,1.8010000000000002,0.12636785269912787,592.4489041453435,1.5423417019711103,0.6245937128410959,0.21083210238212086,0.16457418477678326,0.04109456808985539,0.05910531818189257,0.08954900587216075,0.913
672,10.714285714285715,1875.0,25.0,2035,modest,moderate_re,1.8,solved,1946193690902.4565,577.0409111111094,552.2786557081452,1.8010000000000004,0.23044031707625973,610.9940409705018,1.367425861137946,0.5725499775989494,0.2628758376242674,0.16457418477678326,0.08793392980778739,0.05910531818189257,0.08954900587216075,0.601
673,10.714285714285715,1875.0,34.09090909090909,2035,modest,moderate_re,1.8,solved,1951570953343.8994,575.5299308146798,553.8045815635377,1.8009999999999997,0.1983104473445459,602.9432319322633,1.4465742312576748,0.5877890544230743,0.24763676080014227,0.16457418477678326,0.0742187606660747,0.05910531818189257,0.08954900587216075,0.414
674,10.714285714285715,1875.0,43.18181818181819,2035,modest,moderate_re,1.8,solved,1955729116278.264,576.6903830001313,554.9845589965862,1.8009999999999997,0.19290515492391935,602.7609100647252,1.4534114937471476,0.5877890544230743,0.24763676080014227,0.16457418477678326,0.0742187606660747,0.05910531818189257,0.08954900587216075,0.817
675,10.714285714285715,1875.0,52.27272727272727,2035,modest,moderate_re,1.8,solved,1959423221954.247,576.1201819359871,556.0328491674529,1.8009999999999997,0.18233285111584785,598.5994330655063,1.4849905144299744,0.5939964730538715,0.24142934216934533,0.16457418477678326,0.06863208389835745,0.05910531818189257,0.08954900587216075,0.465
676,10.714285714285715,1875.0,61.36363636363637,2035,modest,moderate_re,1.8,solved,1962697274965.9956,576.5489564113893,556.961939424244,1.8010000000000004,0.17278550184068167,597.8332401398743,1.4928123862401343,0.59724407672983,0.23818173849338647,0.16457418477678326,0.06570924058999458,0.05910531818189257,0.08954900587216075,0.482
677,10.714285714285715,1875.0,70.45454545454547,2035,modest,moderate_re,1.8,solved,1965489551993.5098,575.7778732831341,557.7543143098111,1.801,0.16440346088393729,594.9994557906845,1.5135728671710276,0.6013137288975894,0.23411208632562722,0.16457418477678326,0.06204655363901122,0.05910531818189257,0.08954900587216075,0.815
678,10.714285714285715,1875.0,79.54545454545455,2035,modest,moderate_re,1.8,solved,1967851001866.3425,573.2799047550639,558.4244317638891,1.8010000000000004,0.13334147045360636,596.2944558111323,1.5222280371440353,0.6235775116515584,0.21184830357165813,0.16457418477678326,0.04200914916043903,0.05910531818189257,0.08954900587216075,0.689
679,10.714285714285715,1875.0,88.63636363636364,2035,modest,moderate_re,1.8,solved,1969812084815.3647,573.4150096689951,558.9809356000083,1.8010000000000002,0.1340913714604331,595.3951850474415,1.530343138759876,0.6235775116515584,0.21184830357165813,0.16457418477678326,0.04200914916043903,0.05910531818189257,0.08954900587216075,0.569
680,10.714285714285715,1875.0,97.72727272727273,2035,modest,moderate_re,1.8,solved,1971744926173.8848,574.0597541617191,559.5294252144646,1.8010000000000002,0.13368120257918062,595.6921661434557,1.530507261648863,0.623764325557399,0.21166148966581783,0.16457418477678326,0.041841016645182735,0.05910531818189257,0.08954900587216075,1.26
681,10.714285714285715,1875.0,106.81818181818183,2035,modest,moderate_re,1.8,solved,1973620238503.6807,573.9509600989933,560.0615896014801,1.8009999999999997,0.13286013913168357,595.4897174713193,1.5382390474662526,0.623764325557399,0.21166148966581783,0.16457418477678326,0.041841016645182735,0.05910531818189257,0.08954900587216075,0.601
682,10.714285714285715,1875.0,115.90909090909092,2035,modest,moderate_re,1.8,solved,1975323094041.6653,573.8747193668219,560.5448152802908,1.8010000000000004,0.12799587975390395,595.1815288193183,1.5419399050626343,0.623764325557399,0.21166148966581783,0.16457418477678326,0.041841016645182735,0.05910531818189257,0.08954900587216075,0.705
683,10.714285714285715,1875.0,125.0,2035,modest,moderate_re,1.8,solved,1976998802792.5466,574.2563942711537,561.0203374138899,1.8010000000000002,0.12636785269912787,595.3307296289313,1.5423417019711103,0.6245937128410959,0.21083210238212086,0.16457418477678326,0.04109456808985539,0.05910531818189257,0.08954900587216075,0.52
684,10.714285714285715,2020.8333333333335,25.0,2035,modest,moderate_re,1.8,solved,1949565151236.089,578.4054417696397,553.2353876046341,1.8010000000000004,0.23044031707625973,613.7772002060262,1.367425861137946,0.5725499775989494,0.2628758376242674,0.16457418477678326,0.08793392980778739,0.05910531818189257,0.08954900587216075,0.269
685,10.714285714285715,2020.8333333333335,34.09090909090909,2035,modest,moderate_re,1.8,solved,1954982844000.1816,576.9104585066566,554.7727865237547,1.8009999999999997,0.1983104473445459,605.7552819176,1.4465742312576748,0.5877890544230743,0.24763676080014227,0.16457418477678326,0.0742187606660747,0.05910531818189257,0.08954900587216075,0.802
686,10.714285714285715,2020.8333333333335,43.18181818181819,2035,modest,moderate_re,1.8,solved,1959141006934.5464,578.0709106921076,555.9527639568032,1.8009999999999997,0.19290515492391935,605.572960050062,1.4534114937471476,0.5877890544230743,0.24763676080014227,0.16457418477678326,0.0742187606660747,0.05910531818189257,0.08954900587216075,0.59
687,10.714285714285715,2020.8333333333335,52.27272727272727,2035,modest,moderate_re,1.8,solved,1962851995128.8403,577.5073094878777,557.0058449429732,1.8009999999999997,0.18233285111584785,601.4232512819975,1.4849905144299744,0.5939964730538715,0.24142934216934533,0.16457418477678326,0.06863208389835745,0.05910531818189257,0.08954900587216075,0.268
688,10.714285714285715,2020.8333333333335,61.36363636363637,2035,modest,moderate_re,1.8,solved,1966135327844.9326,577.9396304639426,557.93756853614,1.8010000000000004,0.17278550184068167,600.6632152716677,1.4928123862401343,0.59724407672983,0.23818173849338647,0.16457418477678326,0.06570924058999458,0.05910531818189257,0.08954900587216075,0.475
689,10.714285714285715,2020.8333333333335,70.45454545454547,2035,modest,moderate_re,1.8,solved,1968939394968.5645,577.1730209857013,558.7332891413366,1.801,0.16440346088393729,597.8371463047124,1.5135728671710276,0.6013137288975894,0.23411208632562722,0.16457418477678326,0.06204655363901122,0.05910531818189257,0.08954900587216075,1.113
690,10.714285714285715,2020.8333333333335,79.54545454545455,2035,modest,moderate_re,1.8,solved,1971338392383.4429,574.6895982705406,559.414061601719,1.8010000000000004,0.13334147045360636,599.1743547466314,1.5222280371440353,0.6235775116515584,0.21184830357165813,0.16457418477678326,0.04200914916043903,0.05910531818189257,0.08954900587216075,0.258
691,10.714285714285715,2020.8333333333335,88.63636363636364,2035,modest,moderate_re,1.8,solved,1973299475332.465,574.8247031844718,559.9705654378382,1.8010000000000002,0.1340913714604331,598.2750839829405,1.530343138759876,0.6235775116515584,0.21184830357165813,0.16457418477678326,0.04200914916043903,0.05910531818189257,0.08954900587216075,0.376
692,10.714285714285715,2020.8333333333335,97.72727272727273,2035,modest,moderate_re,1.8,solved,1975232863361.4355,575.4696539748475,560.519210183011,1.8010000000000002,0.13368120257918062,598.5724192469845,1.530507261648863,0.623764325557399,0.21166148966581783,0.16457418477678326,0.041841016645182735,0.05910531818189257,0.08954900587216075,0.909
693,10.714285714285715,2020.8333333333335,106.81818181818183,2035,modest,moderate_re,1.8,solved,1977108352048.2722,575.3608875462277,561.0514246155229,1.8009999999999997,0.13286013913168357,598.369970574848,1.5382390474662526,0.623764325557399,0.21166148966581783,0.16457418477678326,0.041841016645182735,0.05910531818189257,0.08954900587216075,0.479
694,10.714285714285715,2020.8333333333335,115.90909090909092,2035,modest,moderate_re,1.8,solved,1978812556583.8506,575.2849116899514,561.5350331044214,1.8010000000000004,0.12799587975390395,598.0617819228472,1.5419399050626343,0.623764325557399,0.21166148966581783,0.16457418477678326,0.041841016645182735,0.05910531818189257,0.08954900587216075,0.255
695,10.714285714285715,2020.8333333333335,125.0,2035,modest,moderate_re,1.8,solved,1980490692357.0547,575.6675024824671,562.0112439632137,1.8010000000000002,0.12636785269912787,598.2125551125187,1.5423417019711103,0.6245937128410959,0.21083210238212086,0.16457418477678326,0.04109456808985539,0.05910531818189257,0.08954900587216075,0.769
696,10.714285714285715,2166.666666666667,25.0,2035,modest,moderate_re,1.8,solved,1952936611569.7222,579.7699724281699,554.1921195011231,1.8010000000000004,0.23044031707625973,616.5603594415505,1.367425861137946,0.5725499775989494,0.2628758376242674,0.16457418477678326,0.08793392980778739,0.05910531818189257,0.08954900587216075,0.376
697,10.714285714285715,2166.666666666667,34.09090909090909,2035,modest,moderate_re,1.8,solved,1958382194615.8208,579.3241169177866,555.7374329497819,1.8010000000000002,0.21033210314367484,610.1813475240208,1.4372913457982475,0.5814355324203362,0.25399028280288044,0.16457418477678326,0.07993693046853914,0.05910531818189257,0.08954900587216075,0.374
698,10.714285714285715,2166.666666666667,43.18181818181819,2035,modest,moderate_re,1.8,solved,1962552897590.8284,579.4514383840843,556.9209689170201,1.8009999999999997,0.19290515492391935,608.3850100353989,1.4534114937471476,0.5877890544230743,0.24763676080014227,0.16457418477678326,0.0742187606660747,0.05910531818189257,0.08954900587216075,0.365
699,10.714285714285715,2166.666666666667,52.27272727272727,2035,modest,moderate_re,1.8,solved,1966280768303.4338,578.8944370397684,557.9788407184938,1.8009999999999997,0.1823328511158478,604.2470694984886,1.4849905144299742,0.5939964730538715,0.24142934216934533,0.16457418477678326,0.06863208389835745,0.05910531818189257,0.08954900587216075,0.248
700,10.714285714285715,2166.666666666667,61.36363636363637,2035,modest,moderate_re,1.8,solved,1969573380723.8694,579.330304516496,558.913197648036,1.8010000000000004,0.17278550184068167,603.4931904034611,1.4928123862401343,0.59724407672983,0.23818173849338647,0.16457418477678326,0.06570924058999458,0.05910531818189257,0.08954900587216075,0.391
701,10.714285714285715,2166.666666666667,70.45454545454547,2035,modest,moderate_re,1.8,solved,1972389237943.6194,578.5681686882685,559.7122639728623,1.801,0.16440346088393729,600.6748368187406,1.5135728671710276,0.6013137288975894,0.23411208632562722,0.16457418477678326,0.06204655363901122,0.05910531818189257,0.08954900587216075,0.677
702,10.714285714285715,2166.666666666667,79.54545454545455,2035,modest,moderate_re,1.8,solved,1974825782900.544,576.099291786017,560.4036914395492,1.8010000000000004,0.13334147045360636,602.0542536821304,1.5222280371440353,0.6235775116515584,0.21184830357165813,0.16457418477678326,0.04200914916043903,0.05910531818189257,0.08954900587216075,0.478
703,10.714285714285715,2166.666666666667,88.63636363636364,2035,modest,moderate_re,1.8,solved,1976786865849.5667,576.2343966999484,560.9601952756685,1.8010000000000002,0.1340913714604331,601.1549829184398,1.530343138759876,0.6235775116515584,0.21184830357165813,0.16457418477678326,0.04200914916043903,0.05910531818189257,0.08954900587216075,0.384
704,10.714285714285715,2166.666666666667,97.72727272727273,2035,modest,moderate_re,1.8,solved,1978720800548.986,576.8795537879755,561.5089951515572,1.8010000000000002,0.13368120257918062,601.4526723505136,1.530507261648863,0.623764325557399,0.21166148966581783,0.16457418477678326,0.041841016645182735,0.05910531818189257,0.08954900587216075,0.248
705,10.714285714285715,2166.666666666667,106.81818181818183,2035,modest,moderate_re,1.8,solved,1980596465592.8628,576.7708149934621,562.0412596295654,1.8009999999999997,0.13286013913168357,601.2502236783772,1.5382390474662526,0.623764325557399,0.21166148966581783,0.16457418477678326,0.041841016645182735,0.05910531818189257,0.08954900587216075,0.609
706,10.714285714285715,2166.666666666667,115.90909090909092,2035,modest,moderate_re,1.8,solved,1982302019126.0356,576.6951040130808,562.5252509285518,1.8010000000000004,0.12799587975390395,600.9420350263761,1.5419399050626343,0.623764325557399,0.21166148966581783,0.16457418477678326,0.041841016645182735,0.05910531818189257,0.08954900587216075,0.444
707,10.714285714285715,2166.666666666667,125.0,2035,modest,moderate_re,1.8,solved,1983982581921.5618,577.0786106937803,563.0021505125371,1.8010000000000002,0.12636785269912787,601.0943805961064,1.5423417019711103,0.6245937128410959,0.21083210238212086,0.16457418477678326,0.04109456808985539,0.05910531818189257,0.08954900587216075,8.233
708,10.714285714285715,2312.5,25.0,2035,modest,moderate_re,1.8,solved,1956308071903.3547,581.1345030867002,555.1488513976121,1.8010000000000004,0.23044031707625973,619.3435186770752,1.367425861137946,0.5725499775989494,0.2628758376242674,0.16457418477678326,0.08793392980778739,0.05910531818189257,0.08954900587216075,0.262
709,10.714285714285715,2312.5,34.09090909090909,2035,modest,moderate_re,1.8,solved,1961777129492.682,580.6979540383259,556.7008263051165,1.8010000000000002,0.21033210314367495,612.9813522905607,1.437291345798247,0.5814355324203362,0.25399028280288044,0.16457418477678326,0.07993693046853914,0.05910531818189257,0.08954900587216075,0.378
710,10.714285714285715,2312.5,43.18181818181819,2035,modest,moderate_re,1.8,solved,1965964788247.1118,580.8319660760607,557.8891738772375,1.8009999999999997,0.19290515492391935,611.1970600207355,1.4534114937471476,0.5877890544230743,0.24763676080014227,0.16457418477678326,0.0742187606660747,0.05910531818189257,0.08954900587216075,0.728
711,10.714285714285715,2312.5,52.27272727272727,2035,modest,moderate_re,1.8,solved,1969708532477.9688,580.4430716128039,558.9515501662974,1.8010000000000002,0.18374622009527938,607.2407677580496,1.484090056610038,0.5933188861374896,0.24210692908572726,0.16457418477678326,0.06924191212310116,0.05910531818189257,0.08954900587216075,0.459
712,10.714285714285715,2312.5,61.36363636363637,2035,modest,moderate_re,1.8,solved,1973011433602.807,580.7209785690492,559.8888267599322,1.8010000000000004,0.17278550184068167,606.3231655352545,1.4928123862401343,0.59724407672983,0.23818173849338647,0.16457418477678326,0.06570924058999458,0.05910531818189257,0.08954900587216075,0.881
713,10.714285714285715,2312.5,70.45454545454547,2035,modest,moderate_re,1.8,solved,1975839080918.674,579.9633163908358,560.6912388043879,1.801,0.16440346088393729,603.5125273327684,1.5135728671710276,0.6013137288975894,0.23411208632562722,0.16457418477678326,0.06204655363901122,0.05910531818189257,0.08954900587216075,0.367
714,10.714285714285715,2312.5,79.54545454545455,2035,modest,moderate_re,1.8,solved,1978313173417.6448,577.5089853014938,561.3933212773793,1.8010000000000004,0.13334147045360636,604.9341526176297,1.5222280371440353,0.6235775116515584,0.21184830357165813,0.16457418477678326,0.04200914916043903,0.05910531818189257,0.08954900587216075,0.248
715,10.714285714285715,2312.5,88.63636363636364,2035,modest,moderate_re,1.8,solved,1980274256366.6675,577.6440902154251,561.9498251134986,1.8010000000000002,0.1340913714604331,604.0348818539389,1.530343138759876,0.6235775116515584,0.21184830357165813,0.16457418477678326,0.04200914916043903,0.05910531818189257,0.08954900587216075,0.471
716,10.714285714285715,2312.5,97.72727272727273,2035,modest,moderate_re,1.8,solved,1982208737736.537,578.2894536011039,562.4987801201037,1.8010000000000002,0.13368120257918062,604.3329254540423,1.530507261648863,0.623764325557399,0.21166148966581783,0.16457418477678326,0.041841016645182735,0.05910531818189257,0.08954900587216075,0.478
717,10.714285714285715,2312.5,106.81818181818183,2035,modest,moderate_re,1.8,solved,1984084579137.454,578.1807424406965,563.0310946436081,1.8009999999999997,0.13286013913168357,604.1304767819059,1.5382390474662526,0.623764325557399,0.21166148966581783,0.16457418477678326,0.041841016645182735,0.05910531818189257,0.08954900587216075,0.479
718,10.714285714285715,2312.5,115.90909090909092,2035,modest,moderate_re,1.8,solved,1985791481668.221,578.1052963362102,563.5154687526823,1.8010000000000004,0.12799587975390395,603.822288129905,1.5419399050626343,0.623764325557399,0.21166148966581783,0.16457418477678326,0.041841016645182735,0.05910531818189257,0.08954900587216075,0.788
719,10.714285714285715,2312.5,125.0,2035,modest,moderate_re,1.8,solved,1987474471486.07,578.4897189050937,563.993057061861,1.8010000000000002,0.12636785269912787,603.976206079694,1.5423417019711103,0.6245937128410959,0.21083210238212086,0.16457418477678326,0.04109456808985539,0.05910531818189257,0.08954900587216075,0.722
720,10.714285714285715,2458.3333333333335,25.0,2035,modest,moderate_re,1.8,solved,1959676260212.5908,582.6204669229111,556.104654779512,1.8010000000000006,0.23056283867297384,622.7823691467015,1.3698969167082486,0.5708181616801553,0.2646076535430614,0.16457418477678326,0.08949256413470205,0.05910531818189257,0.08954900587216075,0.262
721,10.714285714285715,2458.3333333333335,34.09090909090909,2035,modest,moderate_re,1.8,solved,1965172064369.5427,582.0717911588648,557.6642196604511,1.8010000000000002,0.21033210314367495,615.7813570571008,1.437291345798247,0.5814355324203362,0.25399028280288044,0.16457418477678326,0.07993693046853914,0.05910531818189257,0.08954900587216075,0.379
722,10.714285714285715,2458.3333333333335,43.18181818181819,2035,modest,moderate_re,1.8,solved,1969376678903.3933,582.2124937680372,558.8573788374542,1.8009999999999997,0.19290515492391935,614.0091100060723,1.4534114937471476,0.5877890544230743,0.24763676080014227,0.16457418477678326,0.0742187606660747,0.05910531818189257,0.08954900587216075,0.778
723,10.714285714285715,2458.3333333333335,52.27272727272727,2035,modest,moderate_re,1.8,solved,1973135419239.9448,581.8294729544286,559.9240106274607,1.8010000000000002,0.18374622009527938,610.0633013826784,1.484090056610038,0.5933188861374896,0.24210692908572726,0.16457418477678326,0.06924191212310116,0.05910531818189257,0.08954900587216075,0.613
724,10.714285714285715,2458.3333333333335,61.36363636363637,2035,modest,moderate_re,1.8,solved,1976449486481.744,582.1116526216025,560.8644558718282,1.8010000000000004,0.17278550184068167,609.1531406670479,1.4928123862401343,0.59724407672983,0.23818173849338647,0.16457418477678326,0.06570924058999458,0.05910531818189257,0.08954900587216075,0.466
725,10.714285714285715,2458.3333333333335,70.45454545454547,2035,modest,moderate_re,1.8,solved,1979288923893.729,581.3584640934029,561.6702136359136,1.801,0.16440346088393729,606.3502178467967,1.5135728671710276,0.6013137288975894,0.23411208632562722,0.16457418477678326,0.06204655363901122,0.05910531818189257,0.08954900587216075,0.482
726,10.714285714285715,2458.3333333333335,79.54545454545455,2035,modest,moderate_re,1.8,solved,1981800299595.9634,579.3567025362337,562.3828761028054,1.8010000000000006,0.1370137202819921,608.2369645287243,1.5201572680756112,0.622062243700563,0.21336357152265376,0.16457418477678326,0.043372890316335025,0.05910531818189257,0.08954900587216075,0.491
727,10.714285714285715,2458.3333333333335,88.63636363636364,2035,modest,moderate_re,1.8,solved,1983761646883.7686,579.0537837309016,562.9394549513288,1.8010000000000002,0.1340913714604331,606.9147807894379,1.530343138759876,0.6235775116515584,0.21184830357165813,0.16457418477678326,0.04200914916043903,0.05910531818189257,0.08954900587216075,0.263
728,10.714285714285715,2458.3333333333335,97.72727272727273,2035,modest,moderate_re,1.8,solved,1985696674924.0884,579.6993534142322,563.4885650886501,1.8010000000000002,0.13368120257918062,607.2131785575715,1.530507261648863,0.623764325557399,0.21166148966581783,0.16457418477678326,0.041841016645182735,0.05910531818189257,0.08954900587216075,0.372
729,10.714285714285715,2458.3333333333335,106.81818181818183,2035,modest,moderate_re,1.8,solved,1987572692682.046,579.5906698879307,564.020929657651,1.8009999999999997,0.13286013913168357,607.0107298854349,1.5382390474662526,0.623764325557399,0.21166148966581783,0.16457418477678326,0.041841016645182735,0.05910531818189257,0.08954900587216075,0.471
730,10.714285714285715,2458.3333333333335,115.90909090909092,2035,modest,moderate_re,1.8,solved,1989280944210.4062,579.5154886593397,564.5056865768129,1.8010000000000004,0.12799587975390395,606.702541233434,1.5419399050626343,0.623764325557399,0.21166148966581783,0.16457418477678326,0.041841016645182735,0.05910531818189257,0.08954900587216075,0.358
731,10.714285714285715,2458.3333333333335,125.0,2035,modest,moderate_re,1.8,solved,1990966361050.5781,579.9008271164072,564.9839636111847,1.8010000000000002,0.12636785269912787,606.8580315632817,1.5423417019711103,0.6245937128410959,0.21083210238212086,0.16457418477678326,0.04109456808985539,0.05910531818189257,0.08954900587216075,0.713
732,10.714285714285715,2604.166666666667,25.0,2035,modest,moderate_re,1.8,solved,1963042860286.1357,583.9831234293931,557.0600074618353,1.8010000000000006,0.23056283867297384,625.5622451478802,1.3698969167082486,0.5708181616801553,0.2646076535430614,0.16457418477678326,0.08949256413470205,0.05910531818189257,0.08954900587216075,0.673
733,10.714285714285715,2604.166666666667,34.09090909090909,2035,modest,moderate_re,1.8,solved,1968565244623.8154,583.5748663147202,558.6271150999775,1.8010000000000002,0.21190140729411075,618.7873379070402,1.4360795600906107,0.5806061451366392,0.25481967008657763,0.16457418477678326,0.08068337902386649,0.05910531818189257,0.08954900587216075,0.373
734,10.714285714285715,2604.166666666667,43.18181818181819,2035,modest,moderate_re,1.8,solved,1972788569559.6758,583.5930214600137,559.8255837976712,1.8009999999999997,0.19290515492391935,616.8211599914092,1.4534114937471476,0.5877890544230743,0.24763676080014227,0.16457418477678326,0.0742187606660747,0.05910531818189257,0.08954900587216075,0.366
735,10.714285714285715,2604.166666666667,52.27272727272727,2035,modest,moderate_re,1.8,solved,1976560386442.4885,583.7706085552793,560.8959263680714,1.801,0.1896657411970639,613.5150785303201,1.481219272223771,0.5895208703418686,0.24590494488134823,0.16457418477678326,0.07266012633916004,0.05910531818189257,0.08954900587216075,0.354
736,10.714285714285715,2604.166666666667,61.36363636363637,2035,modest,moderate_re,1.8,solved,1979887539360.6804,583.5023266741557,561.8400849837241,1.8010000000000004,0.17278550184068167,611.9831157988411,1.4928123862401343,0.59724407672983,0.23818173849338647,0.16457418477678326,0.06570924058999458,0.05910531818189257,0.08954900587216075,0.698
737,10.714285714285715,2604.166666666667,70.45454545454547,2035,modest,moderate_re,1.8,solved,1982738766868.7837,582.7536117959702,562.6491884674391,1.801,0.16440346088393729,609.1879083608245,1.5135728671710276,0.6013137288975894,0.23411208632562722,0.16457418477678326,0.06204655363901122,0.05910531818189257,0.08954900587216075,0.371
738,10.714285714285715,2604.166666666667,79.54545454545455,2035,modest,moderate_re,1.8,solved,1985283256009.4624,580.7647227489733,563.3712476584883,1.8010000000000006,0.1370137202819921,611.113990768733,1.5201572680756112,0.622062243700563,0.21336357152265376,0.16457418477678326,0.043372890316335025,0.05910531818189257,0.08954900587216075,0.462
739,10.714285714285715,2604.166666666667,88.63636363636364,2035,modest,moderate_re,1.8,solved,1987249037400.8691,580.4634772463783,563.9290847891589,1.8010000000000002,0.1340913714604331,609.794679724937,1.530343138759876,0.6235775116515584,0.21184830357165813,0.16457418477678326,0.04200914916043903,0.05910531818189257,0.08954900587216075,0.381
740,10.714285714285715,2604.166666666667,97.72727272727273,2035,modest,moderate_re,1.8,solved,1989184612111.639,581.1092532273606,564.4783500571964,1.8010000000000002,0.13368120257918062,610.0934316611003,1.530507261648863,0.623764325557399,0.21166148966581783,0.16457418477678326,0.041841016645182735,0.05910531818189257,0.08954900587216075,0.377
741,10.714285714285715,2604.166666666667,106.81818181818183,2035,modest,moderate_re,1.8,solved,1991060806226.6365,581.0005973351651,565.0107646716934,1.8009999999999997,0.13286013913168357,609.8909829889639,1.5382390474662526,0.623764325557399,0.21166148966581783,0.16457418477678326,0.041841016645182735,0.05910531818189257,0.08954900587216075,0.559
742,10.714285714285715,2604.166666666667,115.90909090909092,2035,modest,moderate_re,1.8,solved,1992770406752.5908,580.9256809824692,565.4959044009432,1.8010000000000004,0.12799587975390395,609.582794336963,1.5419399050626343,0.623764325557399,0.21166148966581783,0.16457418477678326,0.041841016645182735,0.05910531818189257,0.08954900587216075,0.359
743,10.714285714285715,2604.166666666667,125.0,2035,modest,moderate_re,1.8,solved,1994458250615.0852,581.3119353277203,565.9748701605082,1.8010000000000002,0.12636785269912787,609.7398570468692,1.5423417019711103,0.6245937128410959,0.21083210238212086,0.16457418477678326,0.04109456808985539,0.05910531818189257,0.08954900587216075,0.252
744,10.714285714285715,2750.0,25.0,2035,modest,moderate_re,1.8,solved,1966409460359.6816,585.3457799358752,558.0153601441589,1.8010000000000006,0.23056283867297384,628.3421211490582,1.3698969167082486,0.5708181616801553,0.2646076535430614,0.16457418477678326,0.08949256413470205,0.05910531818189257,0.08954900587216075,0.246
745,10.714285714285715,2750.0,34.09090909090909,2035,modest,moderate_re,1.8,solved,1971957966097.1755,584.9478300496208,559.5898803495302,1.8010000000000002,0.21190140729411075,621.5857702935215,1.4360795600906107,0.5806061451366392,0.25481967008657763,0.16457418477678326,0.08068337902386649,0.05910531818189257,0.08954900587216075,0.664
746,10.714285714285715,2750.0,43.18181818181819,2035,modest,moderate_re,1.8,solved,1976200460215.958,584.9735491519903,560.7937887578883,1.8009999999999997,0.19290515492391935,619.633209976746,1.4534114937471476,0.5877890544230743,0.24763676080014227,0.16457418477678326,0.0742187606660747,0.05910531818189257,0.08954900587216075,0.354
747,10.714285714285715,2750.0,52.27272727272727,2035,modest,moderate_re,1.8,solved,1979977137358.859,585.153010399304,561.8655105424542,1.801,0.1896657411970639,616.3304117500031,1.481219272223771,0.5895208703418686,0.24590494488134823,0.16457418477678326,0.07266012633916004,0.05910531818189257,0.08954900587216075,0.362
748,10.714285714285715,2750.0,61.36363636363637,2035,modest,moderate_re,1.8,solved,1983325592239.6177,584.893000726709,562.8157140956203,1.8010000000000004,0.17278550184068167,614.8130909306345,1.4928123862401343,0.59724407672983,0.23818173849338647,0.16457418477678326,0.06570924058999458,0.05910531818189257,0.08954900587216075,0.471
749,10.714285714285715,2750.0,70.45454545454547,2035,modest,moderate_re,1.8,solved,1986188609843.8381,584.1487594985374,563.6281632989646,1.801,0.16440346088393729,612.0255988748526,1.5135728671710276,0.6013137288975894,0.23411208632562722,0.16457418477678326,0.06204655363901122,0.05910531818189257,0.08954900587216075,0.382
750,10.714285714285715,2750.0,79.54545454545455,2035,modest,moderate_re,1.8,solved,1988765452122.8806,582.9953525412697,564.3594034609762,1.801,0.14438012390137,614.827840468147,1.516003378369463,0.6190226696410149,0.21640314558220192,0.16457418477678326,0.04610850696992839,0.05910531818189257,0.08954900587216075,0.486
751,10.714285714285715,2750.0,88.63636363636364,2035,modest,moderate_re,1.8,solved,1990736427917.9702,581.873170761855,564.9187146269891,1.8010000000000002,0.1340913714604331,612.6745786604364,1.530343138759876,0.6235775116515584,0.21184830357165813,0.16457418477678326,0.04200914916043903,0.05910531818189257,0.08954900587216075,0.477
752,10.714285714285715,2750.0,97.72727272727273,2035,modest,moderate_re,1.8,solved,1992672109080.2832,582.5680958777701,565.4680101031788,1.8010000000000002,0.1340913714604331,613.013651325137,1.530343138759876,0.6235775116515584,0.21184830357165813,0.16457418477678326,0.04200914916043903,0.05910531818189257,0.08954900587216075,0.374
753,10.714285714285715,2750.0,106.81818181818183,2035,modest,moderate_re,1.8,solved,1994548919771.2283,582.4105247823995,566.0005996857363,1.8009999999999997,0.13286013913168357,612.771236092493,1.5382390474662526,0.623764325557399,0.21166148966581783,0.16457418477678326,0.041841016645182735,0.05910531818189257,0.08954900587216075,0.521
754,10.714285714285715,2750.0,115.90909090909092,2035,modest,moderate_re,1.8,solved,1996259869294.7761,582.3358733055987,566.4861222250738,1.8010000000000004,0.12799587975390395,612.463047440492,1.5419399050626343,0.623764325557399,0.21166148966581783,0.16457418477678326,0.041841016645182735,0.05910531818189257,0.08954900587216075,1.245
755,10.714285714285715,2750.0,125.0,2035,modest,moderate_re,1.8,solved,1997950140179.593,582.7230435390337,566.9657767098319,1.8010000000000002,0.12636785269912787,612.621682530457,1.5423417019711103,0.6245937128410959,0.21083210238212086,0.16457418477678326,0.04109456808985539,0.05910531818189257,0.08954900587216075,0.695
756,10.714285714285715,2895.8333333333335,25.0,2035,modest,moderate_re,1.8,solved,1969776060433.2263,586.7084364423569,558.9707128264821,1.8010000000000006,0.23056283867297384,631.1219971502368,1.3698969167082486,0.5708181616801553,0.2646076535430614,0.16457418477678326,0.08949256413470205,0.05910531818189257,0.08954900587216075,0.286
757,10.714285714285715,2895.8333333333335,34.09090909090909,2035,modest,moderate_re,1.8,solved,1975350546727.2734,586.3499435201135,560.552605631464,1.801,0.21225488249629482,624.4298890709973,1.4358066135124155,0.5804193312307987,0.25500648399241793,0.16457418477678326,0.08085151153912278,0.05910531818189257,0.08954900587216075,0.384
758,10.714285714285715,2895.8333333333335,43.18181818181819,2035,modest,moderate_re,1.8,solved,1979612350872.2415,586.3540768439667,561.7619937181055,1.8009999999999997,0.19290515492391935,622.4452599620827,1.4534114937471476,0.5877890544230743,0.24763676080014227,0.16457418477678326,0.0742187606660747,0.05910531818189257,0.08954900587216075,0.273
759,10.714285714285715,2895.8333333333335,52.27272727272727,2035,modest,moderate_re,1.8,solved,1983393888275.229,586.5354122433289,562.8350947168368,1.801,0.1896657411970639,619.1457449696859,1.481219272223771,0.5895208703418686,0.24590494488134823,0.16457418477678326,0.07266012633916004,0.05910531818189257,0.08954900587216075,0.359
760,10.714285714285715,2895.8333333333335,61.36363636363637,2035,modest,moderate_re,1.8,solved,1986763645118.5547,586.2836747792621,563.7913432075162,1.8010000000000004,0.17278550184068167,617.6430660624277,1.4928123862401343,0.59724407672983,0.23818173849338647,0.16457418477678326,0.06570924058999458,0.05910531818189257,0.08954900587216075,1.061
761,10.714285714285715,2895.8333333333335,70.45454545454547,2035,modest,moderate_re,1.8,solved,1989638452818.893,585.5439072011044,564.6071381304903,1.801,0.16440346088393729,614.8632893888808,1.5135728671710276,0.6013137288975894,0.23411208632562722,0.16457418477678326,0.06204655363901122,0.05910531818189257,0.08954900587216075,0.691
762,10.714285714285715,2895.8333333333335,79.54545454545455,2035,modest,moderate_re,1.8,solved,1992239513880.9653,584.4000161677441,565.3452509470568,1.801,0.14438012390137,617.6991041823343,1.516003378369463,0.6190226696410149,0.21640314558220192,0.16457418477678326,0.04610850696992839,0.05910531818189257,0.08954900587216075,1.142
763,10.714285714285715,2895.8333333333335,88.63636363636364,2035,modest,moderate_re,1.8,solved,1994223818435.071,583.2828642773314,565.9083444648192,1.8010000000000002,0.1340913714604331,615.5544775959356,1.530343138759876,0.6235775116515584,0.21184830357165813,0.16457418477678326,0.04200914916043903,0.05910531818189257,0.08954900587216075,0.94
764,10.714285714285715,2895.8333333333335,97.72727272727273,2035,modest,moderate_re,1.8,solved,1996159499597.384,583.9777893932467,566.4576399410089,1.8010000000000002,0.1340913714604331,615.8935502606362,1.530343138759876,0.6235775116515584,0.21184830357165813,0.16457418477678326,0.04200914916043903,0.05910531818189257,0.08954900587216075,0.372
765,10.714285714285715,2895.8333333333335,106.81818181818183,2035,modest,moderate_re,1.8,solved,1998037033315.819,583.8204522296339,566.9904346997789,1.8009999999999997,0.13286013913168357,615.651489196022,1.5382390474662526,0.623764325557399,0.21166148966581783,0.16457418477678326,0.041841016645182735,0.05910531818189257,0.08954900587216075,0.716
766,10.714285714285715,2895.8333333333335,115.90909090909092,2035,modest,moderate_re,1.8,solved,1999749331836.9612,583.7460656287283,567.4763400492043,1.8010000000000004,0.12799587975390395,615.3433005440208,1.5419399050626343,0.623764325557399,0.21166148966581783,0.16457418477678326,0.041841016645182735,0.05910531818189257,0.08954900587216075,0.682
767,10.714285714285715,2895.8333333333335,125.0,2035,modest,moderate_re,1.8,solved,2001442029744.1008,584.1341517503472,567.9566832591555,1.8010000000000002,0.12636785269912787,615.5035080140445,1.5423417019711103,0.6245937128410959,0.21083210238212086,0.16457418477678326,0.04109456808985539,0.05910531818189257,0.08954900587216075,0.291
768,10.714285714285715,3041.666666666667,25.0,2035,modest,moderate_re,1.8,solved,1973142660506.771,588.0710929488389,559.9260655088053,1.8010000000000006,0.23056283867297384,633.9018731514151,1.3698969167082486,0.5708181616801553,0.2646076535430614,0.16457418477678326,0.08949256413470205,0.05910531818189257,0.08954900587216075,0.711
769,10.714285714285715,3041.666666666667,34.09090909090909,2035,modest,moderate_re,1.8,solved,1978742769646.3865,587.7227105307747,561.5152294044151,1.801,0.21225488249629482,627.2279672894489,1.4358066135124155,0.5804193312307987,0.25500648399241793,0.16457418477678326,0.08085151153912278,0.05910531818189257,0.08954900587216075,0.94
770,10.714285714285715,3041.666666666667,43.18181818181819,2035,modest,moderate_re,1.8,solved,1983023906435.278,587.7603824334519,562.7301035876601,1.801,0.19307317040926683,625.2663186809772,1.4534110928396888,0.5876079710160567,0.24781784420715988,0.16457418477678326,0.07438173573239057,0.05910531818189257,0.08954900587216075,0.566
771,10.714285714285715,3041.666666666667,52.27272727272727,2035,modest,moderate_re,1.8,solved,1986810639191.5981,587.9178140873536,563.8046788912193,1.801,0.1896657411970639,621.9610781893687,1.481219272223771,0.5895208703418686,0.24590494488134823,0.16457418477678326,0.07266012633916004,0.05910531818189257,0.08954900587216075,0.565
772,10.714285714285715,3041.666666666667,61.36363636363637,2035,modest,moderate_re,1.8,solved,1990201590866.2507,587.7172063974873,564.7669419183798,1.8010000000000002,0.1731820459433744,620.5213279027631,1.4925495497604955,0.5970648412805696,0.23836097394264727,0.16457418477678326,0.06587055249432917,0.05910531818189257,0.08954900587216075,0.276
773,10.714285714285715,3041.666666666667,70.45454545454547,2035,modest,moderate_re,1.8,solved,1993088295793.9473,586.939054903672,565.5861129620157,1.801,0.16440346088393729,617.7009799029089,1.5135728671710276,0.6013137288975894,0.23411208632562722,0.16457418477678326,0.06204655363901122,0.05910531818189257,0.08954900587216075,0.488
774,10.714285714285715,3041.666666666667,79.54545454545455,2035,modest,moderate_re,1.8,solved,1995713573405.544,585.806785872724,566.331097799327,1.8009999999999995,0.14439856640286342,620.5724562851352,1.5159927192130576,0.6190153364351063,0.2164104787881105,0.16457418477678326,0.046115106855246064,0.05910531818189257,0.08954900587216075,0.781
775,10.714285714285715,3041.666666666667,88.63636363636364,2035,modest,moderate_re,1.8,solved,1997711208952.172,584.6925577928082,566.8979743026493,1.8010000000000002,0.1340913714604331,618.4343765314345,1.530343138759876,0.6235775116515584,0.21184830357165813,0.16457418477678326,0.04200914916043903,0.05910531818189257,0.08954900587216075,0.469
776,10.714285714285715,3041.666666666667,97.72727272727273,2035,modest,moderate_re,1.8,solved,1999646890114.4849,585.3874829087234,567.447269778839,1.8010000000000002,0.1340913714604331,618.7734491961352,1.530343138759876,0.6235775116515584,0.21184830357165813,0.16457418477678326,0.04200914916043903,0.05910531818189257,0.08954900587216075,0.369
777,10.714285714285715,3041.666666666667,106.81818181818183,2035,modest,moderate_re,1.8,solved,2001525146860.411,585.2303796768682,567.9802697138217,1.8009999999999997,0.13286013913168357,618.5317422995508,1.5382390474662526,0.623764325557399,0.21166148966581783,0.16457418477678326,0.041841016645182735,0.05910531818189257,0.08954900587216075,0.799
778,10.714285714285715,3041.666666666667,115.90909090909092,2035,modest,moderate_re,1.8,solved,2003238794379.1462,585.1562579518578,568.4665578733348,1.8010000000000004,0.12799587975390395,618.2235536475498,1.5419399050626343,0.623764325557399,0.21166148966581783,0.16457418477678326,0.041841016645182735,0.05910531818189257,0.08954900587216075,0.599
779,10.714285714285715,3041.666666666667,125.0,2035,modest,moderate_re,1.8,solved,2004933919308.609,585.5452599616606,568.9475898084793,1.8010000000000002,0.12636785269912787,618.3853334976322,1.5423417019711103,0.6245937128410959,0.21083210238212086,0.16457418477678326,0.04109456808985539,0.05910531818189257,0.08954900587216075,0.501
780,10.714285714285715,3187.5,25.0,2035,modest,moderate_re,1.8,solved,1976509260580.316,589.4337494553209,560.8814181911285,1.8010000000000006,0.23056283867297384,636.6817491525935,1.3698969167082486,0.5708181616801553,0.2646076535430614,0.16457418477678326,0.08949256413470205,0.05910531818189257,0.08954900587216075,0.289
781,10.714285714285715,3187.5,34.09090909090909,2035,modest,moderate_re,1.8,solved,1982134992565.5,589.0954775414359,562.4778531773663,1.801,0.21225488249629482,630.0260455079003,1.4358066135124155,0.5804193312307987,0.25500648399241793,0.16457418477678326,0.08085151153912278,0.05910531818189257,0.08954900587216075,0.391
782,10.714285714285715,3187.5,43.18181818181819,2035,modest,moderate_re,1.8,solved,1986435288889.479,589.1407141589666,563.6981643334735,1.801,0.19307317040926683,628.0780253623548,1.4534110928396888,0.5876079710160567,0.24781784420715988,0.16457418477678326,0.07438173573239057,0.05910531818189257,0.08954900587216075,1.008
783,10.714285714285715,3187.5,52.27272727272727,2035,modest,moderate_re,1.8,solved,1990224795882.0515,589.6474799248442,564.7735268924201,1.8010000000000004,0.19321930932806228,625.1859949831538,1.4789342490633601,0.5878396809648583,0.24758613425835854,0.16457418477678326,0.0741731967784693,0.05910531818189257,0.08954900587216075,0.775
784,10.714285714285715,3187.5,61.36363636363637,2035,modest,moderate_re,1.8,solved,1993639131597.7263,589.107684718448,565.742425696277,1.8010000000000002,0.1731820459433744,623.3509632340172,1.4925495497604955,0.5970648412805696,0.23836097394264727,0.16457418477678326,0.06587055249432917,0.05910531818189257,0.08954900587216075,0.686
785,10.714285714285715,3187.5,70.45454545454547,2035,modest,moderate_re,1.8,solved,1996538138769.0024,588.3342026062388,566.5650877935415,1.801,0.16440346088393729,620.5386704169368,1.5135728671710276,0.6013137288975894,0.23411208632562722,0.16457418477678326,0.06204655363901122,0.05910531818189257,0.08954900587216075,0.786
786,10.714285714285715,3187.5,79.54545454545455,2035,modest,moderate_re,1.8,solved,1999185986450.1567,587.1245542939618,567.3164774238252,1.8009999999999995,0.14574605295556015,618.9149150852957,1.5243562323942081,0.6087323870501344,0.22669342817308244,0.16457418477678326,0.055369761301720936,0.05910531818189257,0.08954900587216075,0.402
787,10.714285714285715,3187.5,88.63636363636364,2035,modest,moderate_re,1.8,solved,2001198599469.2722,586.1022513082847,567.8876041404792,1.8010000000000002,0.1340913714604331,621.3142754669336,1.530343138759876,0.6235775116515584,0.21184830357165813,0.16457418477678326,0.04200914916043903,0.05910531818189257,0.08954900587216075,0.566
788,10.714285714285715,3187.5,97.72727272727273,2035,modest,moderate_re,1.8,solved,2003134280631.5852,586.7971764242,568.4368996166689,1.8010000000000002,0.1340913714604331,621.6533481316343,1.530343138759876,0.6235775116515584,0.21184830357165813,0.16457418477678326,0.04200914916043903,0.05910531818189257,0.08954900587216075,0.601
789,10.714285714285715,3187.5,106.81818181818183,2035,modest,moderate_re,1.8,solved,2005013260405.0022,586.6403071241027,568.9701047278644,1.8009999999999997,0.13286013913168357,621.4119954030797,1.5382390474662526,0.623764325557399,0.21166148966581783,0.16457418477678326,0.041841016645182735,0.05910531818189257,0.08954900587216075,0.735
790,10.714285714285715,3187.5,115.90909090909092,2035,modest,moderate_re,1.8,solved,2006728256921.3318,586.5664502749873,569.4567756974653,1.8010000000000004,0.12799587975390395,621.1038067510789,1.5419399050626343,0.623764325557399,0.21166148966581783,0.16457418477678326,0.041841016645182735,0.05910531818189257,0.08954900587216075,0.575
791,10.714285714285715,3187.5,125.0,2035,modest,moderate_re,1.8,solved,2008425808873.116,586.9563681729738,569.9384963578028,1.8010000000000002,0.12636785269912787,621.2671589812196,1.5423417019711103,0.6245937128410959,0.21083210238212086,0.16457418477678326,0.04109456808985539,0.05910531818189257,0.08954900587216075,0.389
792,10.714285714285715,3333.3333333333335,25.0,2035,modest,moderate_re,1.8,solved,1979873330636.1875,590.9647197106708,561.8360529208832,1.8010000000000004,0.23261844960883452,639.8748135101769,1.3670891998237777,0.5696477347913766,0.2657780804318402,0.16457418477678326,0.09054594833460278,0.05910531818189257,0.08954900587216075,1.018
793,10.714285714285715,3333.3333333333335,34.09090909090909,2035,modest,moderate_re,1.8,solved,1985513845152.7476,591.3185946335623,563.4366828012851,1.8010000000000002,0.2226222218412744,634.1329311775685,1.4278011585845312,0.5749401260581674,0.26048568916504916,0.16457418477678326,0.08578279619449093,0.05910531818189257,0.08954900587216075,0.522
794,10.714285714285715,3333.3333333333335,43.18181818181819,2035,modest,moderate_re,1.8,solved,1989846671343.679,590.5210458844812,564.6662250792867,1.801,0.19307317040926683,630.8897320437326,1.4534110928396888,0.5876079710160567,0.24781784420715988,0.16457418477678326,0.07438173573239057,0.05910531818189257,0.08954900587216075,0.473
795,10.714285714285715,3333.3333333333335,52.27272727272727,2035,modest,moderate_re,1.8,solved,1993636828619.348,591.0280624043046,565.7417721714974,1.8010000000000004,0.19321930932806228,627.998140947976,1.4789342490633601,0.5878396809648583,0.24758613425835854,0.16457418477678326,0.0741731967784693,0.05910531818189257,0.08954900587216075,0.282
796,10.714285714285715,3333.3333333333335,61.36363636363637,2035,modest,moderate_re,1.8,solved,1997073487406.7012,591.0122323289228,566.7170056768156,1.8010000000000002,0.1782293609338177,626.7865540328221,1.4892040996713252,0.5947834865365914,0.24064232868662547,0.16457418477678326,0.06792377176390955,0.05910531818189257,0.08954900587216075,0.373
797,10.714285714285715,3333.3333333333335,70.45454545454547,2035,modest,moderate_re,1.8,solved,1999987981744.0571,589.7293503088063,567.544062625067,1.801,0.16440346088393729,623.376360930965,1.5135728671710276,0.6013137288975894,0.23411208632562722,0.16457418477678326,0.06204655363901122,0.05910531818189257,0.08954900587216075,0.773
798,10.714285714285715,3333.3333333333335,79.54545454545455,2035,modest,moderate_re,1.8,solved,2002657685512.607,588.5279182373,568.3016544389372,1.8009999999999995,0.14574605295556015,621.7666701387377,1.5243562323942081,0.6087323870501344,0.22669342817308244,0.16457418477678326,0.055369761301720936,0.05910531818189257,0.08954900587216075,0.878
799,10.714285714285715,3333.3333333333335,88.63636363636364,2035,modest,moderate_re,1.8,solved,2004685989986.3735,587.5119448237616,568.8772339783095,1.8010000000000002,0.1340913714604331,624.1941744024329,1.530343138759876,0.6235775116515584,0.21184830357165813,0.16457418477678326,0.04200914916043903,0.05910531818189257,0.08954900587216075,0.456
800,10.714285714285715,3333.3333333333335,97.72727272727273,2035,modest,moderate_re,1.8,solved,2006621671148.6865,588.2068699396766,569.4265294544992,1.8010000000000002,0.1340913714604331,624.5332470671332,1.530343138759876,0.6235775116515584,0.21184830357165813,0.16457418477678326,0.04200914916043903,0.05910531818189257,0.08954900587216075,0.577
801,10.714285714285715,3333.3333333333335,106.81818181818183,2035,modest,moderate_re,1.8,solved,2008501373949.5933,588.050234571337,569.9599397419071,1.8009999999999997,0.13286013913168357,624.2922485066086,1.5382390474662526,0.623764325557399,0.21166148966581783,0.16457418477678326,0.041841016645182735,0.05910531818189257,0.08954900587216075,0.289
802,10.714285714285715,3333.3333333333335,115.90909090909092,2035,modest,moderate_re,1.8,solved,2010217719463.517,587.9766425981168,570.4469935215959,1.8010000000000004,0.12799587975390395,623.9840598546078,1.5419399050626343,0.623764325557399,0.21166148966581783,0.16457418477678326,0.041841016645182735,0.05910531818189257,0.08954900587216075,0.365
803,10.714285714285715,3333.3333333333335,125.0,2035,modest,moderate_re,1.8,solved,2011916664182.2517,588.5637051628192,570.929109412615,1.8010000000000004,0.12799587975390395,624.280665030587,1.5419399050626343,0.623764325557399,0.21166148966581783,0.16457418477678326,0.041841016645182735,0.05910531818189257,0.08954900587216075,0.87
804,10.714285714285715,3479.166666666667,25.0,2035,modest,moderate_re,1.8,solved,1983236909343.521,592.3261672213408,562.7905482188272,1.8010000000000004,0.23261844960883465,642.652470577045,1.3670891998237775,0.5696477347913766,0.2657780804318402,0.16457418477678326,0.09054594833460278,0.05910531818189257,0.08954900587216075,0.312
805,10.714285714285715,3479.166666666667,34.09090909090909,2035,modest,moderate_re,1.8,solved,1988891445600.3757,592.6855917714487,564.3951571008654,1.8010000000000002,0.2226222218412744,636.9206217362135,1.4278011585845312,0.5749401260581674,0.26048568916504916,0.16457418477678326,0.08578279619449093,0.05910531818189257,0.08954900587216075,0.565
806,10.714285714285715,3479.166666666667,43.18181818181819,2035,modest,moderate_re,1.8,solved,1993258053797.8792,591.9013776099958,565.6342858250999,1.801,0.19307317040926683,633.7014387251103,1.4534110928396888,0.5876079710160567,0.24781784420715988,0.16457418477678326,0.07438173573239057,0.05910531818189257,0.08954900587216075,0.271
807,10.714285714285715,3479.166666666667,52.27272727272727,2035,modest,moderate_re,1.8,solved,1997048861356.644,592.4086448837653,566.7100174505746,1.8010000000000004,0.19321930932806228,630.8102869127985,1.4789342490633601,0.5878396809648583,0.24758613425835854,0.16457418477678326,0.0741731967784693,0.05910531818189257,0.08954900587216075,1.136
808,10.714285714285715,3479.166666666667,61.36363636363637,2035,modest,moderate_re,1.8,solved,2000504509394.0073,592.4002193279986,567.6906396063223,1.8010000000000002,0.1782293609338177,629.6118642957075,1.4892040996713252,0.5947834865365914,0.24064232868662547,0.16457418477678326,0.06792377176390955,0.05910531818189257,0.08954900587216075,0.489
809,10.714285714285715,3479.166666666667,70.45454545454547,2035,modest,moderate_re,1.8,solved,2003437824719.1118,591.1244980113735,568.5230374565926,1.801,0.16440346088393729,626.2140514449932,1.5135728671710276,0.6013137288975894,0.23411208632562722,0.16457418477678326,0.06204655363901122,0.05910531818189257,0.08954900587216075,0.372
810,10.714285714285715,3479.166666666667,79.54545454545455,2035,modest,moderate_re,1.8,solved,2006128559035.9587,590.1342323377867,569.2865971877347,1.8010000000000004,0.1475294790975395,624.816343267968,1.523325471019887,0.6080232516258322,0.22740256359738473,0.16457418477678326,0.05600798318359288,0.05910531818189257,0.08954900587216075,0.549
811,10.714285714285715,3479.166666666667,88.63636363636364,2035,modest,moderate_re,1.8,solved,2008173380503.4746,588.9216383392381,569.8668638161396,1.8010000000000002,0.1340913714604331,627.0740733379318,1.530343138759876,0.6235775116515584,0.21184830357165813,0.16457418477678326,0.04200914916043903,0.05910531818189257,0.08954900587216075,0.475
812,10.714285714285715,3479.166666666667,97.72727272727273,2035,modest,moderate_re,1.8,solved,2010109061665.7874,589.6165634551533,570.4161592923293,1.8010000000000002,0.1340913714604331,627.4131460026326,1.530343138759876,0.6235775116515584,0.21184830357165813,0.16457418477678326,0.04200914916043903,0.05910531818189257,0.08954900587216075,0.368
813,10.714285714285715,3479.166666666667,106.81818181818183,2035,modest,moderate_re,1.8,solved,2011989487494.184,589.4601620185715,570.9497747559496,1.8009999999999997,0.13286013913168357,627.1725016101376,1.5382390474662526,0.623764325557399,0.21166148966581783,0.16457418477678326,0.041841016645182735,0.05910531818189257,0.08954900587216075,0.708
814,10.714285714285715,3479.166666666667,115.90909090909092,2035,modest,moderate_re,1.8,solved,2013707182005.7014,589.3868349212463,571.4372113457262,1.8010000000000004,0.12799587975390395,626.8643129581367,1.5419399050626343,0.623764325557399,0.21166148966581783,0.16457418477678326,0.041841016645182735,0.05910531818189257,0.08954900587216075,0.488
815,10.714285714285715,3479.166666666667,125.0,2035,modest,moderate_re,1.8,solved,2015406126724.4377,589.973897485949,571.9193272367457,1.8010000000000004,0.12799587975390395,627.160918134116,1.5419399050626343,0.623764325557399,0.21166148966581783,0.16457418477678326,0.041841016645182735,0.05910531818189257,0.08954900587216075,0.563
816,10.714285714285715,3625.0,25.0,2035,modest,moderate_re,1.8,solved,1986600488050.855,593.687614732011,563.7450435167714,1.8010000000000004,0.23261844960883465,645.4301276439135,1.3670891998237775,0.5696477347913766,0.2657780804318402,0.16457418477678326,0.09054594833460278,0.05910531818189257,0.08954900587216075,0.398
817,10.714285714285715,3625.0,34.09090909090909,2035,modest,moderate_re,1.8,solved,1992269046048.0042,594.052588909335,565.3536314004457,1.8010000000000002,0.2226222218412744,639.7083122948583,1.4278011585845312,0.5749401260581674,0.26048568916504916,0.16457418477678326,0.08578279619449093,0.05910531818189257,0.08954900587216075,0.324
818,10.714285714285715,3625.0,43.18181818181819,2035,modest,moderate_re,1.8,solved,1996668148260.321,593.3462982609982,566.6019810726792,1.801,0.19349327483578072,636.5262839154382,1.4534585016016894,0.5871376193344537,0.24828819588876286,0.16457418477678326,0.07480505224583323,0.05910531818189257,0.08954900587216075,0.599
819,10.714285714285715,3625.0,52.27272727272727,2035,modest,moderate_re,1.8,solved,2000460894093.9395,593.7892273632257,567.6782627296516,1.8010000000000004,0.19321930932806228,633.6224328776207,1.4789342490633601,0.5878396809648583,0.24758613425835854,0.16457418477678326,0.0741731967784693,0.05910531818189257,0.08954900587216075,0.477
820,10.714285714285715,3625.0,61.36363636363637,2035,modest,moderate_re,1.8,solved,2003935531381.3137,593.7882063270747,568.6642735358291,1.8010000000000002,0.1782293609338177,632.4371745585928,1.4892040996713252,0.5947834865365914,0.24064232868662547,0.16457418477678326,0.06792377176390955,0.05910531818189257,0.08954900587216075,0.606
821,10.714285714285715,3625.0,70.45454545454547,2035,modest,moderate_re,1.8,solved,2006886931797.875,593.5356270932033,569.5018034600779,1.8010000000000004,0.17388268129683473,630.037685601471,1.5083760196998721,0.59724407672983,0.23818173849338647,0.16457418477678326,0.06570924058999458,0.05910531818189257,0.08954900587216075,0.81
822,10.714285714285715,3625.0,79.54545454545455,2035,modest,moderate_re,1.8,solved,2009591477097.9893,593.1750885803579,570.2692823855472,1.8010000000000004,0.1613092980253058,629.1855998968557,1.515361191052497,0.6025440464532008,0.23288176877001598,0.16457418477678326,0.06093926783896103,0.05910531818189257,0.08954900587216075,0.368
823,10.714285714285715,3625.0,88.63636363636364,2035,modest,moderate_re,1.8,solved,2011660771020.5757,590.3313318547148,570.8564936539698,1.8010000000000002,0.1340913714604331,629.9539722734311,1.530343138759876,0.6235775116515584,0.21184830357165813,0.16457418477678326,0.04200914916043903,0.05910531818189257,0.08954900587216075,0.712
824,10.714285714285715,3625.0,97.72727272727273,2035,modest,moderate_re,1.8,solved,2013596452182.888,591.0262569706298,571.4057891301594,1.8010000000000002,0.1340913714604331,630.2930449381316,1.530343138759876,0.6235775116515584,0.21184830357165813,0.16457418477678326,0.04200914916043903,0.05910531818189257,0.08954900587216075,0.409
825,10.714285714285715,3625.0,106.81818181818183,2035,modest,moderate_re,1.8,solved,2015477601038.7754,590.8700894658058,571.9396097699923,1.8009999999999997,0.13286013913168357,630.0527547136666,1.5382390474662526,0.623764325557399,0.21166148966581783,0.16457418477678326,0.041841016645182735,0.05910531818189257,0.08954900587216075,0.473
826,10.714285714285715,3625.0,115.90909090909092,2035,modest,moderate_re,1.8,solved,2017196644547.887,590.7970272443757,572.4274291698567,1.8010000000000004,0.12799587975390395,629.7445660616656,1.5419399050626343,0.623764325557399,0.21166148966581783,0.16457418477678326,0.041841016645182735,0.05910531818189257,0.08954900587216075,0.803
827,10.714285714285715,3625.0,125.0,2035,modest,moderate_re,1.8,solved,2018895589266.622,591.3840898090783,572.909545060876,1.8010000000000004,0.12799587975390395,630.0411712376449,1.5419399050626343,0.623764325557399,0.21166148966581783,0.16457418477678326,0.041841016645182735,0.05910531818189257,0.08954900587216075,0.465
828,10.714285714285715,3770.8333333333335,25.0,2035,modest,moderate_re,1.8,solved,1989964066758.189,595.049062242681,564.6995388147155,1.8010000000000004,0.23261844960883465,648.2077847107819,1.3670891998237775,0.5696477347913766,0.2657780804318402,0.16457418477678326,0.09054594833460278,0.05910531818189257,0.08954900587216075,0.287
829,10.714285714285715,3770.8333333333335,34.09090909090909,2035,modest,moderate_re,1.8,solved,1995646646495.6333,595.4195860472214,566.3121057000263,1.8010000000000002,0.2226222218412744,642.4960028535035,1.4278011585845312,0.5749401260581674,0.26048568916504916,0.16457418477678326,0.08578279619449093,0.05910531818189257,0.08954900587216075,0.495
830,10.714285714285715,3770.8333333333335,43.18181818181819,2035,modest,moderate_re,1.8,solved,2000078210694.605,594.726120977121,567.5696672315086,1.801,0.19349327483578072,639.3370988884194,1.4534585016016894,0.5871376193344537,0.24828819588876286,0.16457418477678326,0.07480505224583323,0.05910531818189257,0.08954900587216075,0.379
831,10.714285714285715,3770.8333333333335,52.27272727272727,2035,modest,moderate_re,1.8,solved,2003872926831.2354,595.1698098426864,568.6465080087287,1.8010000000000004,0.19321930932806228,636.434578842443,1.4789342490633601,0.5878396809648583,0.24758613425835854,0.16457418477678326,0.0741731967784693,0.05910531818189257,0.08954900587216075,0.479
832,10.714285714285715,3770.8333333333335,61.36363636363637,2035,modest,moderate_re,1.8,solved,2007364632129.9548,595.3527816783012,569.6373622682611,1.8010000000000002,0.17997056534733544,635.4670490010571,1.488049998437006,0.5939964730538715,0.24142934216934533,0.16457418477678326,0.06863208389835745,0.05910531818189257,0.08954900587216075,0.707
833,10.714285714285715,3770.8333333333335,70.45454545454547,2035,modest,moderate_re,1.8,solved,2010324984676.8118,594.9263011457566,570.4774325719738,1.801,0.17388268129683462,632.8676607332644,1.5083760196998721,0.59724407672983,0.23818173849338647,0.16457418477678326,0.06570924058999458,0.05910531818189257,0.08954900587216075,0.285
834,10.714285714285715,3770.8333333333335,79.54545454545455,2035,modest,moderate_re,1.8,solved,2013044944708.0476,594.5715988723657,571.2492857932913,1.8010000000000004,0.1613092980253058,632.025622887916,1.515361191052497,0.6025440464532008,0.23288176877001598,0.16457418477678326,0.06093926783896103,0.05910531818189257,0.08954900587216075,0.373
835,10.714285714285715,3770.8333333333335,88.63636363636364,2035,modest,moderate_re,1.8,solved,2015148161537.6763,591.7410253701916,571.8461234917999,1.8010000000000002,0.1340913714604331,632.8338712089302,1.530343138759876,0.6235775116515584,0.21184830357165813,0.16457418477678326,0.04200914916043903,0.05910531818189257,0.08954900587216075,0.479
836,10.714285714285715,3770.8333333333335,97.72727272727273,2035,modest,moderate_re,1.8,solved,2017083842699.9888,592.4359504861064,572.3954189679895,1.8010000000000002,0.1340913714604331,633.1729438736309,1.530343138759876,0.6235775116515584,0.21184830357165813,0.16457418477678326,0.04200914916043903,0.05910531818189257,0.08954900587216075,0.499
837,10.714285714285715,3770.8333333333335,106.81818181818183,2035,modest,moderate_re,1.8,solved,2018965714583.3674,592.2800169130402,572.9294447840352,1.8009999999999997,0.13286013913168357,632.9330078171956,1.5382390474662526,0.623764325557399,0.21166148966581783,0.16457418477678326,0.041841016645182735,0.05910531818189257,0.08954900587216075,0.252
838,10.714285714285715,3770.8333333333335,115.90909090909092,2035,modest,moderate_re,1.8,solved,2020686107090.0725,592.2072195675053,573.4176469939874,1.8010000000000004,0.12799587975390395,632.6248191651944,1.5419399050626343,0.623764325557399,0.21166148966581783,0.16457418477678326,0.041841016645182735,0.05910531818189257,0.08954900587216075,0.594
839,10.714285714285715,3770.8333333333335,125.0,2035,modest,moderate_re,1.8,solved,2022385051808.8079,592.794282132208,573.8997628850067,1.8010000000000004,0.12799587975390395,632.9214243411737,1.5419399050626343,0.623764325557399,0.21166148966581783,0.16457418477678326,0.041841016645182735,0.05910531818189257,0.08954900587216075,0.578
840,10.714285714285715,3916.666666666667,25.0,2035,modest,moderate_re,1.8,solved,1993312354447.6348,596.3084592772192,565.649694923378,1.8010000000000002,0.23397144869385283,649.39311450846,1.3650422119060608,0.5718646992369273,0.2635611159862895,0.16457418477678326,0.0894925641347016,0.05910531818189257,0.08860712207106629,0.252
841,10.714285714285715,3916.666666666667,34.09090909090909,2035,modest,moderate_re,1.8,solved,1999024246943.2612,596.7865831851079,567.2705799996065,1.8010000000000002,0.2226222218412744,645.2836934121483,1.4278011585845312,0.5749401260581674,0.26048568916504916,0.16457418477678326,0.08578279619449093,0.05910531818189257,0.08954900587216075,0.517
842,10.714285714285715,3916.666666666667,43.18181818181819,2035,modest,moderate_re,1.8,solved,2003488273128.8892,596.105943693244,568.5373533903379,1.801,0.19349327483578072,642.1479138614009,1.4534585016016894,0.5871376193344537,0.24828819588876286,0.16457418477678326,0.07480505224583323,0.05910531818189257,0.08954900587216075,0.473
843,10.714285714285715,3916.666666666667,52.27272727272727,2035,modest,moderate_re,1.8,solved,2007284959568.5312,596.5503923221469,569.6147532878058,1.8010000000000004,0.19321930932806228,639.2467248072652,1.4789342490633601,0.5878396809648583,0.24758613425835854,0.16457418477678326,0.0741731967784693,0.05910531818189257,0.08954900587216075,0.576
844,10.714285714285715,3916.666666666667,61.36363636363637,2035,modest,moderate_re,1.8,solved,2010793405304.548,596.7399092301918,570.6103580437814,1.8010000000000002,0.17997056534733544,638.2908672175483,1.488049998437006,0.5939964730538715,0.24142934216934533,0.16457418477678326,0.06863208389835745,0.05910531818189257,0.08954900587216075,0.597
845,10.714285714285715,3916.666666666667,70.45454545454547,2035,modest,moderate_re,1.8,solved,2013763037555.749,596.31697519831,571.4530616838699,1.801,0.17388268129683462,635.6976358650579,1.5083760196998721,0.59724407672983,0.23818173849338647,0.16457418477678326,0.06570924058999458,0.05910531818189257,0.08954900587216075,0.482
846,10.714285714285715,3916.666666666667,79.54545454545455,2035,modest,moderate_re,1.8,solved,2016498412318.1057,595.9681091643733,572.2292892010354,1.8010000000000004,0.1613092980253058,634.8656458789769,1.515361191052497,0.6025440464532008,0.23288176877001598,0.16457418477678326,0.06093926783896103,0.05910531818189257,0.08954900587216075,0.357
847,10.714285714285715,3916.666666666667,88.63636363636364,2035,modest,moderate_re,1.8,solved,2018635552054.7769,593.150718885668,572.8357533296299,1.8010000000000002,0.1340913714604331,635.7137701444293,1.530343138759876,0.6235775116515584,0.21184830357165813,0.16457418477678326,0.04200914916043903,0.05910531818189257,0.08954900587216075,0.285
848,10.714285714285715,3916.666666666667,97.72727272727273,2035,modest,moderate_re,1.8,solved,2020571233217.0903,593.845644001583,573.3850488058198,1.8010000000000002,0.1340913714604331,636.0528428091299,1.530343138759876,0.6235775116515584,0.21184830357165813,0.16457418477678326,0.04200914916043903,0.05910531818189257,0.08954900587216075,0.692
849,10.714285714285715,3916.666666666667,106.81818181818183,2035,modest,moderate_re,1.8,solved,2022453828127.9583,593.6899443602746,573.9192797980778,1.8009999999999997,0.13286013913168357,635.8132609207245,1.5382390474662526,0.623764325557399,0.21166148966581783,0.16457418477678326,0.041841016645182735,0.05910531818189257,0.08954900587216075,0.621
850,10.714285714285715,3916.666666666667,115.90909090909092,2035,modest,moderate_re,1.8,solved,2024175569632.2578,593.6174118906348,574.4078648181179,1.8010000000000004,0.12799587975390395,635.5050722687237,1.5419399050626343,0.623764325557399,0.21166148966581783,0.16457418477678326,0.041841016645182735,0.05910531818189257,0.08954900587216075,0.378
851,10.714285714285715,3916.666666666667,125.0,2035,modest,moderate_re,1.8,solved,2025874514350.9924,594.2044744553374,574.889980709137,1.8010000000000004,0.12799587975390395,635.8016774447028,1.5419399050626343,0.623764325557399,0.21166148966581783,0.16457418477678326,0.041841016645182735,0.05910531818189257,0.08954900587216075,0.255
852,10.714285714285715,4062.5,25.0,2035,modest,moderate_re,1.8,solved,1996484390421.0142,597.5382958010254,566.5498354239996,1.8010000000000002,0.28253748598770717,630.072009961844,1.3481284308210884,0.5865651576799796,0.24886065754323716,0.16457418477678326,0.08949256413470215,0.05910531818189257,0.0753767094723187,0.582
853,10.714285714285715,4062.5,34.09090909090909,2035,modest,moderate_re,1.8,solved,2002401847390.8901,598.1535803229941,568.229054299187,1.8010000000000002,0.2226222218412744,648.0713839707932,1.4278011585845312,0.5749401260581674,0.26048568916504916,0.16457418477678326,0.08578279619449093,0.05910531818189257,0.08954900587216075,0.585
854,10.714285714285715,4062.5,43.18181818181819,2035,modest,moderate_re,1.8,solved,2006898335563.172,597.4857664093668,569.5050395491669,1.801,0.19349327483578072,644.958728834382,1.4534585016016894,0.5871376193344537,0.24828819588876286,0.16457418477678326,0.07480505224583323,0.05910531818189257,0.08954900587216075,0.478
855,10.714285714285715,4062.5,52.27272727272727,2035,modest,moderate_re,1.8,solved,2010696992305.8262,597.9309748016072,570.5829985668826,1.8010000000000004,0.19321930932806228,642.0588707720874,1.4789342490633601,0.5878396809648583,0.24758613425835854,0.16457418477678326,0.0741731967784693,0.05910531818189257,0.08954900587216075,0.285
856,10.714285714285715,4062.5,61.36363636363637,2035,modest,moderate_re,1.8,solved,2014222178479.141,598.1270367820825,571.5833538193018,1.8010000000000002,0.17997056534733544,641.1146854340392,1.488049998437006,0.5939964730538715,0.24142934216934533,0.16457418477678326,0.06863208389835745,0.05910531818189257,0.08954900587216075,0.384
857,10.714285714285715,4062.5,70.45454545454547,2035,modest,moderate_re,1.8,solved,2017201090434.6855,597.7076492508633,572.4286907957659,1.801,0.17388268129683462,638.5276109968512,1.5083760196998721,0.59724407672983,0.23818173849338647,0.16457418477678326,0.06570924058999458,0.05910531818189257,0.08954900587216075,0.261
858,10.714285714285715,4062.5,79.54545454545455,2035,modest,moderate_re,1.8,solved,2019951879928.1636,597.3646194563811,573.2092926087795,1.8010000000000004,0.1613092980253058,637.7056688700374,1.515361191052497,0.6025440464532008,0.23288176877001598,0.16457418477678326,0.06093926783896103,0.05910531818189257,0.08954900587216075,0.587
859,10.714285714285715,4062.5,88.63636363636364,2035,modest,moderate_re,1.8,solved,2022122942571.878,594.5604124011446,573.82538316746,1.8010000000000002,0.1340913714604331,638.5936690799285,1.530343138759876,0.6235775116515584,0.21184830357165813,0.16457418477678326,0.04200914916043903,0.05910531818189257,0.08954900587216075,0.37
860,10.714285714285715,4062.5,97.72727272727273,2035,modest,moderate_re,1.8,solved,2024058623734.191,595.2553375170597,574.3746786436499,1.8010000000000002,0.1340913714604331,638.9327417446291,1.530343138759876,0.6235775116515584,0.21184830357165813,0.16457418477678326,0.04200914916043903,0.05910531818189257,0.08954900587216075,0.257
861,10.714285714285715,4062.5,106.81818181818183,2035,modest,moderate_re,1.8,solved,2025941941672.5493,595.0998718075091,574.9091148121205,1.8009999999999997,0.13286013913168357,638.6935140242534,1.5382390474662526,0.623764325557399,0.21166148966581783,0.16457418477678326,0.041841016645182735,0.05910531818189257,0.08954900587216075,0.275
862,10.714285714285715,4062.5,115.90909090909092,2035,modest,moderate_re,1.8,solved,2027665032174.4429,595.0276042137642,575.3980826422484,1.8010000000000004,0.12799587975390395,638.3853253722526,1.5419399050626343,0.623764325557399,0.21166148966581783,0.16457418477678326,0.041841016645182735,0.05910531818189257,0.08954900587216075,0.891
863,10.714285714285715,4062.5,125.0,2035,modest,moderate_re,1.8,solved,2029363976893.1785,595.6146667784668,575.8801985332678,1.8010000000000004,0.12799587975390395,638.6819305482318,1.5419399050626343,0.623764325557399,0.21166148966581783,0.16457418477678326,0.041841016645182735,0.05910531818189257,0.08954900587216075,0.351
864,10.714285714285715,4208.333333333334,25.0,2035,modest,moderate_re,1.8,solved,1999310199973.9407,598.1780993335966,567.3517259595989,1.8009999999999993,0.2845149376674439,628.0125931302532,1.3475882542996926,0.5922646571350771,0.24316115808813937,0.16457418477678326,0.08669073077152899,0.05910531818189257,0.07304899332590385,0.687
865,10.714285714285715,4208.333333333334,34.09090909090909,2035,modest,moderate_re,1.8,solved,2005779447838.5186,599.5205774608805,569.1875285987674,1.8010000000000002,0.2226222218412744,650.8590745294384,1.4278011585845312,0.5749401260581674,0.26048568916504916,0.16457418477678326,0.08578279619449093,0.05910531818189257,0.08954900587216075,0.479
866,10.714285714285715,4208.333333333334,43.18181818181819,2035,modest,moderate_re,1.8,solved,2010308397997.4558,598.8655891254897,570.4727257079961,1.801,0.19349327483578072,647.7695438073634,1.4534585016016894,0.5871376193344537,0.24828819588876286,0.16457418477678326,0.07480505224583323,0.05910531818189257,0.08954900587216075,0.714
867,10.714285714285715,4208.333333333334,52.27272727272727,2035,modest,moderate_re,1.8,solved,2014108708908.638,599.3576636680796,571.5511541352959,1.8009999999999997,0.19370907990415334,644.9243926144811,1.4786193157151306,0.5876079710160567,0.24781784420715988,0.16457418477678326,0.07438173573239057,0.05910531818189257,0.08954900587216075,0.374
868,10.714285714285715,4208.333333333334,61.36363636363637,2035,modest,moderate_re,1.8,solved,2017650935425.151,599.608786986049,572.5563449895764,1.8010000000000004,0.1810266404838426,644.0407739948798,1.4875378347061092,0.5933188861374896,0.24210692908572726,0.16457418477678326,0.06924191212310116,0.05910531818189257,0.08954900587216075,0.69
869,10.714285714285715,4208.333333333334,70.45454545454547,2035,modest,moderate_re,1.8,solved,2020639143313.6228,599.0983233034166,573.4043199076619,1.801,0.17388268129683462,641.3575861286446,1.5083760196998721,0.59724407672983,0.23818173849338647,0.16457418477678326,0.06570924058999458,0.05910531818189257,0.08954900587216075,0.397
870,10.714285714285715,4208.333333333334,79.54545454545455,2035,modest,moderate_re,1.8,solved,2023405347538.2227,598.7611297483892,574.1892960165238,1.8010000000000004,0.1613092980253058,640.5456918610979,1.515361191052497,0.6025440464532008,0.23288176877001598,0.16457418477678326,0.06093926783896103,0.05910531818189257,0.08954900587216075,0.776
871,10.714285714285715,4208.333333333334,88.63636363636364,2035,modest,moderate_re,1.8,solved,2025610333088.9788,595.9701059166214,574.8150130052902,1.8010000000000002,0.1340913714604331,641.4735680154275,1.530343138759876,0.6235775116515584,0.21184830357165813,0.16457418477678326,0.04200914916043903,0.05910531818189257,0.08954900587216075,0.612
872,10.714285714285715,4208.333333333334,97.72727272727273,2035,modest,moderate_re,1.8,solved,2027546014251.2917,596.6650310325365,575.36430848148,1.8010000000000002,0.1340913714604331,641.8126406801283,1.530343138759876,0.6235775116515584,0.21184830357165813,0.16457418477678326,0.04200914916043903,0.05910531818189257,0.08954900587216075,0.566
873,10.714285714285715,4208.333333333334,106.81818181818183,2035,modest,moderate_re,1.8,solved,2029430055217.1414,596.5097992547433,575.8989498261634,1.8009999999999997,0.13286013913168357,641.5737671277826,1.5382390474662526,0.623764325557399,0.21166148966581783,0.16457418477678326,0.041841016645182735,0.05910531818189257,0.08954900587216075,0.372
874,10.714285714285715,4208.333333333334,115.90909090909092,2035,modest,moderate_re,1.8,solved,2031154494716.628,596.4377965368938,576.3883004663788,1.8010000000000004,0.12799587975390395,641.2655784757815,1.5419399050626343,0.623764325557399,0.21166148966581783,0.16457418477678326,0.041841016645182735,0.05910531818189257,0.08954900587216075,1.038
875,10.714285714285715,4208.333333333334,125.0,2035,modest,moderate_re,1.8,solved,2032853439435.3638,597.0248591015965,576.8704163573983,1.8010000000000004,0.12799587975390395,641.5621836517607,1.5419399050626343,0.623764325557399,0.21166148966581783,0.16457418477678326,0.041841016645182735,0.05910531818189257,0.08954900587216075,0.491
876,10.714285714285715,4354.166666666667,25.0,2035,modest,moderate_re,1.8,solved,2002085472304.0146,599.1463809820215,568.1392753586346,1.8009999999999993,0.28473930132314296,629.3107440554768,1.3486840013512498,0.5922646571350771,0.24316115808813937,0.16457418477678326,0.08723510073224053,0.05910531818189257,0.07250462336519231,0.673
877,10.714285714285715,4354.166666666667,34.09090909090909,2035,modest,moderate_re,1.8,solved,2008809630373.3818,601.3823137232553,570.0474148190996,1.8009999999999997,0.27171661304382627,632.1504271653494,1.3750017805023027,0.5909812264352299,0.2444445887879867,0.16457418477678326,0.08578279619449088,0.05910531818189257,0.07511201553280467,0.381
878,10.714285714285715,4354.166666666667,43.18181818181819,2035,modest,moderate_re,1.8,solved,2013718460431.7393,600.2454118416124,571.4404118668252,1.801,0.19349327483578072,650.5803587803447,1.4534585016016894,0.5871376193344537,0.24828819588876286,0.16457418477678326,0.07480505224583323,0.05910531818189257,0.08954900587216075,0.792
879,10.714285714285715,4354.166666666667,52.27272727272727,2035,modest,moderate_re,1.8,solved,2017520091362.8384,600.737995393594,572.5192148811092,1.8009999999999997,0.19370907990415334,647.7360992958585,1.4786193157151306,0.5876079710160567,0.24781784420715988,0.16457418477678326,0.07438173573239057,0.05910531818189257,0.08954900587216075,0.371
880,10.714285714285715,4354.166666666667,61.36363636363637,2035,modest,moderate_re,1.8,solved,2021077900309.1157,600.9952010055608,573.5288276197084,1.8010000000000004,0.1810266404838426,646.8633076195086,1.4875378347061092,0.5933188861374896,0.24210692908572726,0.16457418477678326,0.06924191212310116,0.05910531818189257,0.08954900587216075,0.595
881,10.714285714285715,4354.166666666667,70.45454545454547,2035,modest,moderate_re,1.8,solved,2024077196192.5596,600.4889973559698,574.3799490195579,1.801,0.17388268129683462,644.187561260438,1.5083760196998721,0.59724407672983,0.23818173849338647,0.16457418477678326,0.06570924058999458,0.05910531818189257,0.08954900587216075,0.593
882,10.714285714285715,4354.166666666667,79.54545454545455,2035,modest,moderate_re,1.8,solved,2026858815148.2808,600.1576400403966,575.169299424268,1.8010000000000004,0.1613092980253058,643.3857148521587,1.515361191052497,0.6025440464532008,0.23288176877001598,0.16457418477678326,0.06093926783896103,0.05910531818189257,0.08954900587216075,0.362
883,10.714285714285715,4354.166666666667,88.63636363636364,2035,modest,moderate_re,1.8,solved,2029097723606.0798,597.3797994320979,575.8046428431204,1.8010000000000002,0.1340913714604331,644.3534669509265,1.530343138759876,0.6235775116515584,0.21184830357165813,0.16457418477678326,0.04200914916043903,0.05910531818189257,0.08954900587216075,0.703
884,10.714285714285715,4354.166666666667,97.72727272727273,2035,modest,moderate_re,1.8,solved,2031033404768.393,598.074724548013,576.3539383193103,1.8010000000000002,0.1340913714604331,644.6925396156273,1.530343138759876,0.6235775116515584,0.21184830357165813,0.16457418477678326,0.04200914916043903,0.05910531818189257,0.08954900587216075,0.602
885,10.714285714285715,4354.166666666667,106.81818181818183,2035,modest,moderate_re,1.8,solved,2032918168761.7322,597.9197267019777,576.888784840206,1.8009999999999997,0.13286013913168357,644.4540202313115,1.5382390474662526,0.623764325557399,0.21166148966581783,0.16457418477678326,0.041841016645182735,0.05910531818189257,0.08954900587216075,0.409
886,10.714285714285715,4354.166666666667,115.90909090909092,2035,modest,moderate_re,1.8,solved,2034643957258.8132,597.8479888600233,577.3785182905094,1.8010000000000004,0.12799587975390395,644.1458315793104,1.5419399050626343,0.623764325557399,0.21166148966581783,0.16457418477678326,0.041841016645182735,0.05910531818189257,0.08954900587216075,0.26
887,10.714285714285715,4354.166666666667,125.0,2035,modest,moderate_re,1.8,solved,2036342901977.5488,598.4350514247259,577.8606341815288,1.8010000000000004,0.12799587975390395,644.4424367552897,1.5419399050626343,0.623764325557399,0.21166148966581783,0.16457418477678326,0.041841016645182735,0.05910531818189257,0.08954900587216075,0.786
888,10.714285714285715,4500.0,25.0,2035,modest,moderate_re,1.8,solved,2004860149646.3896,600.2879278422507,568.9266559157877,1.8009999999999997,0.28476201129456297,631.7800856218884,1.3487092060685926,0.5922646571350771,0.24316115808813937,0.16457418477678326,0.08724762250080945,0.05910531818189257,0.0724921015966234,0.699
889,10.714285714285715,4500.0,34.09090909090909,2035,modest,moderate_re,1.8,solved,2011674136676.247,602.5108771121519,570.8602864760211,1.801,0.2718104203387554,634.2557735242856,1.3748753855569493,0.5916132220464566,0.24381259317676016,0.16457418477678326,0.08543705475491402,0.05910531818189257,0.07488896092227747,0.367
890,10.714285714285715,4500.0,43.18181818181819,2035,modest,moderate_re,1.8,solved,2017128522866.0227,601.6252345577353,572.4080980256545,1.801,0.19349327483578072,653.3911737533261,1.4534585016016894,0.5871376193344537,0.24828819588876286,0.16457418477678326,0.07480505224583323,0.05910531818189257,0.08954900587216075,0.262
891,10.714285714285715,4500.0,52.27272727272727,2035,modest,moderate_re,1.8,solved,2020931153165.5044,602.1815972039304,573.4871846344384,1.8010000000000002,0.1941319468020314,650.5494653786452,1.478719973216661,0.5871376193344537,0.24828819588876286,0.16457418477678326,0.07480505224583323,0.05910531818189257,0.08954900587216075,0.679
892,10.714285714285715,4500.0,61.36363636363637,2035,modest,moderate_re,1.8,solved,2024504865193.0803,602.3816150250726,574.5013102498403,1.8010000000000004,0.1810266404838426,649.6858412441371,1.4875378347061092,0.5933188861374896,0.24210692908572726,0.16457418477678326,0.06924191212310116,0.05910531818189257,0.08954900587216075,0.604
893,10.714285714285715,4500.0,70.45454545454547,2035,modest,moderate_re,1.8,solved,2027515249071.497,601.879671408523,575.3555781314541,1.801,0.17388268129683462,647.017536392231,1.5083760196998721,0.59724407672983,0.23818173849338647,0.16457418477678326,0.06570924058999458,0.05910531818189257,0.08954900587216075,0.705
894,10.714285714285715,4500.0,79.54545454545455,2035,modest,moderate_re,1.8,solved,2030310739093.3728,601.9138386956994,576.1488647804367,1.801,0.16440346088393729,646.5527893211687,1.5135728671710276,0.6013137288975894,0.23411208632562722,0.16457418477678326,0.06204655363901122,0.05910531818189257,0.08954900587216075,0.821
895,10.714285714285715,4500.0,88.63636363636364,2035,modest,moderate_re,1.8,solved,2032585114123.1807,598.7894929475746,576.7942726809505,1.8010000000000002,0.1340913714604331,647.2333658864259,1.530343138759876,0.6235775116515584,0.21184830357165813,0.16457418477678326,0.04200914916043903,0.05910531818189257,0.08954900587216075,0.758
896,10.714285714285715,4500.0,97.72727272727273,2035,modest,moderate_re,1.8,solved,2034520795285.4932,599.4844180634896,577.3435681571401,1.8010000000000002,0.1340913714604331,647.5724385511263,1.530343138759876,0.6235775116515584,0.21184830357165813,0.16457418477678326,0.04200914916043903,0.05910531818189257,0.08954900587216075,1.018
897,10.714285714285715,4500.0,106.81818181818183,2035,modest,moderate_re,1.8,solved,2036406282306.3237,599.329654149212,577.8786198542488,1.8009999999999997,0.13286013913168357,647.3342733348404,1.5382390474662526,0.623764325557399,0.21166148966581783,0.16457418477678326,0.041841016645182735,0.05910531818189257,0.08954900587216075,0.461
898,10.714285714285715,4500.0,115.90909090909092,2035,modest,moderate_re,1.8,solved,2038133419800.9983,599.2581811831528,578.3687361146399,1.8010000000000004,0.12799587975390395,647.0260846828395,1.5419399050626343,0.623764325557399,0.21166148966581783,0.16457418477678326,0.041841016645182735,0.05910531818189257,0.08954900587216075,0.577
899,10.714285714285715,4500.0,125.0,2035,modest,moderate_re,1.8,solved,2039832364519.7334,599.8452437478553,578.8508520056591,1.8010000000000004,0.12799587975390395,647.3226898588185,1.5419399050626343,0.623764325557399,0.21166148966581783,0.16457418477678326,0.041841016645182735,0.05910531818189257,0.08954900587216075,0.405
900,13.571428571428571,1000.0,25.0,2035,modest,moderate_re,1.8,solved,1937420716723.768,572.0266564746254,549.7891160448438,1.8010000000000004,0.23074160247036948,597.8459195725368,1.357088763289833,0.5784127080684415,0.25701310715477504,0.16457418477678326,0.0826574723852442,0.05910531818189257,0.08954900587216075,0.363
901,13.571428571428571,1000.0,34.09090909090909,2035,modest,moderate_re,1.8,solved,1942850812091.806,571.0345848243142,551.3300344972289,1.8010000000000004,0.20472660272391477,590.3646776361304,1.4365998227681065,0.5878396809648583,0.24758613425835854,0.16457418477678326,0.0741731967784693,0.05910531818189257,0.08954900587216075,0.689
902,13.571428571428571,1000.0,43.18181818181819,2035,modest,moderate_re,1.8,solved,1947032212707.758,571.5559198790189,552.5166061740102,1.8010000000000004,0.19216820971219312,588.9946264363227,1.4509919629216013,0.5902046657609773,0.24522114946223933,0.16457418477678326,0.07204471046196212,0.05910531818189257,0.08954900587216075,0.701
903,13.571428571428571,1000.0,52.27272727272727,2035,modest,moderate_re,1.8,solved,1950694804099.7986,571.3119410376148,553.5559534187679,1.8009999999999997,0.18515379551776726,585.2234208031806,1.4802358276034655,0.5947834865365914,0.24064232868662547,0.16457418477678326,0.06792377176390955,0.05910531818189257,0.08954900587216075,0.599
904,13.571428571428571,1000.0,61.36363636363637,2035,modest,moderate_re,1.8,solved,1954003709437.413,570.6606245599602,554.4949338502972,1.8010000000000002,0.16601670892221543,583.0369386411966,1.4958041112169773,0.6013137288975894,0.23411208632562722,0.16457418477678326,0.06204655363901122,0.05910531818189257,0.08954900587216075,0.264
905,13.571428571428571,1000.0,70.45454545454547,2035,modest,moderate_re,1.8,solved,1956770599217.3237,570.6401687141985,555.2801045017513,1.8009999999999997,0.16234936377585457,585.1995870274319,1.5042966029496916,0.6128269958381729,0.22259881938504386,0.16457418477678326,0.05168461339248615,0.05910531818189257,0.08954900587216075,0.27
906,13.571428571428571,1000.0,79.54545454545455,2035,modest,moderate_re,1.8,solved,1958951887514.3406,568.227497736015,555.8990968322781,1.8010000000000004,0.13334147045360636,581.970328107232,1.5222280371440353,0.6235775116515584,0.21184830357165813,0.16457418477678326,0.04200914916043903,0.05910531818189257,0.08954900587216075,0.919
907,13.571428571428571,1000.0,88.63636363636364,2035,modest,moderate_re,1.8,solved,1960912933538.64,568.3133764023959,556.4555901901308,1.8010000000000002,0.13368120257918062,581.0280649530389,1.530507261648863,0.623764325557399,0.21166148966581783,0.16457418477678326,0.041841016645182735,0.05910531818189257,0.08954900587216075,0.474
908,13.571428571428571,1000.0,97.72727272727273,2035,modest,moderate_re,1.8,solved,1962841013828.9026,569.0055524032265,557.0027287384578,1.8010000000000002,0.13368120257918062,581.3659134313765,1.530507261648863,0.623764325557399,0.21166148966581783,0.16457418477678326,0.041841016645182735,0.05910531818189257,0.08954900587216075,0.259
909,13.571428571428571,1000.0,106.81818181818183,2035,modest,moderate_re,1.8,solved,1964715652384.142,568.2876126686967,557.5347019259499,1.801,0.1286740048283734,579.9324270620372,1.5413464232333236,0.623764325557399,0.21166148966581783,0.16457418477678326,0.041841016645182735,0.05910531818189257,0.08954900587216075,0.388
910,13.571428571428571,1000.0,115.90909090909092,2035,modest,moderate_re,1.8,solved,1966402144625.4595,568.6722107259063,558.013284130923,1.8010000000000004,0.12704597777359777,580.0785904173366,1.5417482201417994,0.6245937128410959,0.21083210238212086,0.16457418477678326,0.04109456808985539,0.05910531818189257,0.08954900587216075,0.429
911,13.571428571428571,1000.0,125.0,2035,modest,moderate_re,1.8,solved,1968078130153.2637,569.1952204676544,558.4888848065438,1.8010000000000002,0.12636785269912787,580.9950426365002,1.5423417019711103,0.6245937128410959,0.21083210238212086,0.16457418477678326,0.04109456808985539,0.05910531818189257,0.08954900587216075,0.464
912,13.571428571428571,1145.8333333333333,25.0,2035,modest,moderate_re,1.8,solved,1940808836838.642,573.3975644502584,550.7505755497057,1.8010000000000004,0.23074160247036948,600.6401935679096,1.357088763289833,0.5784127080684415,0.25701310715477504,0.16457418477678326,0.0826574723852442,0.05910531818189257,0.08954900587216075,0.603
913,13.571428571428571,1145.8333333333333,34.09090909090909,2035,modest,moderate_re,1.8,solved,1946263473668.837,572.4152953349164,552.2984582245074,1.8010000000000004,0.20472660272391477,593.1768236009528,1.4365998227681065,0.5878396809648583,0.24758613425835854,0.16457418477678326,0.0741731967784693,0.05910531818189257,0.08954900587216075,1.73
914,13.571428571428571,1145.8333333333333,43.18181818181819,2035,modest,moderate_re,1.8,solved,1950450917501.4958,572.9390684523706,553.4867448074742,1.8010000000000004,0.19216820971219312,591.8112560181543,1.4509919629216013,0.5902046657609773,0.24522114946223933,0.16457418477678326,0.07204471046196212,0.05910531818189257,0.08954900587216075,7.503
915,13.571428571428571,1145.8333333333333,52.27272727272727,2035,modest,moderate_re,1.8,solved,1954125826087.1052,572.6999280366908,554.5295873482747,1.8009999999999997,0.18515379551776726,588.0487310660659,1.4802358276034655,0.5947834865365914,0.24064232868662547,0.16457418477678326,0.06792377176390955,0.05910531818189257,0.08954900587216075,0.504
916,13.571428571428571,1145.8333333333333,61.36363636363637,2035,modest,moderate_re,1.8,solved,1957453552412.468,572.0557722625273,555.4739086818229,1.8010000000000002,0.16601670892221554,585.8746291552246,1.4958041112169773,0.6013137288975894,0.23411208632562722,0.16457418477678326,0.06204655363901122,0.05910531818189257,0.08954900587216075,0.679
917,13.571428571428571,1145.8333333333333,70.45454545454547,2035,modest,moderate_re,1.8,solved,1960226407918.6797,572.0379705677407,556.2607722497206,1.8009999999999997,0.16234936377585457,588.0591047767016,1.5042966029496916,0.6128269958381729,0.22259881938504386,0.16457418477678326,0.05168461339248615,0.05910531818189257,0.08954900587216075,0.27
918,13.571428571428571,1145.8333333333333,79.54545454545455,2035,modest,moderate_re,1.8,solved,1962439278031.441,569.6371912514915,556.8887266701081,1.8010000000000004,0.13334147045360636,584.8502270427313,1.5222280371440353,0.6235775116515584,0.21184830357165813,0.16457418477678326,0.04200914916043903,0.05910531818189257,0.08954900587216075,0.383
919,13.571428571428571,1145.8333333333333,88.63636363636364,2035,modest,moderate_re,1.8,solved,1964400360980.464,569.772296165423,557.4452305062276,1.8010000000000002,0.1340913714604331,583.9509562790406,1.530343138759876,0.6235775116515584,0.21184830357165813,0.16457418477678326,0.04200914916043903,0.05910531818189257,0.08954900587216075,0.604
920,13.571428571428571,1145.8333333333333,97.72727272727273,2035,modest,moderate_re,1.8,solved,1966328951016.4531,570.4154522163548,557.992513707004,1.8010000000000002,0.13368120257918062,584.2461665349056,1.530507261648863,0.623764325557399,0.21166148966581783,0.16457418477678326,0.041841016645182735,0.05910531818189257,0.08954900587216075,0.362
921,13.571428571428571,1145.8333333333333,106.81818181818183,2035,modest,moderate_re,1.8,solved,1968204647966.299,569.9628411611659,558.5247872390884,1.8009999999999997,0.13060836871073006,583.0531587671754,1.5398748853002968,0.623764325557399,0.21166148966581783,0.16457418477678326,0.041841016645182735,0.05910531818189257,0.08954900587216075,0.56
922,13.571428571428571,1145.8333333333333,115.90909090909092,2035,modest,moderate_re,1.8,solved,1969893921368.8965,570.0832964898408,559.0041586645899,1.8010000000000004,0.12704597777359777,582.9604159009243,1.5417482201417994,0.6245937128410959,0.21083210238212086,0.16457418477678326,0.04109456808985539,0.05910531818189257,0.08954900587216075,0.275
923,13.571428571428571,1145.8333333333333,125.0,2035,modest,moderate_re,1.8,solved,1971570019717.771,570.6063286789675,559.4797913558673,1.8010000000000002,0.12636785269912787,583.8768681200877,1.5423417019711103,0.6245937128410959,0.21083210238212086,0.16457418477678326,0.04109456808985539,0.05910531818189257,0.08954900587216075,0.69
924,13.571428571428571,1291.6666666666667,25.0,2035,modest,moderate_re,1.8,solved,1944196303874.0688,574.7621524038528,551.7118497277726,1.8010000000000004,0.23074756454998435,603.4038849557775,1.3575993021017727,0.577858284380638,0.2575675308425788,0.16457418477678326,0.08315645370426757,0.05910531818189257,0.08954900587216075,0.588
925,13.571428571428571,1291.6666666666667,34.09090909090909,2035,modest,moderate_re,1.8,solved,1949676135245.8687,573.7960058455191,553.266881951786,1.8010000000000004,0.20472660272391477,595.988969565775,1.4365998227681065,0.5878396809648583,0.24758613425835854,0.16457418477678326,0.0741731967784693,0.05910531818189257,0.08954900587216075,0.501
926,13.571428571428571,1291.6666666666667,43.18181818181819,2035,modest,moderate_re,1.8,solved,1953869622295.2336,574.3222170257224,554.4568834409383,1.8010000000000004,0.19216820971219312,594.6278855999859,1.4509919629216013,0.5902046657609773,0.24522114946223933,0.16457418477678326,0.07204471046196212,0.05910531818189257,0.08954900587216075,0.483
927,13.571428571428571,1291.6666666666667,52.27272727272727,2035,modest,moderate_re,1.8,solved,1957556639065.5193,574.1075061817994,555.5031619665472,1.801,0.18535717835969928,590.8987121647187,1.480116836569466,0.5946802684729802,0.24074554675023666,0.16457418477678326,0.06801666802115965,0.05910531818189257,0.08954900587216075,0.671
928,13.571428571428571,1291.6666666666667,61.36363636363637,2035,modest,moderate_re,1.8,solved,1960893371946.2144,574.5248629284448,556.4500391239554,1.8010000000000004,0.1754116104269462,589.9630797159564,1.4894111890535005,0.59724407672983,0.23818173849338647,0.16457418477678326,0.06570924058999458,0.05910531818189257,0.08954900587216075,0.598
929,13.571428571428571,1291.6666666666667,70.45454545454547,2035,modest,moderate_re,1.8,solved,1963682216620.0356,573.4357724212833,557.2414399976899,1.8009999999999997,0.16234936377585457,590.9186225259712,1.5042966029496916,0.6128269958381729,0.22259881938504386,0.16457418477678326,0.05168461339248615,0.05910531818189257,0.08954900587216075,0.63
930,13.571428571428571,1291.6666666666667,79.54545454545455,2035,modest,moderate_re,1.8,solved,1965926668548.5422,571.0468847669682,557.8783565079384,1.8010000000000004,0.13334147045360636,587.7301259782305,1.5222280371440353,0.6235775116515584,0.21184830357165813,0.16457418477678326,0.04200914916043903,0.05910531818189257,0.08954900587216075,0.583
931,13.571428571428571,1291.6666666666667,88.63636363636364,2035,modest,moderate_re,1.8,solved,1967887751497.5647,571.1819896808995,558.4348603440576,1.8010000000000002,0.1340913714604331,586.8308552145396,1.530343138759876,0.6235775116515584,0.21184830357165813,0.16457418477678326,0.04200914916043903,0.05910531818189257,0.08954900587216075,0.506
932,13.571428571428571,1291.6666666666667,97.72727272727273,2035,modest,moderate_re,1.8,solved,1969816888204.004,571.825352029483,558.9822986755504,1.8010000000000002,0.13368120257918062,587.1264196384345,1.530507261648863,0.623764325557399,0.21166148966581783,0.16457418477678326,0.041841016645182735,0.05910531818189257,0.08954900587216075,0.682
933,13.571428571428571,1291.6666666666667,106.81818181818183,2035,modest,moderate_re,1.8,solved,1971693422696.2173,571.3728966341258,559.5148098801618,1.8009999999999997,0.13060836871073006,585.9334118707047,1.5398748853002968,0.623764325557399,0.21166148966581783,0.16457418477678326,0.041841016645182735,0.05910531818189257,0.08954900587216075,0.475
934,13.571428571428571,1291.6666666666667,115.90909090909092,2035,modest,moderate_re,1.8,solved,1973385698112.3328,571.4943822537748,559.9950331982566,1.8010000000000004,0.12704597777359777,585.8422413845119,1.5417482201417994,0.6245937128410959,0.21083210238212086,0.16457418477678326,0.04109456808985539,0.05910531818189257,0.08954900587216075,0.887
935,13.571428571428571,1291.6666666666667,125.0,2035,modest,moderate_re,1.8,solved,1975061909282.279,572.0174368902808,560.4706979051911,1.8010000000000002,0.12636785269912787,586.7586936036754,1.5423417019711103,0.6245937128410959,0.21083210238212086,0.16457418477678326,0.04109456808985539,0.05910531818189257,0.08954900587216075,0.466
936,13.571428571428571,1437.5,25.0,2035,modest,moderate_re,1.8,solved,1947579764287.1409,576.2868205265004,552.6719869316429,1.801,0.23161036014639735,606.0571435952003,1.3598581963220788,0.5754052202164802,0.2600205950067363,0.16457418477678326,0.08536421145200936,0.05910531818189257,0.08954900587216075,0.288
937,13.571428571428571,1437.5,34.09090909090909,2035,modest,moderate_re,1.8,solved,1953088796822.9001,575.1767163561213,554.2353056790646,1.8010000000000004,0.20472660272391477,598.8011155305973,1.4365998227681065,0.5878396809648583,0.24758613425835854,0.16457418477678326,0.0741731967784693,0.05910531818189257,0.08954900587216075,0.366
938,13.571428571428571,1437.5,43.18181818181819,2035,modest,moderate_re,1.8,solved,1957288327088.971,575.7053655990741,555.4270220744022,1.8010000000000004,0.19216820971219312,597.4445151818173,1.4509919629216013,0.5902046657609773,0.24522114946223933,0.16457418477678326,0.07204471046196212,0.05910531818189257,0.08954900587216075,0.619
939,13.571428571428571,1437.5,52.27272727272727,2035,modest,moderate_re,1.8,solved,1960987366117.4795,575.495380463017,556.4767122011488,1.801,0.18535717835969928,593.7238267433586,1.480116836569466,0.5946802684729802,0.24074554675023666,0.16457418477678326,0.06801666802115965,0.05910531818189257,0.08954900587216075,0.545
940,13.571428571428571,1437.5,61.36363636363637,2035,modest,moderate_re,1.8,solved,1964331424825.1514,575.9155369809981,557.4256682358514,1.8010000000000004,0.1754116104269462,592.7930548477497,1.4894111890535005,0.59724407672983,0.23818173849338647,0.16457418477678326,0.06570924058999458,0.05910531818189257,0.08954900587216075,0.899
941,13.571428571428571,1437.5,70.45454545454547,2035,modest,moderate_re,1.8,solved,1967136486483.019,574.751512832513,558.2216710637443,1.8009999999999995,0.16369685032855127,589.4786638878645,1.5126601161308422,0.6025440464532008,0.23288176877001598,0.16457418477678326,0.06093926783896103,0.05910531818189257,0.08954900587216075,1.496
942,13.571428571428571,1437.5,79.54545454545455,2035,modest,moderate_re,1.8,solved,1969414059065.643,572.456578282445,558.8679863457685,1.8010000000000004,0.13334147045360636,590.6100249137295,1.5222280371440353,0.6235775116515584,0.21184830357165813,0.16457418477678326,0.04200914916043903,0.05910531818189257,0.08954900587216075,0.823
943,13.571428571428571,1437.5,88.63636363636364,2035,modest,moderate_re,1.8,solved,1971375142014.6655,572.591683196376,559.4244901818878,1.8010000000000002,0.1340913714604331,589.7107541500388,1.530343138759876,0.6235775116515584,0.21184830357165813,0.16457418477678326,0.04200914916043903,0.05910531818189257,0.08954900587216075,1.027
944,13.571428571428571,1437.5,97.72727272727273,2035,modest,moderate_re,1.8,solved,1973304825391.5547,573.2352518426113,559.9720836440968,1.8010000000000002,0.13368120257918062,590.0066727419634,1.530507261648863,0.623764325557399,0.21166148966581783,0.16457418477678326,0.041841016645182735,0.05910531818189257,0.08954900587216075,0.264
945,13.571428571428571,1437.5,106.81818181818183,2035,modest,moderate_re,1.8,solved,1975182197426.135,572.7829521070857,560.5048325212351,1.8009999999999997,0.13060836871073006,588.8136649742335,1.5398748853002968,0.623764325557399,0.21166148966581783,0.16457418477678326,0.041841016645182735,0.05910531818189257,0.08954900587216075,0.684
946,13.571428571428571,1437.5,115.90909090909092,2035,modest,moderate_re,1.8,solved,1976877474855.7688,572.9054680177089,560.9859077319231,1.8010000000000004,0.12704597777359777,588.7240668680994,1.5417482201417994,0.6245937128410959,0.21083210238212086,0.16457418477678326,0.04109456808985539,0.05910531818189257,0.08954900587216075,0.256
947,13.571428571428571,1437.5,125.0,2035,modest,moderate_re,1.8,solved,1978553798846.7864,573.4285451015943,561.4616044545146,1.8010000000000002,0.12636785269912787,589.640519087263,1.5423417019711103,0.6245937128410959,0.21083210238212086,0.16457418477678326,0.04109456808985539,0.05910531818189257,0.08954900587216075,0.468
948,13.571428571428571,1583.3333333333335,25.0,2035,modest,moderate_re,1.8,solved,1950958990992.512,577.7049458473844,553.6309227204595,1.8010000000000004,0.23207631311948745,608.9457412451168,1.3593040652580968,0.5749596793341462,0.26046613588907047,0.16457418477678326,0.0857651982461101,0.05910531818189257,0.08954900587216075,0.786
949,13.571428571428571,1583.3333333333335,34.09090909090909,2035,modest,moderate_re,1.8,solved,1956501458399.9324,576.557426866724,555.2037294063433,1.8010000000000004,0.20472660272391477,601.6132614954196,1.4365998227681065,0.5878396809648583,0.24758613425835854,0.16457418477678326,0.0741731967784693,0.05910531818189257,0.08954900587216075,0.367
950,13.571428571428571,1583.3333333333335,43.18181818181819,2035,modest,moderate_re,1.8,solved,1960707031882.708,577.0885141724258,556.3971607078661,1.8010000000000004,0.19216820971219312,600.261144763649,1.4509919629216013,0.5902046657609773,0.24522114946223933,0.16457418477678326,0.07204471046196212,0.05910531818189257,0.08954900587216075,0.588
951,13.571428571428571,1583.3333333333335,52.27272727272727,2035,modest,moderate_re,1.8,solved,1964418093169.4402,576.8832547442346,557.4502624357505,1.801,0.18535717835969928,596.5489413219984,1.480116836569466,0.5946802684729802,0.24074554675023666,0.16457418477678326,0.06801666802115965,0.05910531818189257,0.08954900587216075,0.629
952,13.571428571428571,1583.3333333333335,61.36363636363637,2035,modest,moderate_re,1.8,solved,1967769477704.0884,577.3062110335516,558.4012973477475,1.8010000000000004,0.1754116104269462,595.623029979543,1.4894111890535005,0.59724407672983,0.23818173849338647,0.16457418477678326,0.06570924058999458,0.05910531818189257,0.08954900587216075,0.285
953,13.571428571428571,1583.3333333333335,70.45454545454547,2035,modest,moderate_re,1.8,solved,1970589954093.0774,576.1480231245206,559.2016744714884,1.8009999999999995,0.16369685032855127,592.3186868789252,1.5126601161308422,0.6025440464532008,0.23288176877001598,0.16457418477678326,0.06093926783896103,0.05910531818189257,0.08954900587216075,0.468
954,13.571428571428571,1583.3333333333335,79.54545454545455,2035,modest,moderate_re,1.8,solved,1972901449582.7441,573.8662717979214,559.8576161835987,1.8010000000000004,0.13334147045360636,593.4899238492285,1.5222280371440353,0.6235775116515584,0.21184830357165813,0.16457418477678326,0.04200914916043903,0.05910531818189257,0.08954900587216075,0.657
955,13.571428571428571,1583.3333333333335,88.63636363636364,2035,modest,moderate_re,1.8,solved,1974862532531.7668,574.0013767118529,560.414120019718,1.8010000000000002,0.1340913714604331,592.590653085538,1.530343138759876,0.6235775116515584,0.21184830357165813,0.16457418477678326,0.04200914916043903,0.05910531818189257,0.08954900587216075,0.45
956,13.571428571428571,1583.3333333333335,97.72727272727273,2035,modest,moderate_re,1.8,solved,1976792762579.106,574.6451516557396,560.9618686126432,1.8010000000000002,0.13368120257918062,592.8869258454923,1.530507261648863,0.623764325557399,0.21166148966581783,0.16457418477678326,0.041841016645182735,0.05910531818189257,0.08954900587216075,0.587
957,13.571428571428571,1583.3333333333335,106.81818181818183,2035,modest,moderate_re,1.8,solved,1978670972156.0525,574.1930075800454,561.4948551623085,1.8009999999999997,0.13060836871073006,591.6939180777624,1.5398748853002968,0.623764325557399,0.21166148966581783,0.16457418477678326,0.041841016645182735,0.05910531818189257,0.08954900587216075,0.375
958,13.571428571428571,1583.3333333333335,115.90909090909092,2035,modest,moderate_re,1.8,solved,1980369251599.2048,574.3165537816432,561.9767822655897,1.8010000000000004,0.12704597777359777,591.6058923516872,1.5417482201417994,0.6245937128410959,0.21083210238212086,0.16457418477678326,0.04109456808985539,0.05910531818189257,0.08954900587216075,1.425
959,13.571428571428571,1583.3333333333335,125.0,2035,modest,moderate_re,1.8,solved,1982045688411.2942,574.8396533129077,562.4525110038383,1.8010000000000002,0.12636785269912787,592.5223445708504,1.5423417019711103,0.6245937128410959,0.21083210238212086,0.16457418477678326,0.04109456808985539,0.05910531818189257,0.08954900587216075,0.385
960,13.571428571428571,1729.1666666666667,25.0,2035,modest,moderate_re,1.8,solved,1954337520100.5903,579.0721403355091,554.5896605494858,1.8010000000000004,0.23207631311948745,611.733468873514,1.3593040652580968,0.5749596793341462,0.26046613588907047,0.16457418477678326,0.0857651982461101,0.05910531818189257,0.08954900587216075,0.694
961,13.571428571428571,1729.1666666666667,34.09090909090909,2035,modest,moderate_re,1.8,solved,1959914119976.9639,577.9381373773265,556.1721531336219,1.8010000000000004,0.20472660272391477,604.425407460242,1.4365998227681065,0.5878396809648583,0.24758613425835854,0.16457418477678326,0.0741731967784693,0.05910531818189257,0.08954900587216075,0.506
962,13.571428571428571,1729.1666666666667,43.18181818181819,2035,modest,moderate_re,1.8,solved,1964125736676.4465,578.4716627457774,557.3672993413304,1.8010000000000004,0.19216820971219312,603.0777743454804,1.4509919629216013,0.5902046657609773,0.24522114946223933,0.16457418477678326,0.07204471046196212,0.05910531818189257,0.08954900587216075,0.562
963,13.571428571428571,1729.1666666666667,52.27272727272727,2035,modest,moderate_re,1.8,solved,1967848820221.4006,578.2711290254521,558.423812670352,1.801,0.18535717835969928,599.3740559006383,1.480116836569466,0.5946802684729802,0.24074554675023666,0.16457418477678326,0.06801666802115965,0.05910531818189257,0.08954900587216075,0.54
964,13.571428571428571,1729.1666666666667,61.36363636363637,2035,modest,moderate_re,1.8,solved,1971207530583.025,578.6968850861047,559.3769264596434,1.8010000000000004,0.1754116104269462,598.4530051113364,1.4894111890535005,0.59724407672983,0.23818173849338647,0.16457418477678326,0.06570924058999458,0.05910531818189257,0.08954900587216075,0.588
965,13.571428571428571,1729.1666666666667,70.45454545454547,2035,modest,moderate_re,1.8,solved,1974043421703.1362,577.5445334165283,560.1816778792328,1.8009999999999995,0.16369685032855127,595.1587098699857,1.5126601161308422,0.6025440464532008,0.23288176877001598,0.16457418477678326,0.06093926783896103,0.05910531818189257,0.08954900587216075,0.464
966,13.571428571428571,1729.1666666666667,79.54545454545455,2035,modest,moderate_re,1.8,solved,1976388840099.8452,575.2759653133982,560.8472460214289,1.8010000000000004,0.13334147045360636,596.3698227847277,1.5222280371440353,0.6235775116515584,0.21184830357165813,0.16457418477678326,0.04200914916043903,0.05910531818189257,0.08954900587216075,1.194
967,13.571428571428571,1729.1666666666667,88.63636363636364,2035,modest,moderate_re,1.8,solved,1978349923048.868,575.4110702273293,561.4037498575482,1.8010000000000002,0.1340913714604331,595.4705520210371,1.530343138759876,0.6235775116515584,0.21184830357165813,0.16457418477678326,0.04200914916043903,0.05910531818189257,0.08954900587216075,0.614
968,13.571428571428571,1729.1666666666667,97.72727272727273,2035,modest,moderate_re,1.8,solved,1980280699766.6565,576.0550514688679,561.9516535811896,1.8010000000000002,0.13368120257918062,595.7671789490214,1.530507261648863,0.623764325557399,0.21166148966581783,0.16457418477678326,0.041841016645182735,0.05910531818189257,0.08954900587216075,0.265
969,13.571428571428571,1729.1666666666667,106.81818181818183,2035,modest,moderate_re,1.8,solved,1982159746885.9705,575.6030630530054,562.4848778033819,1.8009999999999997,0.13060836871073006,594.5741711812913,1.5398748853002968,0.623764325557399,0.21166148966581783,0.16457418477678326,0.041841016645182735,0.05910531818189257,0.08954900587216075,0.283
970,13.571428571428571,1729.1666666666667,115.90909090909092,2035,modest,moderate_re,1.8,solved,1983861028342.6416,575.7276395455774,562.9676567992565,1.8010000000000004,0.12704597777359777,594.4877178352747,1.5417482201417994,0.6245937128410959,0.21083210238212086,0.16457418477678326,0.04109456808985539,0.05910531818189257,0.08954900587216075,0.567
971,13.571428571428571,1729.1666666666667,125.0,2035,modest,moderate_re,1.8,solved,1985537577975.8018,576.250761524221,563.4434175531619,1.8010000000000002,0.12636785269912787,595.4041700544382,1.5423417019711103,0.6245937128410959,0.21083210238212086,0.16457418477678326,0.04109456808985539,0.05910531818189257,0.08954900587216075,0.912
972,13.571428571428571,1875.0,25.0,2035,modest,moderate_re,1.8,solved,1957716049208.6685,580.4393348236334,555.5483983785118,1.8010000000000004,0.23207631311948745,614.5211965019115,1.3593040652580968,0.5749596793341462,0.26046613588907047,0.16457418477678326,0.0857651982461101,0.05910531818189257,0.08954900587216075,0.348
973,13.571428571428571,1875.0,34.09090909090909,2035,modest,moderate_re,1.8,solved,1963326781553.9958,579.3188478879288,557.1405768609006,1.8010000000000004,0.20472660272391477,607.2375534250642,1.4365998227681065,0.5878396809648583,0.24758613425835854,0.16457418477678326,0.0741731967784693,0.05910531818189257,0.08954900587216075,0.374
974,13.571428571428571,1875.0,43.18181818181819,2035,modest,moderate_re,1.8,solved,1967544441470.1838,579.8548113191291,558.3374379747943,1.8010000000000004,0.19216820971219312,605.894403927312,1.4509919629216013,0.5902046657609773,0.24522114946223933,0.16457418477678326,0.07204471046196212,0.05910531818189257,0.08954900587216075,0.84
975,13.571428571428571,1875.0,52.27272727272727,2035,modest,moderate_re,1.8,solved,1971279547273.3613,579.6590033066698,559.3973629049538,1.801,0.18535717835969928,602.199170479278,1.480116836569466,0.5946802684729802,0.24074554675023666,0.16457418477678326,0.06801666802115965,0.05910531818189257,0.08954900587216075,1.011
976,13.571428571428571,1875.0,61.36363636363637,2035,modest,moderate_re,1.8,solved,1974645583461.9622,580.087559138658,560.3525555715395,1.8010000000000004,0.1754116104269462,601.2829802431297,1.4894111890535005,0.59724407672983,0.23818173849338647,0.16457418477678326,0.06570924058999458,0.05910531818189257,0.08954900587216075,0.732
977,13.571428571428571,1875.0,70.45454545454547,2035,modest,moderate_re,1.8,solved,1977496283064.5393,579.3007506074129,561.1615092495308,1.8010000000000004,0.1667910131871817,598.3571545795205,1.510871792249374,0.6013137288975894,0.23411208632562722,0.16457418477678326,0.06204655363901122,0.05910531818189257,0.08954900587216075,0.242
978,13.571428571428571,1875.0,79.54545454545455,2035,modest,moderate_re,1.8,solved,1979876230616.9458,576.6856588288747,561.8368758592588,1.8010000000000004,0.13334147045360636,599.249721720227,1.5222280371440353,0.6235775116515584,0.21184830357165813,0.16457418477678326,0.04200914916043903,0.05910531818189257,0.08954900587216075,0.484
979,13.571428571428571,1875.0,88.63636363636364,2035,modest,moderate_re,1.8,solved,1981837313565.9685,576.820763742806,562.3933796953783,1.8010000000000002,0.1340913714604331,598.3504509565363,1.530343138759876,0.6235775116515584,0.21184830357165813,0.16457418477678326,0.04200914916043903,0.05910531818189257,0.08954900587216075,0.372
980,13.571428571428571,1875.0,97.72727272727273,2035,modest,moderate_re,1.8,solved,1983768636954.2078,577.4649512819962,562.9414385497361,1.8010000000000002,0.13368120257918062,598.6474320525504,1.530507261648863,0.623764325557399,0.21166148966581783,0.16457418477678326,0.041841016645182735,0.05910531818189257,0.08954900587216075,0.782
981,13.571428571428571,1875.0,106.81818181818183,2035,modest,moderate_re,1.8,solved,1985648473483.7993,577.3600393613298,563.4748867858325,1.8009999999999997,0.13315871577630353,597.7715543479001,1.5379343013381401,0.623764325557399,0.21166148966581783,0.16457418477678326,0.041841016645182735,0.05910531818189257,0.08954900587216075,0.462
982,13.571428571428571,1875.0,115.90909090909092,2035,modest,moderate_re,1.8,solved,1987352805086.078,577.1387253095116,563.9585313329231,1.8010000000000004,0.12704597777359777,597.3695433188624,1.5417482201417994,0.6245937128410959,0.21083210238212086,0.16457418477678326,0.04109456808985539,0.05910531818189257,0.08954900587216075,0.69
983,13.571428571428571,1875.0,125.0,2035,modest,moderate_re,1.8,solved,1989029467540.3098,577.6618697355344,564.4343241024857,1.8010000000000002,0.12636785269912787,598.2859955380256,1.5423417019711103,0.6245937128410959,0.21083210238212086,0.16457418477678326,0.04109456808985539,0.05910531818189257,0.08954900587216075,0.256
984,13.571428571428571,2020.8333333333335,25.0,2035,modest,moderate_re,1.8,solved,1961094578316.7466,581.806529311758,556.507136207538,1.8010000000000004,0.23207631311948745,617.3089241303089,1.3593040652580968,0.5749596793341462,0.26046613588907047,0.16457418477678326,0.0857651982461101,0.05910531818189257,0.08954900587216075,0.465
985,13.571428571428571,2020.8333333333335,34.09090909090909,2035,modest,moderate_re,1.8,solved,1966739443131.0273,580.6995583985315,558.1090005881791,1.8010000000000004,0.20472660272391477,610.0496993898864,1.4365998227681065,0.5878396809648583,0.24758613425835854,0.16457418477678326,0.0741731967784693,0.05910531818189257,0.08954900587216075,0.359
986,13.571428571428571,2020.8333333333335,43.18181818181819,2035,modest,moderate_re,1.8,solved,1970963146263.9214,581.237959892481,559.3075766082583,1.8010000000000004,0.19216820971219312,608.7110335091437,1.4509919629216013,0.5902046657609773,0.24522114946223933,0.16457418477678326,0.07204471046196212,0.05910531818189257,0.08954900587216075,0.447
987,13.571428571428571,2020.8333333333335,52.27272727272727,2035,modest,moderate_re,1.8,solved,1974710274325.3223,581.0468775878873,560.3709131395556,1.801,0.18535717835969928,605.0242850579175,1.480116836569466,0.5946802684729802,0.24074554675023666,0.16457418477678326,0.06801666802115965,0.05910531818189257,0.08954900587216075,0.373
988,13.571428571428571,2020.8333333333335,61.36363636363637,2035,modest,moderate_re,1.8,solved,1978083636340.8992,581.4782331912112,561.3281846834356,1.8010000000000004,0.1754116104269462,604.1129553749231,1.4894111890535005,0.59724407672983,0.23818173849338647,0.16457418477678326,0.06570924058999458,0.05910531818189257,0.08954900587216075,0.409
989,13.571428571428571,2020.8333333333335,70.45454545454547,2035,modest,moderate_re,1.8,solved,1980946126039.594,580.6958983099801,562.1404840810565,1.8010000000000004,0.1667910131871817,601.1948450935485,1.510871792249374,0.6013137288975894,0.23411208632562722,0.16457418477678326,0.06204655363901122,0.05910531818189257,0.08954900587216075,0.278
990,13.571428571428571,2020.8333333333335,79.54545454545455,2035,modest,moderate_re,1.8,solved,1983363621134.0476,578.0953523443513,562.8265056970893,1.8010000000000004,0.13334147045360636,602.1296206557262,1.5222280371440353,0.6235775116515584,0.21184830357165813,0.16457418477678326,0.04200914916043903,0.05910531818189257,0.08954900587216075,0.249
991,13.571428571428571,2020.8333333333335,88.63636363636364,2035,modest,moderate_re,1.8,solved,1985324704083.0693,578.2304572582825,563.3830095332083,1.8010000000000002,0.1340913714604331,601.2303498920352,1.530343138759876,0.6235775116515584,0.21184830357165813,0.16457418477678326,0.04200914916043903,0.05910531818189257,0.08954900587216075,1.015
992,13.571428571428571,2020.8333333333335,97.72727272727273,2035,modest,moderate_re,1.8,solved,1987256574141.759,578.8748510951247,563.9312235182825,1.8010000000000002,0.13368120257918062,601.5276851560793,1.530507261648863,0.623764325557399,0.21166148966581783,0.16457418477678326,0.041841016645182735,0.05910531818189257,0.08954900587216075,0.499
993,13.571428571428571,2020.8333333333335,106.81818181818183,2035,modest,moderate_re,1.8,solved,1989136587028.3904,578.7699668085642,564.4647217998751,1.8009999999999997,0.13315871577630353,600.651807451429,1.5379343013381401,0.623764325557399,0.21166148966581783,0.16457418477678326,0.041841016645182735,0.05910531818189257,0.08954900587216075,0.479
994,13.571428571428571,2020.8333333333335,115.90909090909092,2035,modest,moderate_re,1.8,solved,1990844581829.5142,578.5498110734459,564.9494058665898,1.8010000000000004,0.12704597777359777,600.2513688024502,1.5417482201417994,0.6245937128410959,0.21083210238212086,0.16457418477678326,0.04109456808985539,0.05910531818189257,0.08954900587216075,0.578
995,13.571428571428571,2020.8333333333335,125.0,2035,modest,moderate_re,1.8,solved,1992521357104.8171,579.0729779468478,565.4252306518092,1.8010000000000002,0.12636785269912787,601.1678210216133,1.5423417019711103,0.6245937128410959,0.21083210238212086,0.16457418477678326,0.04109456808985539,0.05910531818189257,0.08954900587216075,0.472
996,13.571428571428571,2166.666666666667,25.0,2035,modest,moderate_re,1.8,solved,1964473107424.8252,583.1737237998825,557.4658740365643,1.8010000000000004,0.23207631311948745,620.0966517587062,1.3593040652580968,0.5749596793341462,0.26046613588907047,0.16457418477678326,0.0857651982461101,0.05910531818189257,0.08954900587216075,0.558
997,13.571428571428571,2166.666666666667,34.09090909090909,2035,modest,moderate_re,1.8,solved,1970139458161.003,583.1216831570371,559.0738355575453,1.8010000000000004,0.21684405025231823,614.4887218786504,1.4272429688249961,0.5814355324203362,0.25399028280288044,0.16457418477678326,0.07993693046853914,0.05910531818189257,0.08954900587216075,0.566
998,13.571428571428571,2166.666666666667,43.18181818181819,2035,modest,moderate_re,1.8,solved,1974381851057.659,582.6211084658324,560.2777152417223,1.8010000000000004,0.19216820971219312,611.5276630909751,1.4509919629216013,0.5902046657609773,0.24522114946223933,0.16457418477678326,0.07204471046196212,0.05910531818189257,0.08954900587216075,0.785
999,13.571428571428571,2166.666666666667,52.27272727272727,2035,modest,moderate_re,1.8,solved,1978141001377.282,582.4347518691048,561.3444633741569,1.801,0.18535717835969928,607.8493996365572,1.480116836569466,0.5946802684729802,0.24074554675023666,0.16457418477678326,0.06801666802115965,0.05910531818189257,0.08954900587216075,0.367
1000,13.571428571428571,2166.666666666667,61.36363636363637,2035,modest,moderate_re,1.8,solved,1981521689219.8364,582.8689072437646,562.3038137953316,1.8010000000000004,0.1754116104269462,606.9429305067164,1.4894111890535005,0.59724407672983,0.23818173849338647,0.16457418477678326,0.06570924058999458,0.05910531818189257,0.08954900587216075,0.362
1001,13.571428571428571,2166.666666666667,70.45454545454547,2035,modest,moderate_re,1.8,solved,1984395969014.6487,582.0910460125473,563.119458912582,1.8010000000000004,0.1667910131871817,604.0325356075765,1.510871792249374,0.6013137288975894,0.23411208632562722,0.16457418477678326,0.06204655363901122,0.05910531818189257,0.08954900587216075,0.824
1002,13.571428571428571,2166.666666666667,79.54545454545455,2035,modest,moderate_re,1.8,solved,1986851011651.148,579.505045859828,563.8161355349192,1.8010000000000004,0.13334147045360636,605.0095195912251,1.5222280371440353,0.6235775116515584,0.21184830357165813,0.16457418477678326,0.04200914916043903,0.05910531818189257,0.08954900587216075,0.365
1003,13.571428571428571,2166.666666666667,88.63636363636364,2035,modest,moderate_re,1.8,solved,1988812094600.1707,579.6401507737593,564.3726393710385,1.8010000000000002,0.1340913714604331,604.1102488275343,1.530343138759876,0.6235775116515584,0.21184830357165813,0.16457418477678326,0.04200914916043903,0.05910531818189257,0.08954900587216075,0.258
1004,13.571428571428571,2166.666666666667,97.72727272727273,2035,modest,moderate_re,1.8,solved,1990744511329.309,580.2847509082527,564.9210084868287,1.8010000000000002,0.13368120257918062,604.4079382596082,1.530507261648863,0.623764325557399,0.21166148966581783,0.16457418477678326,0.041841016645182735,0.05910531818189257,0.08954900587216075,1.027
1005,13.571428571428571,2166.666666666667,106.81818181818183,2035,modest,moderate_re,1.8,solved,1992624700572.9814,580.1798942557984,565.4545568139177,1.8009999999999997,0.13315871577630353,603.532060554958,1.5379343013381401,0.623764325557399,0.21166148966581783,0.16457418477678326,0.041841016645182735,0.05910531818189257,0.08954900587216075,0.257
1006,13.571428571428571,2166.666666666667,115.90909090909092,2035,modest,moderate_re,1.8,solved,1994336358572.9502,579.9608968373799,565.9402804002564,1.8010000000000004,0.12704597777359777,603.1331942860376,1.5417482201417994,0.6245937128410959,0.21083210238212086,0.16457418477678326,0.04109456808985539,0.05910531818189257,0.08954900587216075,0.245
1007,13.571428571428571,2166.666666666667,125.0,2035,modest,moderate_re,1.8,solved,1996013246669.325,580.4840861581612,566.4161372011329,1.8010000000000002,0.12636785269912787,604.0496465052012,1.5423417019711103,0.6245937128410959,0.21083210238212086,0.16457418477678326,0.04109456808985539,0.05910531818189257,0.08954900587216075,0.478
1008,13.571428571428571,2312.5,25.0,2035,modest,moderate_re,1.8,solved,1967851636532.9033,584.5409182880069,558.4246118655905,1.8010000000000004,0.23207631311948745,622.8843793871036,1.3593040652580968,0.5749596793341462,0.26046613588907047,0.16457418477678326,0.0857651982461101,0.05910531818189257,0.08954900587216075,0.694
1009,13.571428571428571,2312.5,34.09090909090909,2035,modest,moderate_re,1.8,solved,1973535028850.4832,584.4956497839612,560.0374093398026,1.8010000000000004,0.21684405025231823,617.2887266451902,1.4272429688249961,0.5814355324203362,0.25399028280288044,0.16457418477678326,0.07993693046853914,0.05910531818189257,0.08954900587216075,0.616
1010,13.571428571428571,2312.5,43.18181818181819,2035,modest,moderate_re,1.8,solved,1977800555851.3965,584.0042570391843,561.2478538751864,1.8010000000000004,0.19216820971219342,614.3442926728068,1.4509919629216008,0.5902046657609773,0.24522114946223933,0.16457418477678326,0.07204471046196212,0.05910531818189257,0.08954900587216075,0.585
1011,13.571428571428571,2312.5,52.27272727272727,2035,modest,moderate_re,1.8,solved,1981569033784.0493,584.0310296978455,562.3172489392234,1.8010000000000002,0.18695508254972848,610.7852420869647,1.479934113251916,0.5933188861374896,0.24210692908572726,0.16457418477678326,0.06924191212310116,0.05910531818189257,0.08954900587216075,0.268
1012,13.571428571428571,2312.5,61.36363636363637,2035,modest,moderate_re,1.8,solved,1984959742098.773,584.2595812963177,563.2794429072276,1.8010000000000004,0.1754116104269462,609.7729056385099,1.4894111890535005,0.59724407672983,0.23818173849338647,0.16457418477678326,0.06570924058999458,0.05910531818189257,0.08954900587216075,0.609
1013,13.571428571428571,2312.5,70.45454545454547,2035,modest,moderate_re,1.8,solved,1987845811989.703,583.4861937151144,564.0984337441074,1.8010000000000004,0.1667910131871817,606.8702261216044,1.510871792249374,0.6013137288975894,0.23411208632562722,0.16457418477678326,0.06204655363901122,0.05910531818189257,0.08954900587216075,0.256
1014,13.571428571428571,2312.5,79.54545454545455,2035,modest,moderate_re,1.8,solved,1990338402168.2488,580.9147393753046,564.8057653727493,1.8010000000000004,0.13334147045360636,607.8894185267244,1.5222280371440353,0.6235775116515584,0.21184830357165813,0.16457418477678326,0.04200914916043903,0.05910531818189257,0.08954900587216075,0.703
1015,13.571428571428571,2312.5,88.63636363636364,2035,modest,moderate_re,1.8,solved,1992299485117.271,581.049844289236,565.3622692088685,1.8010000000000002,0.1340913714604331,606.9901477630336,1.530343138759876,0.6235775116515584,0.21184830357165813,0.16457418477678326,0.04200914916043903,0.05910531818189257,0.08954900587216075,1.105
1016,13.571428571428571,2312.5,97.72727272727273,2035,modest,moderate_re,1.8,solved,1994232448516.8604,581.6946507213811,565.9107934553751,1.8010000000000002,0.13368120257918062,607.2881913631372,1.530507261648863,0.623764325557399,0.21166148966581783,0.16457418477678326,0.041841016645182735,0.05910531818189257,0.08954900587216075,0.536
1017,13.571428571428571,2312.5,106.81818181818183,2035,modest,moderate_re,1.8,solved,1996112814117.5728,581.589821703033,566.4443918279604,1.8009999999999997,0.13315871577630353,606.4123136584868,1.5379343013381401,0.623764325557399,0.21166148966581783,0.16457418477678326,0.041841016645182735,0.05910531818189257,0.08954900587216075,0.596
1018,13.571428571428571,2312.5,115.90909090909092,2035,modest,moderate_re,1.8,solved,1997828135316.3872,581.3719826013141,566.9311549339233,1.8010000000000004,0.12704597777359777,606.0150197696253,1.5417482201417994,0.6245937128410959,0.21083210238212086,0.16457418477678326,0.04109456808985539,0.05910531818189257,0.08954900587216075,0.361
1019,13.571428571428571,2312.5,125.0,2035,modest,moderate_re,1.8,solved,1999505136233.8328,581.8951943694744,567.4070437504566,1.8010000000000002,0.12636785269912787,606.9314719887886,1.5423417019711103,0.6245937128410959,0.21083210238212086,0.16457418477678326,0.04109456808985539,0.05910531818189257,0.08954900587216075,0.796
1020,13.571428571428571,2458.3333333333335,25.0,2035,modest,moderate_re,1.8,solved,1971230165640.9814,585.9081127761315,559.3833496946166,1.8010000000000004,0.23207631311948745,625.6721070155011,1.3593040652580968,0.5749596793341462,0.26046613588907047,0.16457418477678326,0.0857651982461101,0.05910531818189257,0.08954900587216075,0.295
1021,13.571428571428571,2458.3333333333335,34.09090909090909,2035,modest,moderate_re,1.8,solved,1976930599539.9631,585.8696164108856,561.0009831220598,1.8010000000000004,0.21684405025231823,620.0887314117301,1.4272429688249961,0.5814355324203362,0.25399028280288044,0.16457418477678326,0.07993693046853914,0.05910531818189257,0.08954900587216075,0.49
1022,13.571428571428571,2458.3333333333335,43.18181818181819,2035,modest,moderate_re,1.8,solved,1981219260645.1338,585.387405612536,562.2179925086502,1.8010000000000004,0.19216820971219312,617.1609222546384,1.4509919629216013,0.5902046657609773,0.24522114946223933,0.16457418477678326,0.07204471046196212,0.05910531818189257,0.08954900587216075,0.498
1023,13.571428571428571,2458.3333333333335,52.27272727272727,2035,modest,moderate_re,1.8,solved,1984995920546.025,585.4174310394703,563.2897094003866,1.8010000000000002,0.18695508254972848,613.6077757115935,1.479934113251916,0.5933188861374896,0.24210692908572726,0.16457418477678326,0.06924191212310116,0.05910531818189257,0.08954900587216075,0.487
1024,13.571428571428571,2458.3333333333335,61.36363636363637,2035,modest,moderate_re,1.8,solved,1988397794977.7095,585.6502553488708,564.2550720191234,1.8010000000000004,0.1754116104269462,612.6028807703033,1.4894111890535005,0.59724407672983,0.23818173849338647,0.16457418477678326,0.06570924058999458,0.05910531818189257,0.08954900587216075,0.378
1025,13.571428571428571,2458.3333333333335,70.45454545454547,2035,modest,moderate_re,1.8,solved,1991295654964.7573,584.8813414176817,565.077408575633,1.8010000000000004,0.1667910131871817,609.7079166356325,1.510871792249374,0.6013137288975894,0.23411208632562722,0.16457418477678326,0.06204655363901122,0.05910531818189257,0.08954900587216075,0.673
1026,13.571428571428571,2458.3333333333335,79.54545454545455,2035,modest,moderate_re,1.8,solved,1993825528346.5667,582.7624566100446,565.7953201981753,1.8010000000000006,0.1370137202819921,611.1922304378188,1.5201572680756112,0.622062243700563,0.21336357152265376,0.16457418477678326,0.043372890316335025,0.05910531818189257,0.08954900587216075,1.138
1027,13.571428571428571,2458.3333333333335,88.63636363636364,2035,modest,moderate_re,1.8,solved,1995786875634.3726,582.4595378047125,566.3518990466988,1.8010000000000002,0.1340913714604331,609.8700466985325,1.530343138759876,0.6235775116515584,0.21184830357165813,0.16457418477678326,0.04200914916043903,0.05910531818189257,0.08954900587216075,0.565
1028,13.571428571428571,2458.3333333333335,97.72727272727273,2035,modest,moderate_re,1.8,solved,1997720385704.4114,583.1045505345094,566.9005784239216,1.8010000000000002,0.13368120257918062,610.1684444666662,1.530507261648863,0.623764325557399,0.21166148966581783,0.16457418477678326,0.041841016645182735,0.05910531818189257,0.08954900587216075,0.677
1029,13.571428571428571,2458.3333333333335,106.81818181818183,2035,modest,moderate_re,1.8,solved,1999600927662.164,582.9997491502672,567.4342268420031,1.8009999999999997,0.13315871577630353,609.2925667620159,1.5379343013381401,0.623764325557399,0.21166148966581783,0.16457418477678326,0.041841016645182735,0.05910531818189257,0.08954900587216075,0.263
1030,13.571428571428571,2458.3333333333335,115.90909090909092,2035,modest,moderate_re,1.8,solved,2001319912059.8235,582.7830683652485,567.9220294675899,1.8010000000000004,0.12704597777359777,608.8968452532129,1.5417482201417994,0.6245937128410959,0.21083210238212086,0.16457418477678326,0.04109456808985539,0.05910531818189257,0.08954900587216075,0.487
1031,13.571428571428571,2458.3333333333335,125.0,2035,modest,moderate_re,1.8,solved,2002997025798.34,583.3063025807878,568.3979502997802,1.8010000000000002,0.12636785269912787,609.8132974723763,1.5423417019711103,0.6245937128410959,0.21083210238212086,0.16457418477678326,0.04109456808985539,0.05910531818189257,0.08954900587216075,0.376
1032,13.571428571428571,2604.166666666667,25.0,2035,modest,moderate_re,1.8,solved,1974608694749.0598,587.2753072642558,560.3420875236428,1.8010000000000004,0.23207631311948745,628.4598346438984,1.3593040652580968,0.5749596793341462,0.26046613588907047,0.16457418477678326,0.0857651982461101,0.05910531818189257,0.08954900587216075,0.739
1033,13.571428571428571,2604.166666666667,34.09090909090909,2035,modest,moderate_re,1.8,solved,1980324415606.856,587.3728210731263,561.9640589885091,1.8010000000000002,0.21841335440275417,623.0947122616697,1.4260311831173595,0.5806061451366392,0.25481967008657763,0.16457418477678326,0.08068337902386649,0.05910531818189257,0.08954900587216075,0.373
1034,13.571428571428571,2604.166666666667,43.18181818181819,2035,modest,moderate_re,1.8,solved,1984636353489.9917,586.8218198532736,563.1876737133575,1.8010000000000002,0.19235336450212456,619.9144323335934,1.4517216402875373,0.5895208703418686,0.24590494488134823,0.16457418477678326,0.07266012633916004,0.05910531818189257,0.08954900587216075,0.848
1035,13.571428571428571,2604.166666666667,52.27272727272727,2035,modest,moderate_re,1.8,solved,1988420887748.5688,587.358566640321,564.2616251409975,1.801,0.1928746036515134,617.0595528592354,1.4770633288656485,0.5895208703418686,0.24590494488134823,0.16457418477678326,0.07266012633916004,0.05910531818189257,0.08954900587216075,0.94
1036,13.571428571428571,2604.166666666667,61.36363636363637,2035,modest,moderate_re,1.8,solved,1991835847856.647,587.0409294014243,565.2307011310196,1.8010000000000004,0.1754116104269462,615.4328559020965,1.4894111890535005,0.59724407672983,0.23818173849338647,0.16457418477678326,0.06570924058999458,0.05910531818189257,0.08954900587216075,0.261
1037,13.571428571428571,2604.166666666667,70.45454545454547,2035,modest,moderate_re,1.8,solved,1994745497939.8125,586.2764891202489,566.0563834071587,1.8010000000000004,0.1667910131871817,612.5456071496606,1.510871792249374,0.6013137288975894,0.23411208632562722,0.16457418477678326,0.06204655363901122,0.05910531818189257,0.08954900587216075,0.573
1038,13.571428571428571,2604.166666666667,79.54545454545455,2035,modest,moderate_re,1.8,solved,1997308484760.0664,584.1704768227845,566.7836917538583,1.8010000000000006,0.1370137202819921,614.0692566778276,1.5201572680756112,0.622062243700563,0.21336357152265376,0.16457418477678326,0.043372890316335025,0.05910531818189257,0.08954900587216075,0.377
1039,13.571428571428571,2604.166666666667,88.63636363636364,2035,modest,moderate_re,1.8,solved,1999274266151.4731,583.8692313201892,567.3415288845289,1.8010000000000002,0.1340913714604331,612.7499456340317,1.530343138759876,0.6235775116515584,0.21184830357165813,0.16457418477678326,0.04200914916043903,0.05910531818189257,0.08954900587216075,0.804
1040,13.571428571428571,2604.166666666667,97.72727272727273,2035,modest,moderate_re,1.8,solved,2001208322891.9624,584.5144503476376,567.890363392468,1.8010000000000002,0.13368120257918062,613.0486975701951,1.530507261648863,0.623764325557399,0.21166148966581783,0.16457418477678326,0.041841016645182735,0.05910531818189257,0.08954900587216075,0.476
1041,13.571428571428571,2604.166666666667,106.81818181818183,2035,modest,moderate_re,1.8,solved,2003089041206.7554,584.4096765975016,568.4240618560459,1.8009999999999997,0.13315871577630353,612.1728198655449,1.5379343013381401,0.623764325557399,0.21166148966581783,0.16457418477678326,0.041841016645182735,0.05910531818189257,0.08954900587216075,0.932
1042,13.571428571428571,2604.166666666667,115.90909090909092,2035,modest,moderate_re,1.8,solved,2004809657027.7073,584.3906452491616,568.9123274367163,1.801,0.1286740048283734,611.9139573646751,1.5413464232333236,0.623764325557399,0.21166148966581783,0.16457418477678326,0.041841016645182735,0.05910531818189257,0.08954900587216075,0.481
1043,13.571428571428571,2604.166666666667,125.0,2035,modest,moderate_re,1.8,solved,2006488915362.8481,584.7174107921012,569.3888568491038,1.8010000000000002,0.12636785269912787,612.6951229559639,1.5423417019711103,0.6245937128410959,0.21083210238212086,0.16457418477678326,0.04109456808985539,0.05910531818189257,0.08954900587216075,0.408
1044,13.571428571428571,2750.0,25.0,2035,modest,moderate_re,1.8,solved,1977987223857.1382,588.6425017523804,561.3008253526691,1.8010000000000004,0.23207631311948745,631.2475622722959,1.3593040652580968,0.5749596793341462,0.26046613588907047,0.16457418477678326,0.0857651982461101,0.05910531818189257,0.08954900587216075,0.467
1045,13.571428571428571,2750.0,34.09090909090909,2035,modest,moderate_re,1.8,solved,1983717772892.8364,588.7459143144118,562.9270046649848,1.8010000000000002,0.21841335440275417,625.8931446481508,1.4260311831173595,0.5806061451366392,0.25481967008657763,0.16457418477678326,0.08068337902386649,0.05910531818189257,0.08954900587216075,0.294
1046,13.571428571428571,2750.0,43.18181818181819,2035,modest,moderate_re,1.8,solved,1988053104406.3618,588.2042216972982,564.1572578877402,1.8010000000000002,0.19235336450212456,622.7297655532764,1.4517216402875373,0.5895208703418686,0.24590494488134823,0.16457418477678326,0.07266012633916004,0.05910531818189257,0.08954900587216075,0.692
1047,13.571428571428571,2750.0,52.27272727272727,2035,modest,moderate_re,1.8,solved,1991837638664.9387,588.7409684843458,565.23120931538,1.801,0.1928746036515134,619.8748860789182,1.4770633288656485,0.5895208703418686,0.24590494488134823,0.16457418477678326,0.07266012633916004,0.05910531818189257,0.08954900587216075,0.589
1048,13.571428571428571,2750.0,61.36363636363637,2035,modest,moderate_re,1.8,solved,1995273900735.584,588.4316034539777,566.2063302429157,1.8010000000000004,0.1754116104269462,618.2628310338899,1.4894111890535005,0.59724407672983,0.23818173849338647,0.16457418477678326,0.06570924058999458,0.05910531818189257,0.08954900587216075,0.302
1049,13.571428571428571,2750.0,70.45454545454547,2035,modest,moderate_re,1.8,solved,1998195340914.8677,587.6716368228161,567.0353582386844,1.8010000000000004,0.1667910131871817,615.3832976636887,1.510871792249374,0.6013137288975894,0.23411208632562722,0.16457418477678326,0.06204655363901122,0.05910531818189257,0.08954900587216075,1.098
1050,13.571428571428571,2750.0,79.54545454545455,2035,modest,moderate_re,1.8,solved,2000790680873.4844,586.4011066150806,567.7718475563462,1.801,0.14438012390137,617.7831063772417,1.516003378369463,0.6190226696410149,0.21640314558220192,0.16457418477678326,0.04610850696992839,0.05910531818189257,0.08954900587216075,0.349
1051,13.571428571428571,2750.0,88.63636363636364,2035,modest,moderate_re,1.8,solved,2002761656668.5737,585.2789248356659,568.331158722359,1.8010000000000002,0.1340913714604331,615.6298445695311,1.530343138759876,0.6235775116515584,0.21184830357165813,0.16457418477678326,0.04200914916043903,0.05910531818189257,0.08954900587216075,0.597
1052,13.571428571428571,2750.0,97.72727272727273,2035,modest,moderate_re,1.8,solved,2004696260079.5132,585.9243501607658,568.8801483610143,1.8010000000000002,0.13368120257918062,615.928950673724,1.530507261648863,0.623764325557399,0.21166148966581783,0.16457418477678326,0.041841016645182735,0.05910531818189257,0.08954900587216075,0.474
1053,13.571428571428571,2750.0,106.81818181818183,2035,modest,moderate_re,1.8,solved,2006577154751.3464,585.8196040447359,569.4138968700885,1.8009999999999997,0.13315871577630353,615.0530729690738,1.5379343013381401,0.623764325557399,0.21166148966581783,0.16457418477678326,0.041841016645182735,0.05910531818189257,0.08954900587216075,0.484
1054,13.571428571428571,2750.0,115.90909090909092,2035,modest,moderate_re,1.8,solved,2008299006748.821,585.8008151249119,569.9025132451898,1.801,0.1286740048283734,614.7942104682043,1.5413464232333236,0.623764325557399,0.21166148966581783,0.16457418477678326,0.041841016645182735,0.05910531818189257,0.08954900587216075,0.702
1055,13.571428571428571,2750.0,125.0,2035,modest,moderate_re,1.8,solved,2009980804927.3562,586.1285190034146,570.3797633984276,1.8010000000000002,0.12636785269912787,615.5769484395516,1.5423417019711103,0.6245937128410959,0.21083210238212086,0.16457418477678326,0.04109456808985539,0.05910531818189257,0.08954900587216075,0.256
1056,13.571428571428571,2895.8333333333335,25.0,2035,modest,moderate_re,1.8,solved,1981365752965.2163,590.0096962405048,562.2595631816953,1.8010000000000004,0.23207631311948745,634.0352899006931,1.3593040652580968,0.5749596793341462,0.26046613588907047,0.16457418477678326,0.0857651982461101,0.05910531818189257,0.08954900587216075,0.761
1057,13.571428571428571,2895.8333333333335,34.09090909090909,2035,modest,moderate_re,1.8,solved,1987110989335.5525,590.14815729129,563.8899103738411,1.8010000000000006,0.21876682960493796,628.7372634256269,1.4257582365391643,0.5804193312307987,0.25500648399241793,0.16457418477678326,0.08085151153912278,0.05910531818189257,0.08954900587216075,0.651
1058,13.571428571428571,2895.8333333333335,43.18181818181819,2035,modest,moderate_re,1.8,solved,1991469855322.7324,589.5866235413231,565.126842062123,1.8010000000000002,0.19235336450212456,625.5450987729591,1.4517216402875373,0.5895208703418686,0.24590494488134823,0.16457418477678326,0.07266012633916004,0.05910531818189257,0.08954900587216075,0.917
1059,13.571428571428571,2895.8333333333335,52.27272727272727,2035,modest,moderate_re,1.8,solved,1995254389581.3083,590.1233703283705,566.2007934897626,1.801,0.1928746036515134,622.6902192986009,1.4770633288656485,0.5895208703418686,0.24590494488134823,0.16457418477678326,0.07266012633916004,0.05910531818189257,0.08954900587216075,0.933
1060,13.571428571428571,2895.8333333333335,61.36363636363637,2035,modest,moderate_re,1.8,solved,1998711953614.5208,589.8222775065308,567.1819593548116,1.8010000000000004,0.1754116104269462,621.0928061656831,1.4894111890535005,0.59724407672983,0.23818173849338647,0.16457418477678326,0.06570924058999458,0.05910531818189257,0.08954900587216075,0.284
1061,13.571428571428571,2895.8333333333335,70.45454545454547,2035,modest,moderate_re,1.8,solved,2001645183889.9216,589.0667845253835,568.0143330702098,1.8010000000000004,0.1667910131871817,618.2209881777167,1.510871792249374,0.6013137288975894,0.23411208632562722,0.16457418477678326,0.06204655363901122,0.05910531818189257,0.08954900587216075,0.282
1062,13.571428571428571,2895.8333333333335,79.54545454545455,2035,modest,moderate_re,1.8,solved,2004264742631.5693,587.8057702415549,568.7576950424269,1.801,0.14438012390137,620.6543700914291,1.516003378369463,0.6190226696410149,0.21640314558220192,0.16457418477678326,0.04610850696992839,0.05910531818189257,0.08954900587216075,1.335
1063,13.571428571428571,2895.8333333333335,88.63636363636364,2035,modest,moderate_re,1.8,solved,2006249047185.6748,586.6886183511424,569.3207885601892,1.8010000000000002,0.1340913714604331,618.50974350503,1.530343138759876,0.6235775116515584,0.21184830357165813,0.16457418477678326,0.04200914916043903,0.05910531818189257,0.08954900587216075,0.368
1064,13.571428571428571,2895.8333333333335,97.72727272727273,2035,modest,moderate_re,1.8,solved,2008184197267.064,587.3342499738943,569.8699333295607,1.8010000000000002,0.13368120257918062,618.8092037772528,1.530507261648863,0.623764325557399,0.21166148966581783,0.16457418477678326,0.041841016645182735,0.05910531818189257,0.08954900587216075,0.779
1065,13.571428571428571,2895.8333333333335,106.81818181818183,2035,modest,moderate_re,1.8,solved,2010065268295.938,587.2295314919703,570.4037318841313,1.8009999999999997,0.13315871577630353,617.9333260726028,1.5379343013381401,0.623764325557399,0.21166148966581783,0.16457418477678326,0.041841016645182735,0.05910531818189257,0.08954900587216075,0.361
1066,13.571428571428571,2895.8333333333335,115.90909090909092,2035,modest,moderate_re,1.8,solved,2011788356469.9346,587.210985000662,570.8926990536631,1.801,0.1286740048283734,617.674463571733,1.5413464232333236,0.623764325557399,0.21166148966581783,0.16457418477678326,0.041841016645182735,0.05910531818189257,0.08954900587216075,1.016
1067,13.571428571428571,2895.8333333333335,125.0,2035,modest,moderate_re,1.8,solved,2013472694491.8635,587.539627214728,571.3706699477511,1.8010000000000002,0.12636785269912787,618.4587739231391,1.5423417019711103,0.6245937128410959,0.21083210238212086,0.16457418477678326,0.04109456808985539,0.05910531818189257,0.08954900587216075,1.028
1068,13.571428571428571,3041.666666666667,25.0,2035,modest,moderate_re,1.8,solved,1984744282073.2947,591.3768907286293,563.2183010107215,1.8010000000000004,0.23207631311948745,636.8230175290906,1.3593040652580968,0.5749596793341462,0.26046613588907047,0.16457418477678326,0.0857651982461101,0.05910531818189257,0.08954900587216075,0.691
1069,13.571428571428571,3041.666666666667,34.09090909090909,2035,modest,moderate_re,1.8,solved,1990503848067.2856,591.5210538083367,564.8527145737152,1.8010000000000006,0.21876682960493796,631.5353416440785,1.4257582365391643,0.5804193312307987,0.25500648399241793,0.16457418477678326,0.08085151153912278,0.05910531818189257,0.08954900587216075,0.49
1070,13.571428571428571,3041.666666666667,43.18181818181819,2035,modest,moderate_re,1.8,solved,1994886606239.1018,590.9690253853479,566.0964262365055,1.8010000000000002,0.19235336450212456,628.3604319926419,1.4517216402875373,0.5895208703418686,0.24590494488134823,0.16457418477678326,0.07266012633916004,0.05910531818189257,0.08954900587216075,0.372
1071,13.571428571428571,3041.666666666667,52.27272727272727,2035,modest,moderate_re,1.8,solved,1998671140497.6792,591.5057721723954,567.1703776641455,1.801,0.1928746036515134,625.5055525182837,1.4770633288656485,0.5895208703418686,0.24590494488134823,0.16457418477678326,0.07266012633916004,0.05910531818189257,0.08954900587216075,0.623
1072,13.571428571428571,3041.666666666667,61.36363636363637,2035,modest,moderate_re,1.8,solved,2002149899362.2168,591.2558091247557,568.1575580656752,1.8010000000000002,0.175808154529638,623.9710680060184,1.4891483525738627,0.5970648412805696,0.23836097394264727,0.16457418477678326,0.06587055249432917,0.05910531818189257,0.08954900587216075,0.381
1073,13.571428571428571,3041.666666666667,70.45454545454547,2035,modest,moderate_re,1.8,solved,2005095026864.9766,590.4619322279505,568.9933079017354,1.8010000000000004,0.1667910131871817,621.0586786917448,1.510871792249374,0.6013137288975894,0.23411208632562722,0.16457418477678326,0.06204655363901122,0.05910531818189257,0.08954900587216075,0.695
1074,13.571428571428571,3041.666666666667,79.54545454545455,2035,modest,moderate_re,1.8,solved,2007738802156.148,589.2125399465349,569.743541894697,1.8009999999999995,0.14439856640286342,623.52772219423,1.5159927192130576,0.6190153364351063,0.2164104787881105,0.16457418477678326,0.046115106855246064,0.05910531818189257,0.08954900587216075,0.77
1075,13.571428571428571,3041.666666666667,88.63636363636364,2035,modest,moderate_re,1.8,solved,2009736437702.7756,588.0983118666192,570.3104183980192,1.8010000000000002,0.1340913714604331,621.3896424405292,1.530343138759876,0.6235775116515584,0.21184830357165813,0.16457418477678326,0.04200914916043903,0.05910531818189257,0.08954900587216075,0.689
1076,13.571428571428571,3041.666666666667,97.72727272727273,2035,modest,moderate_re,1.8,solved,2011672118865.0884,588.7932369825343,570.8597138742089,1.8010000000000002,0.1340913714604331,621.7287151052299,1.530343138759876,0.6235775116515584,0.21184830357165813,0.16457418477678326,0.04200914916043903,0.05910531818189257,0.08954900587216075,0.476
1077,13.571428571428571,3041.666666666667,106.81818181818183,2035,modest,moderate_re,1.8,solved,2013553381840.5293,588.6394589392047,571.393566898174,1.8009999999999997,0.13315871577630353,620.8135791761316,1.5379343013381401,0.623764325557399,0.21166148966581783,0.16457418477678326,0.041841016645182735,0.05910531818189257,0.08954900587216075,0.679
1078,13.571428571428571,3041.666666666667,115.90909090909092,2035,modest,moderate_re,1.8,solved,2015277706191.0488,588.6211548764127,571.8828848621368,1.801,0.1286740048283734,620.5547166752621,1.5413464232333236,0.623764325557399,0.21166148966581783,0.16457418477678326,0.041841016645182735,0.05910531818189257,0.08954900587216075,0.672
1079,13.571428571428571,3041.666666666667,125.0,2035,modest,moderate_re,1.8,solved,2016964584056.371,588.9507354260413,572.3615764970748,1.8010000000000002,0.12636785269912787,621.3405994067268,1.5423417019711103,0.6245937128410959,0.21083210238212086,0.16457418477678326,0.04109456808985539,0.05910531818189257,0.08954900587216075,0.345
1080,13.571428571428571,3187.5,25.0,2035,modest,moderate_re,1.8,solved,1988122777473.0432,592.7473230733086,564.177029274209,1.8010000000000004,0.2321103612057176,639.6204210859341,1.3592362654624832,0.5749401260581674,0.26048568916504916,0.16457418477678326,0.08578279619449093,0.05910531818189257,0.08954900587216075,0.268
1081,13.571428571428571,3187.5,34.09090909090909,2035,modest,moderate_re,1.8,solved,1993896706799.0186,592.8939503253831,565.8155187735891,1.8010000000000006,0.21876682960493796,634.33341986253,1.4257582365391643,0.5804193312307987,0.25500648399241793,0.16457418477678326,0.08085151153912278,0.05910531818189257,0.08954900587216075,0.49
1082,13.571428571428571,3187.5,43.18181818181819,2035,modest,moderate_re,1.8,solved,1998303357155.4724,592.3514272293727,567.0660104108883,1.8010000000000002,0.19235336450212456,631.1757652123247,1.4517216402875373,0.5895208703418686,0.24590494488134823,0.16457418477678326,0.07266012633916004,0.05910531818189257,0.08954900587216075,1.191
1083,13.571428571428571,3187.5,52.27272727272727,2035,modest,moderate_re,1.8,solved,2002087891414.0488,592.8881740164201,568.139961838528,1.801,0.1928746036515134,628.3208857379667,1.4770633288656485,0.5895208703418686,0.24590494488134823,0.16457418477678326,0.07266012633916004,0.05910531818189257,0.08954900587216075,0.301
1084,13.571428571428571,3187.5,61.36363636363637,2035,modest,moderate_re,1.8,solved,2005587440093.6929,592.6462874457164,569.1330418435725,1.8010000000000002,0.175808154529638,626.8007033372725,1.4891483525738627,0.5970648412805696,0.23836097394264727,0.16457418477678326,0.06587055249432917,0.05910531818189257,0.08954900587216075,0.787
1085,13.571428571428571,3187.5,70.45454545454547,2035,modest,moderate_re,1.8,solved,2008544869840.0312,591.8570799305177,569.9722827332611,1.8010000000000004,0.1667910131871817,623.8963692057729,1.510871792249374,0.6013137288975894,0.23411208632562722,0.16457418477678326,0.06204655363901122,0.05910531818189257,0.08954900587216075,0.809
1086,13.571428571428571,3187.5,79.54545454545455,2035,modest,moderate_re,1.8,solved,2011211215200.76,590.5303083677726,570.7289215191951,1.8009999999999995,0.14574605295556015,621.8701809943902,1.5243562323942081,0.6087323870501344,0.22669342817308244,0.16457418477678326,0.055369761301720936,0.05910531818189257,0.08954900587216075,0.576
1087,13.571428571428571,3187.5,88.63636363636364,2035,modest,moderate_re,1.8,solved,2013223828219.8762,589.5080053820957,571.3000482358492,1.8010000000000002,0.1340913714604331,624.2695413760282,1.530343138759876,0.6235775116515584,0.21184830357165813,0.16457418477678326,0.04200914916043903,0.05910531818189257,0.08954900587216075,0.401
1088,13.571428571428571,3187.5,97.72727272727273,2035,modest,moderate_re,1.8,solved,2015159509382.1897,590.2029304980106,571.8493437120392,1.8010000000000002,0.1340913714604331,624.608614040729,1.530343138759876,0.6235775116515584,0.21184830357165813,0.16457418477678326,0.04200914916043903,0.05910531818189257,0.08954900587216075,0.47
1089,13.571428571428571,3187.5,106.81818181818183,2035,modest,moderate_re,1.8,solved,2017041495385.1204,590.049386386439,572.3834019122166,1.8009999999999997,0.13315871577630353,623.6938322796607,1.5379343013381401,0.623764325557399,0.21166148966581783,0.16457418477678326,0.041841016645182735,0.05910531818189257,0.08954900587216075,0.266
1090,13.571428571428571,3187.5,115.90909090909092,2035,modest,moderate_re,1.8,solved,2018767055912.162,590.0313247521628,572.8730706706102,1.801,0.1286740048283734,623.4349697787909,1.5413464232333236,0.623764325557399,0.21166148966581783,0.16457418477678326,0.041841016645182735,0.05910531818189257,0.08954900587216075,0.687
1091,13.571428571428571,3187.5,125.0,2035,modest,moderate_re,1.8,solved,2020456473620.879,590.3618436373546,573.3524830463984,1.8010000000000002,0.12636785269912787,624.2224248903144,1.5423417019711103,0.6245937128410959,0.21083210238212086,0.16457418477678326,0.04109456808985539,0.05910531818189257,0.08954900587216075,0.405
1092,13.571428571428571,3333.3333333333335,25.0,2035,modest,moderate_re,1.8,solved,1991501256105.857,594.1144973638208,565.1357527796807,1.8010000000000004,0.2321103612057176,642.4081116445792,1.3592362654624832,0.5749401260581674,0.26048568916504916,0.16457418477678326,0.08578279619449093,0.05910531818189257,0.08954900587216075,0.578
1093,13.571428571428571,3333.3333333333335,34.09090909090909,2035,modest,moderate_re,1.8,solved,1997276195198.8848,595.1171969238947,566.7745288244304,1.8010000000000004,0.22913416894991773,638.440305532198,1.4177527816112798,0.5749401260581674,0.26048568916504916,0.16457418477678326,0.08578279619449093,0.05910531818189257,0.08954900587216075,0.364
1094,13.571428571428571,3333.3333333333335,43.18181818181819,2035,modest,moderate_re,1.8,solved,2001720108071.842,593.7338290733974,568.0355945852709,1.8010000000000002,0.19235336450212456,633.9910984320077,1.4517216402875373,0.5895208703418686,0.24590494488134823,0.16457418477678326,0.07266012633916004,0.05910531818189257,0.08954900587216075,0.598
1095,13.571428571428571,3333.3333333333335,52.27272727272727,2035,modest,moderate_re,1.8,solved,2005504642330.4187,594.270575860445,569.1095460129106,1.801,0.1928746036515134,631.1362189576495,1.4770633288656485,0.5895208703418686,0.24590494488134823,0.16457418477678326,0.07266012633916004,0.05910531818189257,0.08954900587216075,0.791
1096,13.571428571428571,3333.3333333333335,61.36363636363637,2035,modest,moderate_re,1.8,solved,2009021795902.6665,594.5508350561913,570.1076218241109,1.8010000000000006,0.18085546952008175,630.2362941360775,1.485802902484692,0.5947834865365914,0.24064232868662547,0.16457418477678326,0.06792377176390955,0.05910531818189257,0.08954900587216075,0.594
1097,13.571428571428571,3333.3333333333335,70.45454545454547,2035,modest,moderate_re,1.8,solved,2011994712815.0857,593.2522276330848,570.9512575647865,1.8010000000000004,0.1667910131871817,626.7340597198008,1.510871792249374,0.6013137288975894,0.23411208632562722,0.16457418477678326,0.06204655363901122,0.05910531818189257,0.08954900587216075,0.365
1098,13.571428571428571,3333.3333333333335,79.54545454545455,2035,modest,moderate_re,1.8,solved,2014682914263.211,591.9336723111109,571.7140985343074,1.8009999999999995,0.14574605295556015,624.7219360478324,1.5243562323942081,0.6087323870501344,0.22669342817308244,0.16457418477678326,0.055369761301720936,0.05910531818189257,0.08954900587216075,0.79
1099,13.571428571428571,3333.3333333333335,88.63636363636364,2035,modest,moderate_re,1.8,solved,2016711218736.977,590.9176988975723,572.2896780736794,1.8010000000000002,0.1340913714604331,627.1494403115277,1.530343138759876,0.6235775116515584,0.21184830357165813,0.16457418477678326,0.04200914916043903,0.05910531818189257,0.08954900587216075,1.239
1100,13.571428571428571,3333.3333333333335,97.72727272727273,2035,modest,moderate_re,1.8,solved,2018646899899.2905,591.6126240134873,572.8389735498693,1.8010000000000002,0.1340913714604331,627.488512976228,1.530343138759876,0.6235775116515584,0.21184830357165813,0.16457418477678326,0.04200914916043903,0.05910531818189257,0.08954900587216075,0.508
1101,13.571428571428571,3333.3333333333335,106.81818181818183,2035,modest,moderate_re,1.8,solved,2020529608929.712,591.4593138336734,573.3732369262594,1.8009999999999997,0.13315871577630353,626.5740853831896,1.5379343013381401,0.623764325557399,0.21166148966581783,0.16457418477678326,0.041841016645182735,0.05910531818189257,0.08954900587216075,0.446
1102,13.571428571428571,3333.3333333333335,115.90909090909092,2035,modest,moderate_re,1.8,solved,2022256405633.2761,591.4414946279132,573.8632564790838,1.801,0.1286740048283734,626.3152228823199,1.5413464232333236,0.623764325557399,0.21166148966581783,0.16457418477678326,0.041841016645182735,0.05910531818189257,0.08954900587216075,6.145
1103,13.571428571428571,3333.3333333333335,125.0,2035,modest,moderate_re,1.8,solved,2023948363185.3867,591.772951848668,574.3433895957221,1.8010000000000002,0.12636785269912787,627.1042503739021,1.5423417019711103,0.6245937128410959,0.21083210238212086,0.16457418477678326,0.04109456808985539,0.05910531818189257,0.08954900587216075,2.685
1104,13.571428571428571,3479.166666666667,25.0,2035,modest,moderate_re,1.8,solved,1994879734738.6702,595.4816716543327,566.0944762851524,1.8010000000000004,0.2321103612057176,645.1958022032242,1.3592362654624832,0.5749401260581674,0.26048568916504916,0.16457418477678326,0.08578279619449093,0.05910531818189257,0.08954900587216075,0.935
1105,13.571428571428571,3479.166666666667,34.09090909090909,2035,modest,moderate_re,1.8,solved,2000654431459.1326,596.4843235681662,567.7331835509335,1.8010000000000004,0.22913416894991773,641.2279960908429,1.4177527816112798,0.5749401260581674,0.26048568916504916,0.16457418477678326,0.08578279619449093,0.05910531818189257,0.08954900587216075,0.566
1106,13.571428571428571,3479.166666666667,43.18181818181819,2035,modest,moderate_re,1.8,solved,2005136858988.2122,595.1162309174224,569.0051787596536,1.8010000000000002,0.19235336450212456,636.8064316516904,1.4517216402875373,0.5895208703418686,0.24590494488134823,0.16457418477678326,0.07266012633916004,0.05910531818189257,0.08954900587216075,0.27
1107,13.571428571428571,3479.166666666667,52.27272727272727,2035,modest,moderate_re,1.8,solved,2008921393246.7896,595.6529777044698,570.0791301872936,1.801,0.1928746036515134,633.9515521773322,1.4770633288656485,0.5895208703418686,0.24590494488134823,0.16457418477678326,0.07266012633916004,0.05910531818189257,0.08954900587216075,0.794
1108,13.571428571428571,3479.166666666667,61.36363636363637,2035,modest,moderate_re,1.8,solved,2012452817889.973,595.9388220552672,571.0812557536176,1.8010000000000006,0.18085546952008175,633.0616043989627,1.485802902484692,0.5947834865365914,0.24064232868662547,0.16457418477678326,0.06792377176390955,0.05910531818189257,0.08954900587216075,0.666
1109,13.571428571428571,3479.166666666667,70.45454545454547,2035,modest,moderate_re,1.8,solved,2015444555790.1406,594.6473753356521,571.9302323963122,1.8010000000000004,0.1667910131871817,629.571750233829,1.510871792249374,0.6013137288975894,0.23411208632562722,0.16457418477678326,0.06204655363901122,0.05910531818189257,0.08954900587216075,0.776
1110,13.571428571428571,3479.166666666667,79.54545454545455,2035,modest,moderate_re,1.8,solved,2018153787786.5625,593.5399864115976,572.6990412831047,1.8010000000000004,0.1475294790975395,627.7716091770627,1.523325471019887,0.6080232516258322,0.22740256359738473,0.16457418477678326,0.05600798318359288,0.05910531818189257,0.08954900587216075,0.472
1111,13.571428571428571,3479.166666666667,88.63636363636364,2035,modest,moderate_re,1.8,solved,2020198609254.0786,592.327392413049,573.2793079115097,1.8010000000000002,0.1340913714604331,630.0293392470267,1.530343138759876,0.6235775116515584,0.21184830357165813,0.16457418477678326,0.04200914916043903,0.05910531818189257,0.08954900587216075,0.394
1112,13.571428571428571,3479.166666666667,97.72727272727273,2035,modest,moderate_re,1.8,solved,2022134290416.3906,593.022317528964,573.8286033876992,1.8010000000000002,0.1340913714604331,630.3684119117273,1.530343138759876,0.6235775116515584,0.21184830357165813,0.16457418477678326,0.04200914916043903,0.05910531818189257,0.08954900587216075,0.505
1113,13.571428571428571,3479.166666666667,106.81818181818183,2035,modest,moderate_re,1.8,solved,2024017722474.303,592.8692412809078,574.363071940302,1.8009999999999997,0.13315871577630353,629.4543384867186,1.5379343013381401,0.623764325557399,0.21166148966581783,0.16457418477678326,0.041841016645182735,0.05910531818189257,0.08954900587216075,0.601
1114,13.571428571428571,3479.166666666667,115.90909090909092,2035,modest,moderate_re,1.8,solved,2025745755354.39,592.8516645036635,574.8534422875573,1.801,0.1286740048283734,629.1954759858488,1.5413464232333236,0.623764325557399,0.21166148966581783,0.16457418477678326,0.041841016645182735,0.05910531818189257,0.08954900587216075,0.975
1115,13.571428571428571,3479.166666666667,125.0,2035,modest,moderate_re,1.8,solved,2027440252749.8943,593.1840600599813,575.3342961450458,1.8010000000000002,0.12636785269912787,629.9860758574896,1.5423417019711103,0.6245937128410959,0.21083210238212086,0.16457418477678326,0.04109456808985539,0.05910531818189257,0.08954900587216075,0.404
1116,13.571428571428571,3625.0,25.0,2035,modest,moderate_re,1.8,solved,1998258213371.4832,596.8488459448445,567.0531997906239,1.8010000000000004,0.2321103612057176,647.9834927618691,1.3592362654624832,0.5749401260581674,0.26048568916504916,0.16457418477678326,0.08578279619449093,0.05910531818189257,0.08954900587216075,0.483
1117,13.571428571428571,3625.0,34.09090909090909,2035,modest,moderate_re,1.8,solved,2004032667719.3813,597.8514502124378,568.6918382774369,1.8010000000000004,0.22913416894991773,644.0156866494879,1.4177527816112798,0.5749401260581674,0.26048568916504916,0.16457418477678326,0.08578279619449093,0.05910531818189257,0.08954900587216075,0.584
1118,13.571428571428571,3625.0,43.18181818181819,2035,modest,moderate_re,1.8,solved,2008553609904.5823,596.4986327614471,569.9747629340363,1.8010000000000002,0.19235336450212456,639.6217648713732,1.4517216402875373,0.5895208703418686,0.24590494488134823,0.16457418477678326,0.07266012633916004,0.05910531818189257,0.08954900587216075,0.571
1119,13.571428571428571,3625.0,52.27272727272727,2035,modest,moderate_re,1.8,solved,2012338144163.1594,597.0353795484945,571.0487143616762,1.801,0.1928746036515134,636.766885397015,1.4770633288656485,0.5895208703418686,0.24590494488134823,0.16457418477678326,0.07266012633916004,0.05910531818189257,0.08954900587216075,0.673
1120,13.571428571428571,3625.0,61.36363636363637,2035,modest,moderate_re,1.8,solved,2015883839877.2795,597.3268090543431,572.0548896831244,1.8010000000000006,0.18085546952008175,635.8869146618482,1.485802902484692,0.5947834865365914,0.24064232868662547,0.16457418477678326,0.06792377176390955,0.05910531818189257,0.08954900587216075,0.46
1121,13.571428571428571,3625.0,70.45454545454547,2035,modest,moderate_re,1.8,solved,2018893662868.904,597.0585044174823,572.9089983997975,1.8009999999999997,0.17627023360008007,633.3953843903072,1.5056749447782176,0.59724407672983,0.23818173849338647,0.16457418477678326,0.06570924058999458,0.05910531818189257,0.08954900587216075,0.53
1122,13.571428571428571,3625.0,79.54545454545455,2035,modest,moderate_re,1.8,solved,2021616705848.5925,596.5808426541688,573.681726480917,1.8010000000000004,0.1613092980253058,632.1408658059504,1.515361191052497,0.6025440464532008,0.23288176877001598,0.16457418477678326,0.06093926783896103,0.05910531818189257,0.08954900587216075,0.479
1123,13.571428571428571,3625.0,88.63636363636364,2035,modest,moderate_re,1.8,solved,2023685999771.1792,593.7370859285255,574.2689377493397,1.8010000000000002,0.1340913714604331,632.9092381825257,1.530343138759876,0.6235775116515584,0.21184830357165813,0.16457418477678326,0.04200914916043903,0.05910531818189257,0.08954900587216075,0.587
1124,13.571428571428571,3625.0,97.72727272727273,2035,modest,moderate_re,1.8,solved,2025621680933.4922,594.4320110444405,574.8182332255295,1.8010000000000002,0.1340913714604331,633.2483108472263,1.530343138759876,0.6235775116515584,0.21184830357165813,0.16457418477678326,0.04200914916043903,0.05910531818189257,0.08954900587216075,0.411
1125,13.571428571428571,3625.0,106.81818181818183,2035,modest,moderate_re,1.8,solved,2027505836018.8948,594.2791687281422,575.3529069543449,1.8009999999999997,0.13315871577630353,632.3345915902476,1.5379343013381401,0.623764325557399,0.21166148966581783,0.16457418477678326,0.041841016645182735,0.05910531818189257,0.08954900587216075,0.482
1126,13.571428571428571,3625.0,115.90909090909092,2035,modest,moderate_re,1.8,solved,2029235105075.5037,594.2618343794139,575.8436280960308,1.801,0.1286740048283734,632.0757290893779,1.5413464232333236,0.623764325557399,0.21166148966581783,0.16457418477678326,0.041841016645182735,0.05910531818189257,0.08954900587216075,0.387
1127,13.571428571428571,3625.0,125.0,2035,modest,moderate_re,1.8,solved,2030932142314.4016,594.5951682712947,576.3252026943693,1.8010000000000002,0.12636785269912787,632.8679013410774,1.5423417019711103,0.6245937128410959,0.21083210238212086,0.16457418477678326,0.04109456808985539,0.05910531818189257,0.08954900587216075,1.099
1128,13.571428571428571,3770.8333333333335,25.0,2035,modest,moderate_re,1.8,solved,2001636692004.2969,598.2160202353566,568.0119232960957,1.8010000000000004,0.2321103612057176,650.7711833205141,1.3592362654624832,0.5749401260581674,0.26048568916504916,0.16457418477678326,0.08578279619449093,0.05910531818189257,0.08954900587216075,1.039
1129,13.571428571428571,3770.8333333333335,34.09090909090909,2035,modest,moderate_re,1.8,solved,2007410903979.629,599.2185768567095,569.6504930039399,1.8010000000000004,0.22913416894991773,646.8033772081329,1.4177527816112798,0.5749401260581674,0.26048568916504916,0.16457418477678326,0.08578279619449093,0.05910531818189257,0.08954900587216075,0.683
1130,13.571428571428571,3770.8333333333335,43.18181818181819,2035,modest,moderate_re,1.8,solved,2011967699506.5898,598.1718011037148,570.9435918972982,1.8010000000000004,0.19553438441751306,642.84366861504,1.4492653194601812,0.5878396809648583,0.24758613425835854,0.16457418477678326,0.0741731967784693,0.05910531818189257,0.08954900587216075,0.572
1131,13.571428571428571,3770.8333333333335,52.27272727272727,2035,modest,moderate_re,1.8,solved,2015754895079.5295,598.4177813925194,572.0182985360589,1.801,0.1928746036515134,639.5822186166981,1.4770633288656485,0.5895208703418686,0.24590494488134823,0.16457418477678326,0.07266012633916004,0.05910531818189257,0.08954900587216075,0.337
1132,13.571428571428571,3770.8333333333335,61.36363636363637,2035,modest,moderate_re,1.8,solved,2019312940625.9219,598.8913844055697,573.0279784155567,1.8010000000000006,0.18259667393359946,638.9167891043126,1.4846488012503725,0.5939964730538715,0.24142934216934533,0.16457418477678326,0.06863208389835745,0.05910531818189257,0.08954900587216075,0.509
1133,13.571428571428571,3770.8333333333335,70.45454545454547,2035,modest,moderate_re,1.8,solved,2022331715747.8413,598.4491784700355,573.8846275116936,1.8009999999999997,0.17627023360008007,636.2253595221005,1.5056749447782176,0.59724407672983,0.23818173849338647,0.16457418477678326,0.06570924058999458,0.05910531818189257,0.08954900587216075,0.886
1134,13.571428571428571,3770.8333333333335,79.54545454545455,2035,modest,moderate_re,1.8,solved,2025070173458.651,597.9773529461766,574.6617298886612,1.8010000000000004,0.1613092980253058,634.9808887970108,1.515361191052497,0.6025440464532008,0.23288176877001598,0.16457418477678326,0.06093926783896103,0.05910531818189257,0.08954900587216075,0.668
1135,13.571428571428571,3770.8333333333335,88.63636363636364,2035,modest,moderate_re,1.8,solved,2027173390288.2798,595.1467794440023,575.2585675871698,1.8010000000000002,0.1340913714604331,635.7891371180247,1.530343138759876,0.6235775116515584,0.21184830357165813,0.16457418477678326,0.04200914916043903,0.05910531818189257,0.08954900587216075,0.476
1136,13.571428571428571,3770.8333333333335,97.72727272727273,2035,modest,moderate_re,1.8,solved,2029109071450.5925,595.8417045599173,575.8078630633595,1.8010000000000002,0.1340913714604331,636.1282097827253,1.530343138759876,0.6235775116515584,0.21184830357165813,0.16457418477678326,0.04200914916043903,0.05910531818189257,0.08954900587216075,0.355
1137,13.571428571428571,3770.8333333333335,106.81818181818183,2035,modest,moderate_re,1.8,solved,2030993949563.4858,595.6890961753767,576.3427419683875,1.8009999999999997,0.13315871577630353,635.2148446937764,1.5379343013381401,0.623764325557399,0.21166148966581783,0.16457418477678326,0.041841016645182735,0.05910531818189257,0.08954900587216075,0.917
1138,13.571428571428571,3770.8333333333335,115.90909090909092,2035,modest,moderate_re,1.8,solved,2032724454796.6172,595.6720042551642,576.8338139045043,1.801,0.1286740048283734,634.9559821929068,1.5413464232333236,0.623764325557399,0.21166148966581783,0.16457418477678326,0.041841016645182735,0.05910531818189257,0.08954900587216075,0.682
1139,13.571428571428571,3770.8333333333335,125.0,2035,modest,moderate_re,1.8,solved,2034424031878.9094,596.0062764826082,577.316109243693,1.8010000000000002,0.12636785269912787,635.7497268246651,1.5423417019711103,0.6245937128410959,0.21083210238212086,0.16457418477678326,0.04109456808985539,0.05910531818189257,0.08954900587216075,0.361
1140,13.571428571428571,3916.666666666667,25.0,2035,modest,moderate_re,1.8,solved,2005015166937.9307,599.5791209675334,568.9706457518374,1.8010000000000004,0.23206488372981174,653.5401430104358,1.3593793011872837,0.5749401260581674,0.26048568916504916,0.16457418477678326,0.08578279619449093,0.05910531818189257,0.08954900587216075,0.659
1141,13.571428571428571,3916.666666666667,34.09090909090909,2035,modest,moderate_re,1.8,solved,2010789140239.877,600.5857035009814,570.609147730443,1.8010000000000004,0.22913416894991773,649.5910677667779,1.4177527816112798,0.5749401260581674,0.26048568916504916,0.16457418477678326,0.08578279619449093,0.05910531818189257,0.08954900587216075,0.37
1142,13.571428571428571,3916.666666666667,43.18181818181819,2035,modest,moderate_re,1.8,solved,2015379963797.0803,599.5524325725647,571.9119028850906,1.8010000000000004,0.19553438441751306,645.6558145798621,1.4492653194601812,0.5878396809648583,0.24758613425835854,0.16457418477678326,0.0741731967784693,0.05910531818189257,0.08954900587216075,0.276
1143,13.571428571428571,3916.666666666667,52.27272727272727,2035,modest,moderate_re,1.8,solved,2019171645995.8997,599.8001832365441,572.9878827104416,1.801,0.1928746036515134,642.3975518363809,1.4770633288656485,0.5895208703418686,0.24590494488134823,0.16457418477678326,0.07266012633916004,0.05910531818189257,0.08954900587216075,0.803
1144,13.571428571428571,3916.666666666667,61.36363636363637,2035,modest,moderate_re,1.8,solved,2022741713800.5144,600.2785119574604,574.0009741910769,1.8010000000000006,0.18259667393359946,641.7406073208035,1.4846488012503725,0.5939964730538715,0.24142934216934533,0.16457418477678326,0.06863208389835745,0.05910531818189257,0.08954900587216075,0.677
1145,13.571428571428571,3916.666666666667,70.45454545454547,2035,modest,moderate_re,1.8,solved,2025769768626.7786,599.8398525225889,574.8602566235897,1.8009999999999997,0.17627023360008007,639.0553346538939,1.5056749447782176,0.59724407672983,0.23818173849338647,0.16457418477678326,0.06570924058999458,0.05910531818189257,0.08954900587216075,0.695
1146,13.571428571428571,3916.666666666667,79.54545454545455,2035,modest,moderate_re,1.8,solved,2028523641068.7095,599.3738632381843,575.6417332964054,1.8010000000000004,0.1613092980253058,637.8209117880716,1.515361191052497,0.6025440464532008,0.23288176877001598,0.16457418477678326,0.06093926783896103,0.05910531818189257,0.08954900587216075,0.273
1147,13.571428571428571,3916.666666666667,88.63636363636364,2035,modest,moderate_re,1.8,solved,2030660780805.3809,596.5564729594789,576.248197425,1.8010000000000002,0.1340913714604331,638.669036053524,1.530343138759876,0.6235775116515584,0.21184830357165813,0.16457418477678326,0.04200914916043903,0.05910531818189257,0.08954900587216075,0.949
1148,13.571428571428571,3916.666666666667,97.72727272727273,2035,modest,moderate_re,1.8,solved,2032596461967.6934,597.2513980753939,576.7974929011896,1.8010000000000002,0.1340913714604331,639.0081087182244,1.530343138759876,0.6235775116515584,0.21184830357165813,0.16457418477678326,0.04200914916043903,0.05910531818189257,0.08954900587216075,0.41
1149,13.571428571428571,3916.666666666667,106.81818181818183,2035,modest,moderate_re,1.8,solved,2034482063108.0764,597.0990236226108,577.33257698243,1.8009999999999997,0.13315871577630353,638.0950977973052,1.5379343013381401,0.623764325557399,0.21166148966581783,0.16457418477678326,0.041841016645182735,0.05910531818189257,0.08954900587216075,0.699
1150,13.571428571428571,3916.666666666667,115.90909090909092,2035,modest,moderate_re,1.8,solved,2036213804517.7312,597.0821741309147,577.8239997129779,1.801,0.1286740048283734,637.8362352964357,1.5413464232333236,0.623764325557399,0.21166148966581783,0.16457418477678326,0.041841016645182735,0.05910531818189257,0.08954900587216075,0.753
1151,13.571428571428571,3916.666666666667,125.0,2035,modest,moderate_re,1.8,solved,2037915921443.4175,597.4173846939215,578.3070157930167,1.8010000000000002,0.12636785269912787,638.6315523082526,1.5423417019711103,0.6245937128410959,0.21083210238212086,0.16457418477678326,0.04109456808985539,0.05910531818189257,0.08954900587216075,0.468
1152,13.571428571428571,4062.5,25.0,2035,modest,moderate_re,1.8,solved,2008225501737.0193,600.8215874967788,569.881654453336,1.8010000000000002,0.2808270817164814,634.473923900765,1.3445780928414157,0.5892257684187107,0.24620004680450608,0.16457418477678326,0.0865460847003829,0.05910531818189257,0.07592863924177999,0.879
1153,13.571428571428571,4062.5,34.09090909090909,2035,modest,moderate_re,1.8,solved,2014167376500.1252,601.952830145253,571.5678024569463,1.8010000000000004,0.22913416894991773,652.3787583254228,1.4177527816112798,0.5749401260581674,0.26048568916504916,0.16457418477678326,0.08578279619449093,0.05910531818189257,0.08954900587216075,0.609
1154,13.571428571428571,4062.5,43.18181818181819,2035,modest,moderate_re,1.8,solved,2018792228087.5715,600.9330640414145,572.8802138728831,1.8010000000000004,0.19553438441751306,648.4679605446843,1.4492653194601812,0.5878396809648583,0.24758613425835854,0.16457418477678326,0.0741731967784693,0.05910531818189257,0.08954900587216075,0.265
1155,13.571428571428571,4062.5,52.27272727272727,2035,modest,moderate_re,1.8,solved,2022588396912.2698,601.1825850805689,573.9574668848243,1.801,0.1928746036515134,645.2128850560637,1.4770633288656485,0.5895208703418686,0.24590494488134823,0.16457418477678326,0.07266012633916004,0.05910531818189257,0.08954900587216075,0.275
1156,13.571428571428571,4062.5,61.36363636363637,2035,modest,moderate_re,1.8,solved,2026170486975.108,601.6656395093511,574.9739699665973,1.8010000000000006,0.18259667393359955,644.5644255372946,1.4846488012503725,0.5939964730538715,0.24142934216934533,0.16457418477678326,0.06863208389835745,0.05910531818189257,0.08954900587216075,0.351
1157,13.571428571428571,4062.5,70.45454545454547,2035,modest,moderate_re,1.8,solved,2029207821505.715,601.230526575142,575.8358857354856,1.8009999999999997,0.17627023360008007,641.8853097856872,1.5056749447782176,0.59724407672983,0.23818173849338647,0.16457418477678326,0.06570924058999458,0.05910531818189257,0.08954900587216075,0.589
1158,13.571428571428571,4062.5,79.54545454545455,2035,modest,moderate_re,1.8,solved,2031977108678.768,600.770373530192,576.6217367041496,1.8010000000000004,0.1613092980253058,640.660934779132,1.515361191052497,0.6025440464532008,0.23288176877001598,0.16457418477678326,0.06093926783896103,0.05910531818189257,0.08954900587216075,0.473
1159,13.571428571428571,4062.5,88.63636363636364,2035,modest,moderate_re,1.8,solved,2034148171322.4814,597.9661664749556,577.23782726283,1.8010000000000002,0.1340913714604331,641.5489349890231,1.530343138759876,0.6235775116515584,0.21184830357165813,0.16457418477678326,0.04200914916043903,0.05910531818189257,0.08954900587216075,0.49
1160,13.571428571428571,4062.5,97.72727272727273,2035,modest,moderate_re,1.8,solved,2036083852484.7942,598.6610915908706,577.7871227390197,1.8010000000000002,0.1340913714604331,641.8880076537238,1.530343138759876,0.6235775116515584,0.21184830357165813,0.16457418477678326,0.04200914916043903,0.05910531818189257,0.08954900587216075,0.586
1161,13.571428571428571,4062.5,106.81818181818183,2035,modest,moderate_re,1.8,solved,2037970176652.6685,598.5089510698454,578.322411996473,1.8009999999999997,0.13315871577630353,640.9753509008342,1.5379343013381401,0.623764325557399,0.21166148966581783,0.16457418477678326,0.041841016645182735,0.05910531818189257,0.08954900587216075,0.685
1162,13.571428571428571,4062.5,115.90909090909092,2035,modest,moderate_re,1.8,solved,2039703154238.845,598.4923440066649,578.8141855214513,1.801,0.1286740048283734,640.7164883999645,1.5413464232333236,0.623764325557399,0.21166148966581783,0.16457418477678326,0.041841016645182735,0.05910531818189257,0.08954900587216075,0.479
1163,13.571428571428571,4062.5,125.0,2035,modest,moderate_re,1.8,solved,2041407811007.9248,598.8284929052347,579.2979223423403,1.8010000000000002,0.12636785269912787,641.5133777918404,1.5423417019711103,0.6245937128410959,0.21083210238212086,0.16457418477678326,0.04109456808985539,0.05910531818189257,0.08954900587216075,0.256
1164,13.571428571428571,4208.333333333334,25.0,2035,modest,moderate_re,1.8,solved,2011093931467.6584,601.3597148832389,570.6956394760168,1.8010000000000004,0.28347573606977117,631.342529460619,1.3465301652718147,0.5931246491818678,0.24230116604134908,0.16457418477678326,0.0857827961944908,0.05910531818189257,0.07318293506083072,0.281
1165,13.571428571428571,4208.333333333334,34.09090909090909,2035,modest,moderate_re,1.8,solved,2017545612760.373,603.3199567895246,572.5264571834495,1.8010000000000004,0.22913416894991773,655.1664488840678,1.4177527816112798,0.5749401260581674,0.26048568916504916,0.16457418477678326,0.08578279619449093,0.05910531818189257,0.08954900587216075,0.3
1166,13.571428571428571,4208.333333333334,43.18181818181819,2035,modest,moderate_re,1.8,solved,2022204492378.0608,602.3136955102644,573.8485248606751,1.8010000000000004,0.19553438441751306,651.2801065095067,1.4492653194601812,0.5878396809648583,0.24758613425835854,0.16457418477678326,0.0741731967784693,0.05910531818189257,0.08954900587216075,0.62
1167,13.571428571428571,4208.333333333334,52.27272727272727,2035,modest,moderate_re,1.8,solved,2026002413100.296,602.7085717185231,574.9262750151263,1.8010000000000002,0.1935692251136656,647.8905372072805,1.4784810336845873,0.5878396809648583,0.24758613425835854,0.16457418477678326,0.0741731967784693,0.05910531818189257,0.08954900587216075,0.294
1168,13.571428571428571,4208.333333333334,61.36363636363637,2035,modest,moderate_re,1.8,solved,2029599243921.117,603.1473897133177,575.9469611368718,1.8010000000000004,0.18365274907010695,647.490514098135,1.4841366375194758,0.5933188861374896,0.24210692908572726,0.16457418477678326,0.06924191212310116,0.05910531818189257,0.08954900587216075,0.479
1169,13.571428571428571,4208.333333333334,70.45454545454547,2035,modest,moderate_re,1.8,solved,2032645874384.6526,602.6212006276954,576.8115148473818,1.8009999999999997,0.17627023360008007,644.7152849174805,1.5056749447782176,0.59724407672983,0.23818173849338647,0.16457418477678326,0.06570924058999458,0.05910531818189257,0.08954900587216075,0.388
1170,13.571428571428571,4208.333333333334,79.54545454545455,2035,modest,moderate_re,1.8,solved,2035430576288.8267,602.1668838221999,577.601740111894,1.8010000000000004,0.1613092980253058,643.5009577701926,1.515361191052497,0.6025440464532008,0.23288176877001598,0.16457418477678326,0.06093926783896103,0.05910531818189257,0.08954900587216075,0.692
1171,13.571428571428571,4208.333333333334,88.63636363636364,2035,modest,moderate_re,1.8,solved,2037635561839.583,599.3758599904322,578.2274571006603,1.8010000000000002,0.1340913714604331,644.4288339245223,1.530343138759876,0.6235775116515584,0.21184830357165813,0.16457418477678326,0.04200914916043903,0.05910531818189257,0.08954900587216075,0.814
1172,13.571428571428571,4208.333333333334,97.72727272727273,2035,modest,moderate_re,1.8,solved,2039571243001.8955,600.0707851063473,578.77675257685,1.8010000000000002,0.1340913714604331,644.767906589223,1.530343138759876,0.6235775116515584,0.21184830357165813,0.16457418477678326,0.04200914916043903,0.05910531818189257,0.08954900587216075,0.792
1173,13.571428571428571,4208.333333333334,106.81818181818183,2035,modest,moderate_re,1.8,solved,2041458290197.2593,599.9188785170797,579.3122470105155,1.8009999999999997,0.13315871577630353,643.8556040043634,1.5379343013381401,0.623764325557399,0.21166148966581783,0.16457418477678326,0.041841016645182735,0.05910531818189257,0.08954900587216075,0.688
1174,13.571428571428571,4208.333333333334,115.90909090909092,2035,modest,moderate_re,1.8,solved,2043192503959.959,599.9025138824153,579.804371329925,1.801,0.1286740048283734,643.5967415034935,1.5413464232333236,0.623764325557399,0.21166148966581783,0.16457418477678326,0.041841016645182735,0.05910531818189257,0.08954900587216075,0.762
1175,13.571428571428571,4208.333333333334,125.0,2035,modest,moderate_re,1.8,solved,2044897987034.0752,600.4352799170882,580.2883426344815,1.8010000000000004,0.12799587975390395,644.5174495608554,1.5419399050626343,0.623764325557399,0.21166148966581783,0.16457418477678326,0.041841016645182735,0.05910531818189257,0.08954900587216075,0.608
1176,13.571428571428571,4354.166666666667,25.0,2035,modest,moderate_re,1.8,solved,2013892443014.456,602.3908644946673,571.4897835544166,1.8010000000000002,0.28371094174491934,632.7797168894801,1.3462105732115288,0.5946802684729802,0.24074554675023666,0.16457418477678326,0.08493253704134669,0.05910531818189257,0.07263313685197369,0.462
1177,13.571428571428571,4354.166666666667,34.09090909090909,2035,modest,moderate_re,1.8,solved,2020646525872.934,604.9679865055841,573.406414884103,1.801000000000001,0.26979296481826537,639.0799013001688,1.3730894336085218,0.5888965839255562,0.24652923129766063,0.16457418477678326,0.08578279619449099,0.05910531818189257,0.07698819379151102,0.57
1178,13.571428571428571,4354.166666666667,43.18181818181819,2035,modest,moderate_re,1.8,solved,2025616756668.5527,603.6943269791145,574.8168358484679,1.8010000000000004,0.19553438441751306,654.0922524743289,1.4492653194601812,0.5878396809648583,0.24758613425835854,0.16457418477678326,0.0741731967784693,0.05910531818189257,0.08954900587216075,0.469
1179,13.571428571428571,4354.166666666667,52.27272727272727,2035,modest,moderate_re,1.8,solved,2029414445837.592,604.0891541979837,575.8945202942035,1.8010000000000002,0.1935692251136656,650.7026831721028,1.4784810336845873,0.5878396809648583,0.24758613425835854,0.16457418477678326,0.0741731967784693,0.05910531818189257,0.08954900587216075,0.375
1180,13.571428571428571,4354.166666666667,61.36363636363637,2035,modest,moderate_re,1.8,solved,2033026208805.0818,604.5338037328293,576.9194437670038,1.8010000000000004,0.18365274907010695,650.3130477227638,1.4841366375194758,0.5933188861374896,0.24210692908572726,0.16457418477678326,0.06924191212310116,0.05910531818189257,0.08954900587216075,0.481
1181,13.571428571428571,4354.166666666667,70.45454545454547,2035,modest,moderate_re,1.8,solved,2036083927263.589,604.0118746802486,577.7871439592777,1.8009999999999997,0.17627023360008007,647.5452600492739,1.5056749447782176,0.59724407672983,0.23818173849338647,0.16457418477678326,0.06570924058999458,0.05910531818189257,0.08954900587216075,0.417
1182,13.571428571428571,4354.166666666667,79.54545454545455,2035,modest,moderate_re,1.8,solved,2038884043898.8843,603.5633941142075,578.5817435196379,1.8010000000000004,0.1613092980253058,646.3409807612533,1.515361191052497,0.6025440464532008,0.23288176877001598,0.16457418477678326,0.06093926783896103,0.05910531818189257,0.08954900587216075,0.47
1183,13.571428571428571,4354.166666666667,88.63636363636364,2035,modest,moderate_re,1.8,solved,2041122952356.6833,600.7855535059088,579.2170869384903,1.8010000000000002,0.1340913714604331,647.3087328600213,1.530343138759876,0.6235775116515584,0.21184830357165813,0.16457418477678326,0.04200914916043903,0.05910531818189257,0.08954900587216075,0.781
1184,13.571428571428571,4354.166666666667,97.72727272727273,2035,modest,moderate_re,1.8,solved,2043058633518.996,601.4804786218239,579.7663824146799,1.8010000000000002,0.1340913714604331,647.6478055247219,1.530343138759876,0.6235775116515584,0.21184830357165813,0.16457418477678326,0.04200914916043903,0.05910531818189257,0.08954900587216075,0.568
1185,13.571428571428571,4354.166666666667,106.81818181818183,2035,modest,moderate_re,1.8,solved,2044946403741.8513,601.3288059643141,580.3020820245584,1.8009999999999997,0.13315871577630353,646.7358571078923,1.5379343013381401,0.623764325557399,0.21166148966581783,0.16457418477678326,0.041841016645182735,0.05910531818189257,0.08954900587216075,0.788
1186,13.571428571428571,4354.166666666667,115.90909090909092,2035,modest,moderate_re,1.8,solved,2046681853681.0725,601.3126837581657,580.7945571383984,1.801,0.1286740048283734,646.4769946070227,1.5413464232333236,0.623764325557399,0.21166148966581783,0.16457418477678326,0.041841016645182735,0.05910531818189257,0.08954900587216075,0.504
1187,13.571428571428571,4354.166666666667,125.0,2035,modest,moderate_re,1.8,solved,2048387449576.261,601.845472240218,581.2785604586122,1.8010000000000004,0.12799587975390395,647.3977026643844,1.5419399050626343,0.623764325557399,0.21166148966581783,0.16457418477678326,0.041841016645182735,0.05910531818189257,0.08954900587216075,0.351
1188,13.571428571428571,4500.0,25.0,2035,modest,moderate_re,1.8,solved,2016667137923.948,603.8521758048594,572.2771690966562,1.801,0.28847250366839305,635.5529713105365,1.3313190343784296,0.5946802684729802,0.24074554675023666,0.16457418477678326,0.08578279619449088,0.05910531818189257,0.0717828776988295,0.555
1189,13.571428571428571,4500.0,34.09090909090909,2035,modest,moderate_re,1.8,solved,2023525681969.3955,605.6952221393152,574.2234437676929,1.8010000000000006,0.27065143882105724,637.6379307896411,1.371932734923706,0.5946802684729802,0.24074554675023666,0.16457418477678326,0.08261875615059909,0.05910531818189257,0.0749469177427213,0.477
1190,13.571428571428571,4500.0,43.18181818181819,2035,modest,moderate_re,1.8,solved,2029029020959.0427,605.0749584479643,575.7851468362601,1.8010000000000004,0.19553438441751306,656.9043984391511,1.4492653194601812,0.5878396809648583,0.24758613425835854,0.16457418477678326,0.0741731967784693,0.05910531818189257,0.08954900587216075,0.34
1191,13.571428571428571,4500.0,52.27272727272727,2035,modest,moderate_re,1.8,solved,2032826478574.8872,605.4697366774442,576.8627655732804,1.8010000000000002,0.1935692251136656,653.5148291369252,1.4784810336845873,0.5878396809648583,0.24758613425835854,0.16457418477678326,0.0741731967784693,0.05910531818189257,0.08954900587216075,0.488
1192,13.571428571428571,4500.0,61.36363636363637,2035,modest,moderate_re,1.8,solved,2036453173689.0461,605.920217752341,577.8919263971356,1.8010000000000004,0.18365274907010695,653.1355813473925,1.4841366375194758,0.5933188861374896,0.24210692908572726,0.16457418477678326,0.06924191212310116,0.05910531818189257,0.08954900587216075,0.567
1193,13.571428571428571,4500.0,70.45454545454547,2035,modest,moderate_re,1.8,solved,2039521980142.5266,605.4025487328018,578.7627730711739,1.8009999999999997,0.17627023360008007,650.3752351810673,1.5056749447782176,0.59724407672983,0.23818173849338647,0.16457418477678326,0.06570924058999458,0.05910531818189257,0.08954900587216075,0.238
1194,13.571428571428571,4500.0,79.54545454545455,2035,modest,moderate_re,1.8,solved,2042335967843.976,605.3195927695103,579.5613088758065,1.801,0.16440346088393729,649.5080552302633,1.5135728671710276,0.6013137288975894,0.23411208632562722,0.16457418477678326,0.06204655363901122,0.05910531818189257,0.08954900587216075,0.229
1195,13.571428571428571,4500.0,88.63636363636364,2035,modest,moderate_re,1.8,solved,2044610342873.7844,602.1952470213854,580.2067167763205,1.8010000000000002,0.1340913714604331,650.1886317955206,1.530343138759876,0.6235775116515584,0.21184830357165813,0.16457418477678326,0.04200914916043903,0.05910531818189257,0.08954900587216075,0.222
1196,13.571428571428571,4500.0,97.72727272727273,2035,modest,moderate_re,1.8,solved,2046546024036.0964,602.8901721373004,580.7560122525099,1.8010000000000002,0.1340913714604331,650.527704460221,1.530343138759876,0.6235775116515584,0.21184830357165813,0.16457418477678326,0.04200914916043903,0.05910531818189257,0.08954900587216075,0.424
1197,13.571428571428571,4500.0,106.81818181818183,2035,modest,moderate_re,1.8,solved,2048434517286.4424,602.7387334115484,581.291917038601,1.8009999999999997,0.13315871577630353,649.6161102114213,1.5379343013381401,0.623764325557399,0.21166148966581783,0.16457418477678326,0.041841016645182735,0.05910531818189257,0.08954900587216075,0.224
1198,13.571428571428571,4500.0,115.90909090909092,2035,modest,moderate_re,1.8,solved,2050171203402.1863,602.722853633916,581.7847429468719,1.801,0.1286740048283734,649.3572477105516,1.5413464232333236,0.623764325557399,0.21166148966581783,0.16457418477678326,0.041841016645182735,0.05910531818189257,0.08954900587216075,0.209
1199,13.571428571428571,4500.0,125.0,2035,modest,moderate_re,1.8,solved,2051876912118.446,603.2556645633474,582.2687782827427,1.8010000000000004,0.12799587975390395,650.2779557679131,1.5419399050626343,0.623764325557399,0.21166148966581783,0.16457418477678326,0.041841016645182735,0.05910531818189257,0.08954900587216075,0.206
1200,16.42857142857143,1000.0,25.0,2035,modest,moderate_re,1.8,solved,1947842368261.5605,575.5213475199753,552.7465070426956,1.801,0.2363924655258308,604.2080731434997,1.3279278194695026,0.5843621717252097,0.251063643498007,0.16457418477678326,0.07730295509415307,0.05910531818189257,0.08954900587216075,0.365
1201,16.42857142857143,1000.0,34.09090909090909,2035,modest,moderate_re,1.8,solved,1953629296277.313,574.9078859885622,554.388685228844,1.8010000000000004,0.21573846408253253,596.0323053975706,1.4144214244104112,0.5915856361079382,0.24384017911527855,0.16457418477678326,0.07080183714969732,0.05910531818189257,0.08954900587216075,0.821
1202,16.42857142857143,1000.0,43.18181818181819,2035,modest,moderate_re,1.8,solved,1958106069114.9915,575.2463061809548,555.6590757846561,1.8010000000000002,0.1987822766178749,593.9460412473005,1.4336804644543515,0.5954127512427824,0.2400130639804343,0.16457418477678326,0.06735743352833759,0.05910531818189257,0.08954900587216075,0.466
1203,16.42857142857143,1000.0,52.27272727272727,2035,modest,moderate_re,1.8,solved,1961978482622.2688,574.4804670684737,556.7579650350644,1.8010000000000004,0.18603816608000182,588.9146765811869,1.47223075158061,0.5998097740175619,0.23561604120565502,0.16457418477678326,0.06340011303103614,0.05910531818189257,0.08954900587216075,0.456
1204,16.42857142857143,1000.0,61.36363636363637,2035,modest,moderate_re,1.8,solved,1965413665579.3545,574.8723857394868,557.7327797385132,1.8010000000000004,0.17585282107987663,587.9858219984868,1.4812832071227797,0.6027332251852761,0.23269259003794052,0.16457418477678326,0.060769006980093215,0.05910531818189257,0.08954900587216075,0.619
1205,16.42857142857143,1000.0,70.45454545454547,2035,modest,moderate_re,1.8,solved,1968335290855.7068,573.9479917447759,558.5618602599686,1.8010000000000004,0.1640771436617966,589.0376001373818,1.4954596353261693,0.6178640619083765,0.21756175331484012,0.16457418477678326,0.04715125392930285,0.05910531818189257,0.08954900587216075,0.714
1206,16.42857142857143,1000.0,79.54545454545455,2035,modest,moderate_re,1.8,solved,1970761368404.507,572.7654649632798,559.2503173511402,1.8010000000000002,0.14509988563000933,586.940811500853,1.5090219310752249,0.6235775116515584,0.21184830357165813,0.16457418477678326,0.04200914916043903,0.05910531818189257,0.08954900587216075,0.257
1207,16.42857142857143,1000.0,88.63636363636364,2035,modest,moderate_re,1.8,solved,1972873208563.2668,572.151094876713,559.8496021239778,1.8010000000000002,0.13854584108336734,584.7379758695203,1.5256761393382954,0.623764325557399,0.21166148966581783,0.16457418477678326,0.041841016645182735,0.05910531818189257,0.08954900587216075,0.292
1208,16.42857142857143,1000.0,97.72727272727273,2035,modest,moderate_re,1.8,solved,1974864724609.2258,572.4107495235037,560.4147420737294,1.8010000000000002,0.13368120257918062,584.3211793404712,1.530507261648863,0.623764325557399,0.21166148966581783,0.16457418477678326,0.041841016645182735,0.05910531818189257,0.08954900587216075,0.484
1209,16.42857142857143,1000.0,106.81818181818183,2035,modest,moderate_re,1.8,solved,1976727830326.2632,571.4905609984451,560.9434425446318,1.8010000000000004,0.12704597777359777,582.7393660008103,1.5417482201417994,0.6245937128410959,0.21083210238212086,0.16457418477678326,0.04109456808985539,0.05910531818189257,0.08954900587216075,0.404
1210,16.42857142857143,1000.0,115.90909090909092,2035,modest,moderate_re,1.8,solved,1978411972554.8335,572.0724624950725,561.4213578777068,1.8010000000000004,0.12704597777359777,583.0338563264313,1.5417482201417994,0.6245937128410959,0.21083210238212086,0.16457418477678326,0.04109456808985539,0.05910531818189257,0.08954900587216075,0.5
1211,16.42857142857143,1000.0,125.0,2035,modest,moderate_re,1.8,solved,1980096114783.4048,572.6543639916997,561.8992732107821,1.8010000000000004,0.12704597777359777,583.3283466520526,1.5417482201417994,0.6245937128410959,0.21083210238212086,0.16457418477678326,0.04109456808985539,0.05910531818189257,0.08954900587216075,0.375
1212,16.42857142857143,1145.8333333333333,25.0,2035,modest,moderate_re,1.8,solved,1951247856251.0083,576.8988113398033,553.712895094221,1.801,0.2363924655258308,607.0136263303884,1.3279278194695026,0.5843621717252097,0.251063643498007,0.16457418477678326,0.07730295509415307,0.05910531818189257,0.08954900587216075,0.591
1213,16.42857142857143,1145.8333333333333,34.09090909090909,2035,modest,moderate_re,1.8,solved,1957047266331.7253,576.7163095595579,555.3586153625843,1.8010000000000002,0.2206231240307021,599.5416223226562,1.4106495863570871,0.5890040620739492,0.2464217531492674,0.16457418477678326,0.07312525378028731,0.05910531818189257,0.08954900587216075,0.38
1214,16.42857142857143,1145.8333333333333,43.18181818181819,2035,modest,moderate_re,1.8,solved,1961540147643.8076,576.6352284040798,556.6335770803681,1.8010000000000002,0.1987822766178749,596.7725444911914,1.4336804644543515,0.5954127512427824,0.2400130639804343,0.16457418477678326,0.06735743352833759,0.05910531818189257,0.08954900587216075,0.509
1215,16.42857142857143,1145.8333333333333,52.27272727272727,2035,modest,moderate_re,1.8,solved,1965424094294.5884,575.8739826573573,557.7357391340024,1.8010000000000004,0.18603816608000182,591.7495158474215,1.47223075158061,0.5998097740175619,0.23561604120565502,0.16457418477678326,0.06340011303103614,0.05910531818189257,0.08954900587216075,0.371
1216,16.42857142857143,1145.8333333333333,61.36363636363637,2035,modest,moderate_re,1.8,solved,1968867745612.6929,576.2691148077315,558.7129569358999,1.8010000000000004,0.17585282107987663,590.8262036408937,1.4812832071227797,0.6027332251852761,0.23269259003794052,0.16457418477678326,0.060769006980093215,0.05910531818189257,0.08954900587216075,0.269
1217,16.42857142857143,1145.8333333333333,70.45454545454547,2035,modest,moderate_re,1.8,solved,1971805620553.0518,575.3721121703772,559.5466486852281,1.8010000000000004,0.1638359996579474,591.7676773069322,1.4968325372694107,0.6170858267380075,0.2183399884852091,0.16457418477678326,0.04785166558263498,0.05910531818189257,0.08954900587216075,0.37
1218,16.42857142857143,1145.8333333333333,79.54545454545455,2035,modest,moderate_re,1.8,solved,1974248758921.6082,574.1751584787563,560.2399471889704,1.8010000000000002,0.14509988563000933,589.8207104363522,1.5090219310752249,0.6235775116515584,0.21184830357165813,0.16457418477678326,0.04200914916043903,0.05910531818189257,0.08954900587216075,0.576
1219,16.42857142857143,1145.8333333333333,88.63636363636364,2035,modest,moderate_re,1.8,solved,1976361145750.8179,573.5609946898412,560.8393870925241,1.8010000000000002,0.13854584108336734,587.618228973049,1.5256761393382954,0.623764325557399,0.21166148966581783,0.16457418477678326,0.041841016645182735,0.05910531818189257,0.08954900587216075,0.384
1220,16.42857142857143,1145.8333333333333,97.72727272727273,2035,modest,moderate_re,1.8,solved,1978352661796.7761,573.8206493366318,561.4045270422755,1.8010000000000002,0.13368120257918062,587.2014324439999,1.530507261648863,0.623764325557399,0.21166148966581783,0.16457418477678326,0.041841016645182735,0.05910531818189257,0.08954900587216075,0.266
1221,16.42857142857143,1145.8333333333333,106.81818181818183,2035,modest,moderate_re,1.8,solved,1980219121362.2114,573.2651790774997,561.9341792472696,1.801,0.12969899011156105,585.9510118986977,1.5397299813152219,0.6245937128410959,0.21083210238212086,0.16457418477678326,0.04109456808985539,0.05910531818189257,0.08954900587216075,1.148
1222,16.42857142857143,1145.8333333333333,115.90909090909092,2035,modest,moderate_re,1.8,solved,1981903749298.2695,573.4835482590066,562.4122324113733,1.8010000000000004,0.12704597777359777,585.9156818100189,1.5417482201417994,0.6245937128410959,0.21083210238212086,0.16457418477678326,0.04109456808985539,0.05910531818189257,0.08954900587216075,0.598
1223,16.42857142857143,1145.8333333333333,125.0,2035,modest,moderate_re,1.8,solved,1983587891526.8406,574.065449755634,562.8901477444487,1.8010000000000004,0.12704597777359777,586.2101721356399,1.5417482201417994,0.6245937128410959,0.21083210238212086,0.16457418477678326,0.04109456808985539,0.05910531818189257,0.08954900587216075,0.371
1224,16.42857142857143,1291.6666666666667,25.0,2035,modest,moderate_re,1.8,solved,1954652920882.6084,578.3078413922481,554.6791630079083,1.8009999999999997,0.23670154613551125,609.9119681202609,1.3273030157881578,0.5841945152730693,0.2512312999501475,0.16457418477678326,0.07745384590107937,0.05910531818189257,0.08954900587216075,0.702
1225,16.42857142857143,1291.6666666666667,34.09090909090909,2035,modest,moderate_re,1.8,solved,1960464552613.0151,578.0985456221533,556.3283514594706,1.8010000000000002,0.2206231240307021,602.3559757599978,1.4106495863570871,0.5890040620739492,0.2464217531492674,0.16457418477678326,0.07312525378028731,0.05910531818189257,0.08954900587216075,0.473
1226,16.42857142857143,1291.6666666666667,43.18181818181819,2035,modest,moderate_re,1.8,solved,1964974226172.6248,578.0241506272049,557.6080783760802,1.8010000000000002,0.1987822766178749,599.5990477350822,1.4336804644543515,0.5954127512427824,0.2400130639804343,0.16457418477678326,0.06735743352833759,0.05910531818189257,0.08954900587216075,0.394
1227,16.42857142857143,1291.6666666666667,52.27272727272727,2035,modest,moderate_re,1.8,solved,1968869705966.9082,577.2674982462406,558.7135132329405,1.8010000000000004,0.18603816608000182,594.5843551136561,1.47223075158061,0.5998097740175619,0.23561604120565502,0.16457418477678326,0.06340011303103614,0.05910531818189257,0.08954900587216075,0.723
1228,16.42857142857143,1291.6666666666667,61.36363636363637,2035,modest,moderate_re,1.8,solved,1972321693108.561,577.7096376755464,559.6930965226335,1.801000000000001,0.1762438080424877,593.7161085909277,1.4810453126851961,0.6025440464532008,0.23288176877001598,0.16457418477678326,0.06093926783896103,0.05910531818189257,0.08954900587216075,0.832
1229,16.42857142857143,1291.6666666666667,70.45454545454547,2035,modest,moderate_re,1.8,solved,1975273917814.1055,576.7746212508398,560.530860358447,1.8010000000000004,0.1638359996579474,594.6352690897825,1.4968325372694107,0.6170858267380075,0.2183399884852091,0.16457418477678326,0.04785166558263498,0.05910531818189257,0.08954900587216075,0.798
1230,16.42857142857143,1291.6666666666667,79.54545454545455,2035,modest,moderate_re,1.8,solved,1977736149438.709,575.584851994233,561.2295770268005,1.8010000000000002,0.14509988563000933,592.7006093718511,1.5090219310752249,0.6235775116515584,0.21184830357165813,0.16457418477678326,0.04200914916043903,0.05910531818189257,0.08954900587216075,0.585
1231,16.42857142857143,1291.6666666666667,88.63636363636364,2035,modest,moderate_re,1.8,solved,1979849082938.3684,574.9708945029695,561.8291720610705,1.8010000000000002,0.13854584108336734,590.4984820765782,1.5256761393382954,0.623764325557399,0.21166148966581783,0.16457418477678326,0.041841016645182735,0.05910531818189257,0.08954900587216075,0.366
1232,16.42857142857143,1291.6666666666667,97.72727272727273,2035,modest,moderate_re,1.8,solved,1981840598984.3271,575.2305491497601,562.394312010822,1.8010000000000002,0.13368120257918062,590.0816855475292,1.530507261648863,0.623764325557399,0.21166148966581783,0.16457418477678326,0.041841016645182735,0.05910531818189257,0.08954900587216075,0.374
1233,16.42857142857143,1291.6666666666667,106.81818181818183,2035,modest,moderate_re,1.8,solved,1983710109495.6296,574.6761079360982,562.9248299941248,1.801,0.12969899011156105,588.8328373822854,1.5397299813152219,0.6245937128410959,0.21083210238212086,0.16457418477678326,0.04109456808985539,0.05910531818189257,0.08954900587216075,0.992
1234,16.42857142857143,1291.6666666666667,115.90909090909092,2035,modest,moderate_re,1.8,solved,1985395526041.7063,574.8946340229409,563.4031069450401,1.8010000000000004,0.12704597777359777,588.7975072936066,1.5417482201417994,0.6245937128410959,0.21083210238212086,0.16457418477678326,0.04109456808985539,0.05910531818189257,0.08954900587216075,0.597
1235,16.42857142857143,1291.6666666666667,125.0,2035,modest,moderate_re,1.8,solved,1987079668270.277,575.4765355195683,563.8810222781153,1.8010000000000004,0.12704597777359777,589.0919976192276,1.5417482201417994,0.6245937128410959,0.21083210238212086,0.16457418477678326,0.04109456808985539,0.05910531818189257,0.08954900587216075,0.571
1236,16.42857142857143,1437.5,25.0,2035,modest,moderate_re,1.8,solved,1958057961443.7134,579.6851286615786,555.6454240910211,1.8009999999999997,0.23670154613551125,612.7172034584593,1.3273030157881578,0.5841945152730693,0.2512312999501475,0.16457418477678326,0.07745384590107937,0.05910531818189257,0.08954900587216075,0.814
1237,16.42857142857143,1437.5,34.09090909090909,2035,modest,moderate_re,1.8,solved,1963880625361.7708,579.672028837826,557.2977431876953,1.8010000000000004,0.222826278266489,605.4771598692466,1.4089483541173702,0.5878396809648583,0.24758613425835854,0.16457418477678326,0.0741731967784693,0.05910531818189257,0.08954900587216075,0.571
1238,16.42857142857143,1437.5,43.18181818181819,2035,modest,moderate_re,1.8,solved,1968407409637.5159,579.4347277560248,558.5823256761577,1.8009999999999997,0.19904368934778735,602.4274064817868,1.4338745106554946,0.5950049640777468,0.2404208511454697,0.16457418477678326,0.06772444197686948,0.05910531818189257,0.08954900587216075,0.565
1239,16.42857142857143,1437.5,52.27272727272727,2035,modest,moderate_re,1.8,solved,1972315024169.2092,578.7109594225407,559.6912040527948,1.8010000000000002,0.18656395544077148,597.473690334311,1.472014831315814,0.5994856215093175,0.23594019371389938,0.16457418477678326,0.06369185028845613,0.05910531818189257,0.08954900587216075,0.254
1240,16.42857142857143,1437.5,61.36363636363637,2035,modest,moderate_re,1.8,solved,1975775225076.5266,579.1061587851249,560.6731181934614,1.801000000000001,0.17624380804248804,596.556131581988,1.481045312685196,0.6025440464532008,0.23288176877001598,0.16457418477678326,0.06093926783896103,0.05910531818189257,0.08954900587216075,0.481
1241,16.42857142857143,1437.5,70.45454545454547,2035,modest,moderate_re,1.8,solved,1978740676236.7854,578.0950688889897,561.5146353497505,1.8010000000000004,0.16518348621064396,593.2033844852565,1.5051960504505608,0.6068028773530354,0.22862293787018126,0.16457418477678326,0.05710632002910985,0.05910531818189257,0.08954900587216075,0.47
1242,16.42857142857143,1437.5,79.54545454545455,2035,modest,moderate_re,1.8,solved,1981223539955.8103,576.9945455097096,562.2192068646308,1.8010000000000002,0.14509988563000933,595.5805083073502,1.5090219310752249,0.6235775116515584,0.21184830357165813,0.16457418477678326,0.04200914916043903,0.05910531818189257,0.08954900587216075,0.498
1243,16.42857142857143,1437.5,88.63636363636364,2035,modest,moderate_re,1.8,solved,1983336935009.573,576.4299586242267,562.8189328758332,1.8010000000000004,0.1389560099646201,593.4206650665201,1.5255120164493077,0.6235775116515584,0.21184830357165813,0.16457418477678326,0.04200914916043903,0.05910531818189257,0.08954900587216075,0.255
1244,16.42857142857143,1437.5,97.72727272727273,2035,modest,moderate_re,1.8,solved,1985328536171.8784,576.6404489628886,563.3840969793685,1.8010000000000002,0.13368120257918062,592.9619386510582,1.530507261648863,0.623764325557399,0.21166148966581783,0.16457418477678326,0.041841016645182735,0.05910531818189257,0.08954900587216075,0.398
1245,16.42857142857143,1437.5,106.81818181818183,2035,modest,moderate_re,1.8,solved,1987201097629.0466,576.0870367946966,563.9154807409797,1.801,0.12969899011156105,591.7146628658729,1.5397299813152219,0.6245937128410959,0.21083210238212086,0.16457418477678326,0.04109456808985539,0.05910531818189257,0.08954900587216075,1.273
1246,16.42857142857143,1437.5,115.90909090909092,2035,modest,moderate_re,1.8,solved,1988887302785.1423,576.305719786875,564.3939814787068,1.8010000000000004,0.12704597777359777,591.6793327771942,1.5417482201417994,0.6245937128410959,0.21083210238212086,0.16457418477678326,0.04109456808985539,0.05910531818189257,0.08954900587216075,0.803
1247,16.42857142857143,1437.5,125.0,2035,modest,moderate_re,1.8,solved,1990571445013.7134,576.8876212835022,564.871896811782,1.8010000000000004,0.12704597777359777,591.9738231028152,1.5417482201417994,0.6245937128410959,0.21083210238212086,0.16457418477678326,0.04109456808985539,0.05910531818189257,0.08954900587216075,1.316
1248,16.42857142857143,1583.3333333333335,25.0,2035,modest,moderate_re,1.8,solved,1961461165432.7468,581.2868137802445,556.6111640032148,1.8009999999999997,0.23889625704306466,616.1767955591152,1.3228664273656565,0.5830040250491301,0.25242179017408656,0.16457418477678326,0.07852528710262463,0.05910531818189257,0.08954900587216075,0.398
1249,16.42857142857143,1583.3333333333335,34.09090909090909,2035,modest,moderate_re,1.8,solved,1967294804234.4067,581.0530387497944,558.266597483617,1.8010000000000004,0.222826278266489,608.2893058340688,1.4089483541173702,0.5878396809648583,0.24758613425835854,0.16457418477678326,0.0741731967784693,0.05910531818189257,0.08954900587216075,0.907
1250,16.42857142857143,1583.3333333333335,43.18181818181819,2035,modest,moderate_re,1.8,solved,1971840287491.603,580.823198478632,559.5564862519154,1.8009999999999997,0.19904368934778735,605.2531366291774,1.4338745106554946,0.5950049640777468,0.2404208511454697,0.16457418477678326,0.06772444197686948,0.05910531818189257,0.08954900587216075,0.71
1251,16.42857142857143,1583.3333333333335,52.27272727272727,2035,modest,moderate_re,1.8,solved,1975758433893.4229,580.4755417390651,560.6683532966911,1.8010000000000002,0.19033694123598016,600.7411082216437,1.4701850500675926,0.5970648412805696,0.23836097394264727,0.16457418477678326,0.06587055249432917,0.05910531818189257,0.08954900587216075,0.945
1252,16.42857142857143,1583.3333333333335,61.36363636363637,2035,modest,moderate_re,1.8,solved,1979228757044.491,580.5026798947031,561.6531398642891,1.801000000000001,0.17624380804248804,599.3961545730483,1.481045312685196,0.6025440464532008,0.23288176877001598,0.16457418477678326,0.06093926783896103,0.05910531818189257,0.08954900587216075,0.364
1253,16.42857142857143,1583.3333333333335,70.45454545454547,2035,modest,moderate_re,1.8,solved,1982206632406.5408,579.4962864079175,562.498182682744,1.8010000000000004,0.16518348621064396,596.051481509898,1.5051960504505608,0.6068028773530354,0.22862293787018126,0.16457418477678326,0.05710632002910985,0.05910531818189257,0.08954900587216075,0.803
1254,16.42857142857143,1583.3333333333335,79.54545454545455,2035,modest,moderate_re,1.8,solved,1984710930472.9106,578.4042390251863,563.2088367024608,1.8010000000000002,0.14509988563000933,598.4604072428497,1.5090219310752249,0.6235775116515584,0.21184830357165813,0.16457418477678326,0.04200914916043903,0.05910531818189257,0.08954900587216075,0.737
1255,16.42857142857143,1583.3333333333335,88.63636363636364,2035,modest,moderate_re,1.8,solved,1986824325526.6736,577.8396521397035,563.8085627136633,1.8010000000000004,0.1389560099646201,596.3005640020193,1.5255120164493077,0.6235775116515584,0.21184830357165813,0.16457418477678326,0.04200914916043903,0.05910531818189257,0.08954900587216075,0.252
1256,16.42857142857143,1583.3333333333335,97.72727272727273,2035,modest,moderate_re,1.8,solved,1988816473359.4292,578.0503487760169,564.3738819479148,1.8010000000000002,0.13368120257918062,595.842191754587,1.530507261648863,0.623764325557399,0.21166148966581783,0.16457418477678326,0.041841016645182735,0.05910531818189257,0.08954900587216075,0.352
1257,16.42857142857143,1583.3333333333335,106.81818181818183,2035,modest,moderate_re,1.8,solved,1990692085762.4646,577.497965653295,564.9061314878347,1.801,0.12969899011156105,594.5964883494607,1.5397299813152219,0.6245937128410959,0.21083210238212086,0.16457418477678326,0.04109456808985539,0.05910531818189257,0.08954900587216075,0.606
1258,16.42857142857143,1583.3333333333335,115.90909090909092,2035,modest,moderate_re,1.8,solved,1992379079528.5786,577.7168055508091,565.3848560123735,1.8010000000000004,0.12704597777359777,594.5611582607817,1.5417482201417994,0.6245937128410959,0.21083210238212086,0.16457418477678326,0.04109456808985539,0.05910531818189257,0.08954900587216075,0.483
1259,16.42857142857143,1583.3333333333335,125.0,2035,modest,moderate_re,1.8,solved,1994063221757.1494,578.2987070474366,565.8627713454486,1.8010000000000004,0.12704597777359777,594.8556485864028,1.5417482201417994,0.6245937128410959,0.21083210238212086,0.16457418477678326,0.04109456808985539,0.05910531818189257,0.08954900587216075,0.28
1260,16.42857142857143,1729.1666666666667,25.0,2035,modest,moderate_re,1.8,solved,1964861258678.3074,582.8425273587609,557.5760211681097,1.801,0.23984889534380938,618.8086616947472,1.325467072565195,0.5801675167714438,0.2552582984517727,0.16457418477678326,0.08107814455254213,0.05910531818189257,0.08954900587216075,1.724
1261,16.42857142857143,1729.1666666666667,34.09090909090909,2035,modest,moderate_re,1.8,solved,1970708983107.0432,582.4340486617623,559.2354517795388,1.8010000000000004,0.222826278266489,611.1014517988912,1.4089483541173702,0.5878396809648583,0.24758613425835854,0.16457418477678326,0.0741731967784693,0.05910531818189257,0.08954900587216075,0.656
1262,16.42857142857143,1729.1666666666667,43.18181818181819,2035,modest,moderate_re,1.8,solved,1975273165345.6904,582.2116692012394,560.5306468276732,1.8009999999999997,0.19904368934778735,608.0788667765678,1.4338745106554946,0.5950049640777468,0.2404208511454697,0.16457418477678326,0.06772444197686948,0.05910531818189257,0.08954900587216075,0.364
1263,16.42857142857143,1729.1666666666667,52.27272727272727,2035,modest,moderate_re,1.8,solved,1979196656949.7527,581.8661537929329,561.6440307004617,1.8010000000000002,0.19033694123598016,603.5707435528977,1.4701850500675926,0.5970648412805696,0.23836097394264727,0.16457418477678326,0.06587055249432917,0.05910531818189257,0.08954900587216075,0.784
1264,16.42857142857143,1729.1666666666667,61.36363636363637,2035,modest,moderate_re,1.8,solved,1982682289012.4563,581.8992010042813,562.633161535117,1.801000000000001,0.17624380804248804,602.236177564109,1.481045312685196,0.6025440464532008,0.23288176877001598,0.16457418477678326,0.06093926783896103,0.05910531818189257,0.08954900587216075,0.559
1265,16.42857142857143,1729.1666666666667,70.45454545454547,2035,modest,moderate_re,1.8,solved,1985671623655.1584,580.9288596736029,563.4814561964607,1.8010000000000002,0.16492308231785385,598.7341048911647,1.5067942723702294,0.605855206207316,0.22957060901590057,0.16457418477678326,0.0579592240602572,0.05910531818189257,0.08954900587216075,1.084
1266,16.42857142857143,1729.1666666666667,79.54545454545455,2035,modest,moderate_re,1.8,solved,1988198320990.0122,579.8139325406629,564.1984665402911,1.8010000000000002,0.14509988563000933,601.3403061783486,1.5090219310752249,0.6235775116515584,0.21184830357165813,0.16457418477678326,0.04200914916043903,0.05910531818189257,0.08954900587216075,0.982
1267,16.42857142857143,1729.1666666666667,88.63636363636364,2035,modest,moderate_re,1.8,solved,1990311716043.775,579.2493456551802,564.7981925514935,1.8010000000000004,0.1389560099646201,599.1804629375185,1.5255120164493077,0.6235775116515584,0.21184830357165813,0.16457418477678326,0.04200914916043903,0.05910531818189257,0.08954900587216075,0.916
1268,16.42857142857143,1729.1666666666667,97.72727272727273,2035,modest,moderate_re,1.8,solved,1992304410546.9797,579.4602485891451,565.363666916461,1.8010000000000002,0.13368120257918062,598.7224448581159,1.530507261648863,0.623764325557399,0.21166148966581783,0.16457418477678326,0.041841016645182735,0.05910531818189257,0.08954900587216075,0.374
1269,16.42857142857143,1729.1666666666667,106.81818181818183,2035,modest,moderate_re,1.8,solved,1994183073895.8823,578.9088945118933,565.8967822346897,1.801,0.12969899011156105,597.4783138330484,1.5397299813152219,0.6245937128410959,0.21083210238212086,0.16457418477678326,0.04109456808985539,0.05910531818189257,0.08954900587216075,0.47
1270,16.42857142857143,1729.1666666666667,115.90909090909092,2035,modest,moderate_re,1.8,solved,1995870856272.0154,579.1278913147434,566.3757305460402,1.8010000000000004,0.12704597777359777,597.4429837443693,1.5417482201417994,0.6245937128410959,0.21083210238212086,0.16457418477678326,0.04109456808985539,0.05910531818189257,0.08954900587216075,0.251
1271,16.42857142857143,1729.1666666666667,125.0,2035,modest,moderate_re,1.8,solved,1997554998500.586,579.7097928113709,566.8536458791153,1.8010000000000004,0.12704597777359777,597.7374740699905,1.5417482201417994,0.6245937128410959,0.21083210238212086,0.16457418477678326,0.04109456808985539,0.05910531818189257,0.08954900587216075,0.895
1272,16.42857142857143,1875.0,25.0,2035,modest,moderate_re,1.8,solved,1968255031065.4817,584.2054310482254,558.5390846394022,1.801,0.23957483651934428,621.4245738295294,1.3270135090448674,0.5798075594441152,0.25561825577910147,0.16457418477678326,0.08140210614713801,0.05910531818189257,0.08954900587216075,0.521
1273,16.42857142857143,1875.0,34.09090909090909,2035,modest,moderate_re,1.8,solved,1974123161979.6794,583.8150585737303,560.2043060754606,1.8010000000000004,0.222826278266489,613.9135977637133,1.4089483541173702,0.5878396809648583,0.24758613425835854,0.16457418477678326,0.0741731967784693,0.05910531818189257,0.08954900587216075,0.727
1274,16.42857142857143,1875.0,43.18181818181819,2035,modest,moderate_re,1.8,solved,1978706043199.7776,583.6001399238464,561.5048074034308,1.8009999999999997,0.19904368934778735,610.9045969239583,1.4338745106554946,0.5950049640777468,0.2404208511454697,0.16457418477678326,0.06772444197686948,0.05910531818189257,0.08954900587216075,0.385
1275,16.42857142857143,1875.0,52.27272727272727,2035,modest,moderate_re,1.8,solved,1982634880006.0823,583.2567658468009,562.6197081042324,1.8010000000000002,0.19033694123598016,606.400378884152,1.4701850500675926,0.5970648412805696,0.23836097394264727,0.16457418477678326,0.06587055249432917,0.05910531818189257,0.08954900587216075,0.363
1276,16.42857142857143,1875.0,61.36363636363637,2035,modest,moderate_re,1.8,solved,1986135820980.4216,583.2957221138595,563.6131832059449,1.801000000000001,0.17624380804248804,605.0762005551696,1.481045312685196,0.6025440464532008,0.23288176877001598,0.16457418477678326,0.06093926783896103,0.05910531818189257,0.08954900587216075,0.299
1277,16.42857142857143,1875.0,70.45454545454547,2035,modest,moderate_re,1.8,solved,1989133025250.2654,582.8114266852825,564.4637110607878,1.801,0.16927806894630765,602.0543654114783,1.5046158165573424,0.6038569369025786,0.23156887832063813,0.16457418477678326,0.05975766643452102,0.05910531818189257,0.08954900587216075,0.37
1278,16.42857142857143,1875.0,79.54545454545455,2035,modest,moderate_re,1.8,solved,1991685711507.1128,581.2236260561397,565.188096378121,1.8010000000000002,0.14509988563000933,604.2202051138477,1.5090219310752249,0.6235775116515584,0.21184830357165813,0.16457418477678326,0.04200914916043903,0.05910531818189257,0.08954900587216075,0.478
1279,16.42857142857143,1875.0,88.63636363636364,2035,modest,moderate_re,1.8,solved,1993799106560.8752,580.6590391706567,565.7878223893234,1.8010000000000004,0.1389560099646201,602.0603618730174,1.5255120164493077,0.6235775116515584,0.21184830357165813,0.16457418477678326,0.04200914916043903,0.05910531818189257,0.08954900587216075,0.664
1280,16.42857142857143,1875.0,97.72727272727273,2035,modest,moderate_re,1.8,solved,1995792347734.5305,580.8701484022735,566.3534518850074,1.8010000000000002,0.13368120257918062,601.6026979616448,1.530507261648863,0.623764325557399,0.21166148966581783,0.16457418477678326,0.041841016645182735,0.05910531818189257,0.08954900587216075,0.381
1281,16.42857142857143,1875.0,106.81818181818183,2035,modest,moderate_re,1.8,solved,1997672184264.1218,580.765236481607,566.8869001211037,1.8009999999999997,0.13315871577630353,600.7268202569946,1.5379343013381401,0.623764325557399,0.21166148966581783,0.16457418477678326,0.041841016645182735,0.05910531818189257,0.08954900587216075,0.381
1282,16.42857142857143,1875.0,115.90909090909092,2035,modest,moderate_re,1.8,solved,1999362633015.4514,580.5389770786777,567.3666050797068,1.8010000000000004,0.12704597777359777,600.3248092279571,1.5417482201417994,0.6245937128410959,0.21083210238212086,0.16457418477678326,0.04109456808985539,0.05910531818189257,0.08954900587216075,0.497
1283,16.42857142857143,1875.0,125.0,2035,modest,moderate_re,1.8,solved,2001046775244.0222,581.1208785753049,567.8445204127819,1.8010000000000004,0.12704597777359777,600.619299553578,1.5417482201417994,0.6245937128410959,0.21083210238212086,0.16457418477678326,0.04109456808985539,0.05910531818189257,0.08954900587216075,0.392
1284,16.42857142857143,2020.8333333333335,25.0,2035,modest,moderate_re,1.8,solved,1971648088367.0452,585.5780403082479,559.5019451881789,1.801,0.23957483651934428,624.2214922306354,1.3270135090448674,0.5798075594441152,0.25561825577910147,0.16457418477678326,0.08140210614713801,0.05910531818189257,0.08954900587216075,0.586
1285,16.42857142857143,2020.8333333333335,34.09090909090909,2035,modest,moderate_re,1.8,solved,1977537340852.316,585.1960684856983,561.1731603713824,1.8010000000000004,0.222826278266489,616.7257437285356,1.4089483541173702,0.5878396809648583,0.24758613425835854,0.16457418477678326,0.0741731967784693,0.05910531818189257,0.08954900587216075,0.359
1286,16.42857142857143,2020.8333333333335,43.18181818181819,2035,modest,moderate_re,1.8,solved,1982138921053.865,584.9886106464536,562.4789679791886,1.8009999999999997,0.19904368934778735,613.7303270713487,1.4338745106554946,0.5950049640777468,0.2404208511454697,0.16457418477678326,0.06772444197686948,0.05910531818189257,0.08954900587216075,0.48
1287,16.42857142857143,2020.8333333333335,52.27272727272727,2035,modest,moderate_re,1.8,solved,1986073103062.412,584.6473779006689,563.595385508003,1.8010000000000002,0.19033694123598016,609.2300142154061,1.4701850500675926,0.5970648412805696,0.23836097394264727,0.16457418477678326,0.06587055249432917,0.05910531818189257,0.08954900587216075,0.575
1288,16.42857142857143,2020.8333333333335,61.36363636363637,2035,modest,moderate_re,1.8,solved,1989589352948.3867,584.6922432234378,564.5932048767728,1.801000000000001,0.17624380804248804,607.91622354623,1.481045312685196,0.6025440464532008,0.23288176877001598,0.16457418477678326,0.06093926783896103,0.05910531818189257,0.08954900587216075,0.247
1289,16.42857142857143,2020.8333333333335,70.45454545454547,2035,modest,moderate_re,1.8,solved,1992590360763.092,584.2093910170663,565.4448120777532,1.801,0.16927806894630765,604.896877424016,1.5046158165573424,0.6038569369025786,0.23156887832063813,0.16457418477678326,0.05975766643452102,0.05910531818189257,0.08954900587216075,0.596
1290,16.42857142857143,2020.8333333333335,79.54545454545455,2035,modest,moderate_re,1.8,solved,1995173102024.2136,582.6333195716162,566.1777262159512,1.8010000000000002,0.14509988563000933,607.1001040493469,1.5090219310752249,0.6235775116515584,0.21184830357165813,0.16457418477678326,0.04200914916043903,0.05910531818189257,0.08954900587216075,0.604
1291,16.42857142857143,2020.8333333333335,88.63636363636364,2035,modest,moderate_re,1.8,solved,1997286497077.9763,582.0687326861333,566.7774522271536,1.8010000000000004,0.1389560099646201,604.9402608085168,1.5255120164493077,0.6235775116515584,0.21184830357165813,0.16457418477678326,0.04200914916043903,0.05910531818189257,0.08954900587216075,0.698
1292,16.42857142857143,2020.8333333333335,97.72727272727273,2035,modest,moderate_re,1.8,solved,1999280284922.0818,582.2800482154018,567.3432368535539,1.8010000000000002,0.13368120257918062,604.482951065174,1.530507261648863,0.623764325557399,0.21166148966581783,0.16457418477678326,0.041841016645182735,0.05910531818189257,0.08954900587216075,0.584
1293,16.42857142857143,2020.8333333333335,106.81818181818183,2035,modest,moderate_re,1.8,solved,2001160297808.7139,582.1751639288414,567.8767351351466,1.8009999999999997,0.13315871577630353,603.6070733605237,1.5379343013381401,0.623764325557399,0.21166148966581783,0.16457418477678326,0.041841016645182735,0.05910531818189257,0.08954900587216075,0.467
1294,16.42857142857143,2020.8333333333335,115.90909090909092,2035,modest,moderate_re,1.8,solved,2002854409758.8875,581.9500628426115,568.3574796133734,1.8010000000000004,0.12704597777359777,603.2066347115446,1.5417482201417994,0.6245937128410959,0.21083210238212086,0.16457418477678326,0.04109456808985539,0.05910531818189257,0.08954900587216075,0.347
1295,16.42857142857143,2020.8333333333335,125.0,2035,modest,moderate_re,1.8,solved,2004538551987.4587,582.5319643392392,568.8353949464487,1.8010000000000004,0.12704597777359777,603.5011250371658,1.5417482201417994,0.6245937128410959,0.21083210238212086,0.16457418477678326,0.04109456808985539,0.05910531818189257,0.08954900587216075,0.366
1296,16.42857142857143,2166.666666666667,25.0,2035,modest,moderate_re,1.8,solved,1975041145668.6086,586.9506495682705,560.4648057369557,1.8010000000000002,0.23957483651934414,627.018410631741,1.3270135090448678,0.5798075594441152,0.25561825577910147,0.16457418477678326,0.08140210614713801,0.05910531818189257,0.08954900587216075,0.827
1297,16.42857142857143,2166.666666666667,34.09090909090909,2035,modest,moderate_re,1.8,solved,1980943272546.6797,587.5013139792115,562.1396743347099,1.801,0.23315489555494834,621.0730500859801,1.3998783050615808,0.582360475792227,0.2530653394309898,0.16457418477678326,0.07910448143383746,0.05910531818189257,0.08954900587216075,0.688
1298,16.42857142857143,2166.666666666667,43.18181818181819,2035,modest,moderate_re,1.8,solved,1985571798907.952,586.3770813690608,563.4531285549463,1.8009999999999997,0.19904368934778735,616.5560572187393,1.4338745106554946,0.5950049640777468,0.2404208511454697,0.16457418477678326,0.06772444197686948,0.05910531818189257,0.08954900587216075,1.127
1299,16.42857142857143,2166.666666666667,52.27272727272727,2035,modest,moderate_re,1.8,solved,1989511326118.7412,586.0379899545368,564.5710629117735,1.8010000000000002,0.1903369412359802,612.0596495466599,1.4701850500675924,0.5970648412805696,0.23836097394264727,0.16457418477678326,0.06587055249432917,0.05910531818189257,0.08954900587216075,0.262
1300,16.42857142857143,2166.666666666667,61.36363636363637,2035,modest,moderate_re,1.8,solved,1993042014661.1265,586.53373234666,565.5729795920237,1.8010000000000004,0.18033294680015277,611.2516805144478,1.4785572927306077,0.6005655199051884,0.2348602953180284,0.16457418477678326,0.06271994173217225,0.05910531818189257,0.08954900587216075,0.471
1301,16.42857142857143,2166.666666666667,70.45454545454547,2035,modest,moderate_re,1.8,solved,1996047696275.9185,585.6073553488501,566.4259130947185,1.801,0.16927806894630765,607.7393894365533,1.5046158165573424,0.6038569369025786,0.23156887832063813,0.16457418477678326,0.05975766643452102,0.05910531818189257,0.08954900587216075,0.518
1302,16.42857142857143,2166.666666666667,79.54545454545455,2035,modest,moderate_re,1.8,solved,1998660492541.3145,584.0430130870928,567.1673560537813,1.8010000000000002,0.14509988563000933,609.9800029848459,1.5090219310752249,0.6235775116515584,0.21184830357165813,0.16457418477678326,0.04200914916043903,0.05910531818189257,0.08954900587216075,0.257
1303,16.42857142857143,2166.666666666667,88.63636363636364,2035,modest,moderate_re,1.8,solved,2000773887595.0776,583.47842620161,567.7670820649839,1.8010000000000004,0.1389560099646201,607.8201597440159,1.5255120164493077,0.6235775116515584,0.21184830357165813,0.16457418477678326,0.04200914916043903,0.05910531818189257,0.08954900587216075,0.464
1304,16.42857142857143,2166.666666666667,97.72727272727273,2035,modest,moderate_re,1.8,solved,2002768222109.6326,583.6899480285299,568.3330218221002,1.8010000000000002,0.13368120257918062,607.363204168703,1.530507261648863,0.623764325557399,0.21166148966581783,0.16457418477678326,0.041841016645182735,0.05910531818189257,0.08954900587216075,0.274
1305,16.42857142857143,2166.666666666667,106.81818181818183,2035,modest,moderate_re,1.8,solved,2004648411353.3047,583.5850913760756,568.8665701491892,1.8009999999999997,0.13315871577630353,606.4873264640524,1.5379343013381401,0.623764325557399,0.21166148966581783,0.16457418477678326,0.041841016645182735,0.05910531818189257,0.08954900587216075,0.313
1306,16.42857142857143,2166.666666666667,115.90909090909092,2035,modest,moderate_re,1.8,solved,2006346186502.3237,583.361148606546,569.34835414704,1.8010000000000004,0.12704597777359777,606.0884601951323,1.5417482201417994,0.6245937128410959,0.21083210238212086,0.16457418477678326,0.04109456808985539,0.05910531818189257,0.08954900587216075,7.974
1307,16.42857142857143,2166.666666666667,125.0,2035,modest,moderate_re,1.8,solved,2008030328730.8945,583.9430501031734,569.8262694801151,1.8010000000000004,0.12704597777359777,606.3829505207535,1.5417482201417994,0.6245937128410959,0.21083210238212086,0.16457418477678326,0.04109456808985539,0.05910531818189257,0.08954900587216075,0.273
1308,16.42857142857143,2312.5,25.0,2035,modest,moderate_re,1.8,solved,1978434202970.1729,588.3232588282929,561.4276662857326,1.801,0.23957483651934428,629.8153290328468,1.3270135090448674,0.5798075594441152,0.25561825577910147,0.16457418477678326,0.08140210614713801,0.05910531818189257,0.08954900587216075,0.587
1309,16.42857142857143,2312.5,34.09090909090909,2035,modest,moderate_re,1.8,solved,1984342828947.8306,588.8765540184048,563.1043791572607,1.801,0.23315489555494834,623.8748083909959,1.3998783050615808,0.582360475792227,0.2530653394309898,0.16457418477678326,0.07910448143383746,0.05910531818189257,0.08954900587216075,0.475
1310,16.42857142857143,2312.5,43.18181818181819,2035,modest,moderate_re,1.8,solved,1989004676762.0388,587.7655520916679,564.4272891307038,1.8009999999999997,0.19904368934778735,619.3817873661295,1.4338745106554946,0.5950049640777468,0.2404208511454697,0.16457418477678326,0.06772444197686948,0.05910531818189257,0.08954900587216075,0.367
1311,16.42857142857143,2312.5,52.27272727272727,2035,modest,moderate_re,1.8,solved,1992946559320.155,587.8076548760383,565.5458918732429,1.8010000000000004,0.194036068069818,615.3140139052704,1.4680922870554203,0.5950100187973145,0.24041579642590225,0.16457418477678326,0.06771989272925864,0.05910531818189257,0.08954900587216075,0.407
1312,16.42857142857143,2312.5,61.36363636363637,2035,modest,moderate_re,1.8,solved,1996489814685.1287,587.9280785196702,566.5513746876954,1.8010000000000004,0.18033294680015277,614.0879525489277,1.4785572927306077,0.6005655199051884,0.2348602953180284,0.16457418477678326,0.06271994173217225,0.05910531818189257,0.08954900587216075,0.271
1313,16.42857142857143,2312.5,70.45454545454547,2035,modest,moderate_re,1.8,solved,1999505031788.7446,587.0053196806336,567.4070141116837,1.801,0.16927806894630765,610.5819014490911,1.5046158165573424,0.6038569369025786,0.23156887832063813,0.16457418477678326,0.05975766643452102,0.05910531818189257,0.08954900587216075,0.372
1314,16.42857142857143,2312.5,79.54545454545455,2035,modest,moderate_re,1.8,solved,2002147883058.4158,585.4527066025694,568.1569858916115,1.8010000000000002,0.14509988563000933,612.8599019203451,1.5090219310752249,0.6235775116515584,0.21184830357165813,0.16457418477678326,0.04200914916043903,0.05910531818189257,0.08954900587216075,0.478
1315,16.42857142857143,2312.5,88.63636363636364,2035,modest,moderate_re,1.8,solved,2004261278112.1782,584.8881197170866,568.7567119028139,1.8010000000000004,0.1389560099646201,610.7000586795148,1.5255120164493077,0.6235775116515584,0.21184830357165813,0.16457418477678326,0.04200914916043903,0.05910531818189257,0.08954900587216075,0.577
1316,16.42857142857143,2312.5,97.72727272727273,2035,modest,moderate_re,1.8,solved,2006256159297.1836,585.0998478416583,569.3228067906467,1.8010000000000002,0.13368120257918062,610.2434572722318,1.530507261648863,0.623764325557399,0.21166148966581783,0.16457418477678326,0.041841016645182735,0.05910531818189257,0.08954900587216075,0.481
1317,16.42857142857143,2312.5,106.81818181818183,2035,modest,moderate_re,1.8,solved,2008136524897.8958,584.99501882331,569.8564051632319,1.8009999999999997,0.13315871577630353,609.3675795675816,1.5379343013381401,0.623764325557399,0.21166148966581783,0.16457418477678326,0.041841016645182735,0.05910531818189257,0.08954900587216075,0.464
1318,16.42857142857143,2312.5,115.90909090909092,2035,modest,moderate_re,1.8,solved,2009837963245.7607,584.7722343704803,570.3392286807069,1.8010000000000004,0.12704597777359777,608.9702856787198,1.5417482201417994,0.6245937128410959,0.21083210238212086,0.16457418477678326,0.04109456808985539,0.05910531818189257,0.08954900587216075,0.711
1319,16.42857142857143,2312.5,125.0,2035,modest,moderate_re,1.8,solved,2011522105474.3308,585.3541358671075,570.8171440137818,1.8010000000000004,0.12704597777359777,609.2647760043409,1.5417482201417994,0.6245937128410959,0.21083210238212086,0.16457418477678326,0.04109456808985539,0.05910531818189257,0.08954900587216075,0.596
1320,16.42857142857143,2458.3333333333335,25.0,2035,modest,moderate_re,1.8,solved,1981827260271.736,589.6958680883155,562.3905268345093,1.801,0.23957483651934428,632.6122474339528,1.3270135090448674,0.5798075594441152,0.25561825577910147,0.16457418477678326,0.08140210614713801,0.05910531818189257,0.08954900587216075,0.373
1321,16.42857142857143,2458.3333333333335,34.09090909090909,2035,modest,moderate_re,1.8,solved,1987742385348.9822,590.2517940575979,564.0690839798118,1.801,0.23315489555494834,626.6765666960115,1.3998783050615808,0.582360475792227,0.2530653394309898,0.16457418477678326,0.07910448143383746,0.05910531818189257,0.08954900587216075,0.265
1322,16.42857142857143,2458.3333333333335,43.18181818181819,2035,modest,moderate_re,1.8,solved,1992437554616.1265,589.1540228142752,565.4014497064617,1.8009999999999997,0.19904368934778735,622.2075175135201,1.4338745106554946,0.5950049640777468,0.2404208511454697,0.16457418477678326,0.06772444197686948,0.05910531818189257,0.08954900587216075,0.677
1323,16.42857142857143,2458.3333333333335,52.27272727272727,2035,modest,moderate_re,1.8,solved,1996379190065.1016,589.1960854827453,566.5199823259164,1.8010000000000004,0.194036068069818,618.1397536355666,1.4680922870554203,0.5950100187973145,0.24041579642590225,0.16457418477678326,0.06771989272925864,0.05910531818189257,0.08954900587216075,0.352
1324,16.42857142857143,2458.3333333333335,61.36363636363637,2035,modest,moderate_re,1.8,solved,1999937614709.1316,589.3224246926803,567.5297697833676,1.8010000000000004,0.18033294680015277,616.9242245834076,1.4785572927306077,0.6005655199051884,0.2348602953180284,0.16457418477678326,0.06271994173217225,0.05910531818189257,0.08954900587216075,1.336
1325,16.42857142857143,2458.3333333333335,70.45454545454547,2035,modest,moderate_re,1.8,solved,2002962367301.5708,588.4032840124173,568.3881151286489,1.801,0.16927806894630765,613.4244134616284,1.5046158165573424,0.6038569369025786,0.23156887832063813,0.16457418477678326,0.05975766643452102,0.05910531818189257,0.08954900587216075,0.703
1326,16.42857142857143,2458.3333333333335,79.54545454545455,2035,modest,moderate_re,1.8,solved,2005635009236.733,587.3004238373093,569.1465407170373,1.801,0.14877213545839446,616.1627138314395,1.5069511620068015,0.622062243700563,0.21336357152265376,0.16457418477678326,0.043372890316335025,0.05910531818189257,0.08954900587216075,0.488
1327,16.42857142857143,2458.3333333333335,88.63636363636364,2035,modest,moderate_re,1.8,solved,2007748668629.2793,586.2978132325633,569.7463417406441,1.8010000000000004,0.1389560099646201,613.579957615014,1.5255120164493077,0.6235775116515584,0.21184830357165813,0.16457418477678326,0.04200914916043903,0.05910531818189257,0.08954900587216075,0.37
1328,16.42857142857143,2458.3333333333335,97.72727272727273,2035,modest,moderate_re,1.8,solved,2009744096484.7341,586.5097476547867,570.312591759193,1.8010000000000002,0.13368120257918062,613.1237103757605,1.530507261648863,0.623764325557399,0.21166148966581783,0.16457418477678326,0.041841016645182735,0.05910531818189257,0.08954900587216075,0.815
1329,16.42857142857143,2458.3333333333335,106.81818181818183,2035,modest,moderate_re,1.8,solved,2011624638442.4878,586.4049462705444,570.8462401772748,1.8009999999999997,0.13315871577630353,612.2478326711105,1.5379343013381401,0.623764325557399,0.21166148966581783,0.16457418477678326,0.041841016645182735,0.05910531818189257,0.08954900587216075,0.282
1330,16.42857142857143,2458.3333333333335,115.90909090909092,2035,modest,moderate_re,1.8,solved,2013329739989.197,586.1833201344143,571.3301032143735,1.8010000000000004,0.12704597777359777,611.8521111623076,1.5417482201417994,0.6245937128410959,0.21083210238212086,0.16457418477678326,0.04109456808985539,0.05910531818189257,0.08954900587216075,0.275
1331,16.42857142857143,2458.3333333333335,125.0,2035,modest,moderate_re,1.8,solved,2015013882217.7673,586.7652216310418,571.8080185474486,1.8010000000000004,0.12704597777359777,612.1466014879287,1.5417482201417994,0.6245937128410959,0.21083210238212086,0.16457418477678326,0.04109456808985539,0.05910531818189257,0.08954900587216075,0.554
1332,16.42857142857143,2604.166666666667,25.0,2035,modest,moderate_re,1.8,solved,1985220317573.2993,591.068477348338,563.353387383286,1.801,0.23957483651934428,635.4091658350586,1.3270135090448674,0.5798075594441152,0.25561825577910147,0.16457418477678326,0.08140210614713801,0.05910531818189257,0.08954900587216075,0.583
1333,16.42857142857143,2604.166666666667,34.09090909090909,2035,modest,moderate_re,1.8,solved,1991141941750.1338,591.627034096791,565.0337888023629,1.801,0.23315489555494834,629.4783250010275,1.3998783050615808,0.582360475792227,0.2530653394309898,0.16457418477678326,0.07910448143383746,0.05910531818189257,0.08954900587216075,0.461
1334,16.42857142857143,2604.166666666667,43.18181818181819,2035,modest,moderate_re,1.8,solved,1995870432470.2139,590.5424935368823,566.3756102822194,1.8009999999999997,0.19904368934778735,625.0332476609105,1.4338745106554946,0.5950049640777468,0.2404208511454697,0.16457418477678326,0.06772444197686948,0.05910531818189257,0.08954900587216075,0.366
1335,16.42857142857143,2604.166666666667,52.27272727272727,2035,modest,moderate_re,1.8,solved,1999811085006.3154,590.6897893549458,567.4938639768154,1.8010000000000004,0.19522317122989752,621.0873884407587,1.4675160134584933,0.5943231111108889,0.2411027041123279,0.16457418477678326,0.06833810964704175,0.05910531818189257,0.08954900587216075,0.382
1336,16.42857142857143,2604.166666666667,61.36363636363637,2035,modest,moderate_re,1.8,solved,2003385414733.1335,590.7167708656904,568.5081648790393,1.8010000000000004,0.18033294680015277,619.7604966178876,1.4785572927306077,0.6005655199051884,0.2348602953180284,0.16457418477678326,0.06271994173217225,0.05910531818189257,0.08954900587216075,0.476
1337,16.42857142857143,2604.166666666667,70.45454545454547,2035,modest,moderate_re,1.8,solved,2006419702814.397,589.801248344201,569.369216145614,1.801,0.16927806894630765,616.266925474166,1.5046158165573424,0.6038569369025786,0.23156887832063813,0.16457418477678326,0.05975766643452102,0.05910531818189257,0.08954900587216075,0.267
1338,16.42857142857143,2604.166666666667,79.54545454545455,2035,modest,moderate_re,1.8,solved,2009117965650.2322,588.708444050049,570.1349122727202,1.801,0.14877213545839446,619.0397400714483,1.5069511620068015,0.622062243700563,0.21336357152265376,0.16457418477678326,0.043372890316335025,0.05910531818189257,0.08954900587216075,0.815
1339,16.42857142857143,2604.166666666667,88.63636363636364,2035,modest,moderate_re,1.8,solved,2011236059146.3801,587.7075067480398,570.7359715784742,1.8010000000000004,0.1389560099646201,616.4598565505133,1.5255120164493077,0.6235775116515584,0.21184830357165813,0.16457418477678326,0.04200914916043903,0.05910531818189257,0.08954900587216075,0.371
1340,16.42857142857143,2604.166666666667,97.72727272727273,2035,modest,moderate_re,1.8,solved,2013232033672.2852,587.9196474679148,571.3023767277393,1.8010000000000002,0.13368120257918062,616.0039634792896,1.530507261648863,0.623764325557399,0.21166148966581783,0.16457418477678326,0.041841016645182735,0.05910531818189257,0.08954900587216075,0.561
1341,16.42857142857143,2604.166666666667,106.81818181818183,2035,modest,moderate_re,1.8,solved,2015112751987.079,587.8148737177788,571.8360751913175,1.8009999999999997,0.13315871577630353,615.1280857746393,1.5379343013381401,0.623764325557399,0.21166148966581783,0.16457418477678326,0.041841016645182735,0.05910531818189257,0.08954900587216075,1.296
1342,16.42857142857143,2604.166666666667,115.90909090909092,2035,modest,moderate_re,1.8,solved,2016821516732.633,587.5944058983484,572.3209777480401,1.8010000000000004,0.12704597777359777,614.7339366458951,1.5417482201417994,0.6245937128410959,0.21083210238212086,0.16457418477678326,0.04109456808985539,0.05910531818189257,0.08954900587216075,0.391
1343,16.42857142857143,2604.166666666667,125.0,2035,modest,moderate_re,1.8,solved,2018505658961.2036,588.176307394976,572.7988930811152,1.8010000000000004,0.12704597777359777,615.0284269715162,1.5417482201417994,0.6245937128410959,0.21083210238212086,0.16457418477678326,0.04109456808985539,0.05910531818189257,0.08954900587216075,0.638
1344,16.42857142857143,2750.0,25.0,2035,modest,moderate_re,1.8,solved,1988613374874.863,592.4410866083605,564.3162479320628,1.801,0.23957483651934428,638.2060842361645,1.3270135090448674,0.5798075594441152,0.25561825577910147,0.16457418477678326,0.08140210614713801,0.05910531818189257,0.08954900587216075,0.266
1345,16.42857142857143,2750.0,34.09090909090909,2035,modest,moderate_re,1.8,solved,1994541498151.2852,593.0022741359842,565.9984936249139,1.801,0.23315489555494834,632.2800833060434,1.3998783050615808,0.582360475792227,0.2530653394309898,0.16457418477678326,0.07910448143383746,0.05910531818189257,0.08954900587216075,0.372
1346,16.42857142857143,2750.0,43.18181818181819,2035,modest,moderate_re,1.8,solved,1999303310324.3003,591.9309642594894,567.3497708579769,1.8009999999999997,0.19904368934778735,627.8589778083008,1.4338745106554946,0.5950049640777468,0.2404208511454697,0.16457418477678326,0.06772444197686948,0.05910531818189257,0.08954900587216075,0.252
1347,16.42857142857143,2750.0,52.27272727272727,2035,modest,moderate_re,1.8,solved,2003241752980.9006,592.0774698336174,568.4673974468095,1.8010000000000004,0.19522317122989752,623.9118259085661,1.4675160134584933,0.5943231111108889,0.2411027041123279,0.16457418477678326,0.06833810964704175,0.05910531818189257,0.08954900587216075,0.299
1348,16.42857142857143,2750.0,61.36363636363637,2035,modest,moderate_re,1.8,solved,2006832988861.9985,592.2574689011524,569.486495871604,1.8010000000000004,0.18175303814685403,622.7502580112123,1.4778227225385736,0.5997872847348192,0.2356385304883974,0.16457418477678326,0.06342035338550438,0.05910531818189257,0.08954900587216075,0.603
1349,16.42857142857143,2750.0,70.45454545454547,2035,modest,moderate_re,1.8,solved,2009876458595.354,591.5356327599145,570.3501526499006,1.8010000000000006,0.17233611357386427,619.4424420398759,1.5029392871807525,0.6025440464532008,0.23288176877001598,0.16457418477678326,0.06093926783896103,0.05910531818189257,0.08954900587216075,0.261
1350,16.42857142857143,2750.0,79.54545454545455,2035,modest,moderate_re,1.8,solved,2012600764155.3098,590.287313884271,571.1232390181402,1.8010000000000004,0.1503020802843892,622.0905680454022,1.5060884313729601,0.6214309477730092,0.2139948674502076,0.16457418477678326,0.043941056651133494,0.05910531818189257,0.08954900587216075,0.299
1351,16.42857142857143,2750.0,88.63636363636364,2035,modest,moderate_re,1.8,solved,2014723449663.4812,589.1172002635166,571.7256014163044,1.8010000000000004,0.1389560099646201,619.3397554860125,1.5255120164493077,0.6235775116515584,0.21184830357165813,0.16457418477678326,0.04200914916043903,0.05910531818189257,0.08954900587216075,0.919
1352,16.42857142857143,2750.0,97.72727272727273,2035,modest,moderate_re,1.8,solved,2016719970859.836,589.3295472810431,572.2921616962857,1.8010000000000002,0.13368120257918062,618.8842165828186,1.530507261648863,0.623764325557399,0.21166148966581783,0.16457418477678326,0.041841016645182735,0.05910531818189257,0.08954900587216075,0.529
1353,16.42857142857143,2750.0,106.81818181818183,2035,modest,moderate_re,1.8,solved,2018600865531.67,589.2248011650131,572.8259102053601,1.8009999999999997,0.13315871577630353,618.0083388781683,1.5379343013381401,0.623764325557399,0.21166148966581783,0.16457418477678326,0.041841016645182735,0.05910531818189257,0.08954900587216075,0.475
1354,16.42857142857143,2750.0,115.90909090909092,2035,modest,moderate_re,1.8,solved,2020313293476.0698,589.0054916622828,573.3118522817069,1.8010000000000004,0.12704597777359777,617.6157621294828,1.5417482201417994,0.6245937128410959,0.21083210238212086,0.16457418477678326,0.04109456808985539,0.05910531818189257,0.08954900587216075,0.808
1355,16.42857142857143,2750.0,125.0,2035,modest,moderate_re,1.8,solved,2021997435704.64,589.5873931589102,573.7897676147818,1.8010000000000004,0.12704597777359777,617.9102524551039,1.5417482201417994,0.6245937128410959,0.21083210238212086,0.16457418477678326,0.04109456808985539,0.05910531818189257,0.08954900587216075,0.378
1356,16.42857142857143,2895.8333333333335,25.0,2035,modest,moderate_re,1.8,solved,1992006432176.426,593.813695868383,565.2791084808393,1.801,0.23957483651934428,641.0030026372704,1.3270135090448674,0.5798075594441152,0.25561825577910147,0.16457418477678326,0.08140210614713801,0.05910531818189257,0.08954900587216075,0.533
1357,16.42857142857143,2895.8333333333335,34.09090909090909,2035,modest,moderate_re,1.8,solved,1997941054552.4365,594.3775141751772,566.9631984474648,1.801,0.23315489555494834,635.0818416110592,1.3998783050615808,0.582360475792227,0.2530653394309898,0.16457418477678326,0.07910448143383746,0.05910531818189257,0.08954900587216075,0.268
1358,16.42857142857143,2895.8333333333335,43.18181818181819,2035,modest,moderate_re,1.8,solved,2002736188178.3872,593.3194349820967,568.3239314337345,1.8009999999999997,0.19904368934778735,630.6847079556914,1.4338745106554946,0.5950049640777468,0.2404208511454697,0.16457418477678326,0.06772444197686948,0.05910531818189257,0.08954900587216075,0.25
1359,16.42857142857143,2895.8333333333335,52.27272727272727,2035,modest,moderate_re,1.8,solved,2006672176423.8486,593.5394508560687,569.4408615251473,1.8010000000000002,0.19602396123344026,626.8167337879643,1.467127273750568,0.5938597404223559,0.24156607480086084,0.16457418477678326,0.06875514326672146,0.05910531818189257,0.08954900587216075,0.9
1360,16.42857142857143,2895.8333333333335,61.36363636363637,2035,modest,moderate_re,1.8,solved,2010278534278.7068,593.6509595829222,570.4642511689395,1.8010000000000004,0.18175303814685403,625.5850546415152,1.4778227225385736,0.5997872847348192,0.2356385304883974,0.16457418477678326,0.06342035338550438,0.05910531818189257,0.08954900587216075,0.667
1361,16.42857142857143,2895.8333333333335,70.45454545454547,2035,modest,moderate_re,1.8,solved,2013329990563.319,592.9321538694927,571.3301743207285,1.8010000000000006,0.17233611357386427,622.2824650309366,1.5029392871807525,0.6025440464532008,0.23288176877001598,0.16457418477678326,0.06093926783896103,0.05910531818189257,0.08954900587216075,0.272
1362,16.42857142857143,2895.8333333333335,79.54545454545455,2035,modest,moderate_re,1.8,solved,2016081873217.9536,591.6946369601102,572.111086344168,1.8010000000000004,0.1503020802843892,624.9663974535482,1.5060884313729601,0.6214309477730092,0.2139948674502076,0.16457418477678326,0.043941056651133494,0.05910531818189257,0.08954900587216075,0.704
1363,16.42857142857143,2895.8333333333335,88.63636363636364,2035,modest,moderate_re,1.8,solved,2018210840180.582,590.5268937789932,572.7152312541346,1.8010000000000004,0.1389560099646201,622.2196544215114,1.5255120164493077,0.6235775116515584,0.21184830357165813,0.16457418477678326,0.04200914916043903,0.05910531818189257,0.08954900587216075,0.506
1364,16.42857142857143,2895.8333333333335,97.72727272727273,2035,modest,moderate_re,1.8,solved,2020207908047.3875,590.7394470941715,573.2819466648323,1.8010000000000002,0.13368120257918062,621.7644696863475,1.530507261648863,0.623764325557399,0.21166148966581783,0.16457418477678326,0.041841016645182735,0.05910531818189257,0.08954900587216075,0.616
1365,16.42857142857143,2895.8333333333335,106.81818181818183,2035,modest,moderate_re,1.8,solved,2022088979076.2612,590.6347286122475,573.8157452194027,1.8009999999999997,0.13315871577630353,620.8885919816975,1.5379343013381401,0.623764325557399,0.21166148966581783,0.16457418477678326,0.041841016645182735,0.05910531818189257,0.08954900587216075,0.606
1366,16.42857142857143,2895.8333333333335,115.90909090909092,2035,modest,moderate_re,1.8,solved,2023805070219.5056,590.416577426217,574.3027268153734,1.8010000000000004,0.12704597777359777,620.4975876130703,1.5417482201417994,0.6245937128410959,0.21083210238212086,0.16457418477678326,0.04109456808985539,0.05910531818189257,0.08954900587216075,0.572
1367,16.42857142857143,2895.8333333333335,125.0,2035,modest,moderate_re,1.8,solved,2025489212448.0762,590.9984789228444,574.7806421484485,1.8010000000000004,0.12704597777359777,620.7920779386915,1.5417482201417994,0.6245937128410959,0.21083210238212086,0.16457418477678326,0.04109456808985539,0.05910531818189257,0.08954900587216075,0.275
1368,16.42857142857143,3041.666666666667,25.0,2035,modest,moderate_re,1.8,solved,1995399489477.9895,595.1863051284056,566.2419690296161,1.8010000000000002,0.23957483651934414,643.7999210383762,1.3270135090448678,0.5798075594441152,0.25561825577910147,0.16457418477678326,0.08140210614713801,0.05910531818189257,0.08954900587216075,0.468
1369,16.42857142857143,3041.666666666667,34.09090909090909,2035,modest,moderate_re,1.8,solved,2001340270975.061,595.780715051046,567.9278067930389,1.8010000000000004,0.23346936157303294,637.9344972777056,1.3995574428491895,0.5821928193400867,0.2532329958831301,0.16457418477678326,0.0792553722407637,0.05910531818189257,0.08954900587216075,0.906
1370,16.42857142857143,3041.666666666667,43.18181818181819,2035,modest,moderate_re,1.8,solved,2006169066032.4746,594.7079057047038,569.2980920094923,1.8009999999999997,0.19904368934778735,633.5104381030818,1.4338745106554946,0.5950049640777468,0.2404208511454697,0.16457418477678326,0.06772444197686948,0.05910531818189257,0.08954900587216075,0.358
1371,16.42857142857143,3041.666666666667,52.27272727272727,2035,modest,moderate_re,1.8,solved,2010101520362.801,594.9266253171905,570.4140192686025,1.8010000000000002,0.19602396123344026,629.6402927821747,1.467127273750568,0.5938597404223559,0.24156607480086084,0.16457418477678326,0.06875514326672146,0.05910531818189257,0.08954900587216075,1.38
1372,16.42857142857143,3041.666666666667,61.36363636363637,2035,modest,moderate_re,1.8,solved,2013723899387.5806,595.1165819303361,571.4419552996472,1.801,0.18242044391711415,628.5011204867404,1.4773803541312411,0.5994856215093175,0.23594019371389938,0.16457418477678326,0.06369185028845613,0.05910531818189257,0.08954900587216075,0.369
1373,16.42857142857143,3041.666666666667,70.45454545454547,2035,modest,moderate_re,1.8,solved,2016783522531.2844,594.328674979071,572.3101959915564,1.8010000000000006,0.17233611357386427,625.1224880219971,1.5029392871807525,0.6025440464532008,0.23288176877001598,0.16457418477678326,0.06093926783896103,0.05910531818189257,0.08954900587216075,1.161
1374,16.42857142857143,3041.666666666667,79.54545454545455,2035,modest,moderate_re,1.8,solved,2019562982280.5974,593.1019600359489,573.098933670196,1.8010000000000004,0.1503020802843892,627.8422268616944,1.5060884313729601,0.6214309477730092,0.2139948674502076,0.16457418477678326,0.043941056651133494,0.05910531818189257,0.08954900587216075,0.578
1375,16.42857142857143,3041.666666666667,88.63636363636364,2035,modest,moderate_re,1.8,solved,2021698230697.683,591.9365872944699,573.7048610919646,1.8010000000000004,0.1389560099646201,625.0995533570104,1.5255120164493077,0.6235775116515584,0.21184830357165813,0.16457418477678326,0.04200914916043903,0.05910531818189257,0.08954900587216075,0.383
1376,16.42857142857143,3041.666666666667,97.72727272727273,2035,modest,moderate_re,1.8,solved,2023695845234.9382,592.1493469072998,574.2717316333786,1.8010000000000002,0.13368120257918062,624.6447227898765,1.530507261648863,0.623764325557399,0.21166148966581783,0.16457418477678326,0.041841016645182735,0.05910531818189257,0.08954900587216075,0.912
1377,16.42857142857143,3041.666666666667,106.81818181818183,2035,modest,moderate_re,1.8,solved,2025577092620.8523,592.0446560594819,574.8055802334454,1.8009999999999997,0.13315871577630353,623.7688450852264,1.5379343013381401,0.623764325557399,0.21166148966581783,0.16457418477678326,0.041841016645182735,0.05910531818189257,0.08954900587216075,0.815
1378,16.42857142857143,3041.666666666667,115.90909090909092,2035,modest,moderate_re,1.8,solved,2027296846962.9424,591.8276631901513,575.2936013490402,1.8010000000000004,0.12704597777359777,623.379413096658,1.5417482201417994,0.6245937128410959,0.21083210238212086,0.16457418477678326,0.04109456808985539,0.05910531818189257,0.08954900587216075,0.42
1379,16.42857142857143,3041.666666666667,125.0,2035,modest,moderate_re,1.8,solved,2028980989191.513,592.4095646867787,575.7715166821152,1.8010000000000004,0.12704597777359777,623.6739034222792,1.5417482201417994,0.6245937128410959,0.21083210238212086,0.16457418477678326,0.04109456808985539,0.05910531818189257,0.08954900587216075,0.463
1380,16.42857142857143,3187.5,25.0,2035,modest,moderate_re,1.8,solved,1998792068481.14,596.6048573847937,567.2046938498651,1.8010000000000004,0.24005795585321277,646.7341343251321,1.3260514757642918,0.5795301116721101,0.25589570355110675,0.16457418477678326,0.08165180914194271,0.05910531818189257,0.08954900587216075,0.254
1381,16.42857142857143,3187.5,34.09090909090909,2035,modest,moderate_re,1.8,solved,2004739379947.8699,597.1557785397415,568.8923846471773,1.8010000000000004,0.23346936157303294,640.7359377340309,1.3995574428491895,0.5821928193400867,0.2532329958831301,0.16457418477678326,0.0792553722407637,0.05910531818189257,0.08954900587216075,0.405
1382,16.42857142857143,3187.5,43.18181818181819,2035,modest,moderate_re,1.8,solved,2009601724645.8801,596.1182072242359,570.2721903705026,1.8010000000000004,0.19868612848757194,636.0861196460373,1.4360783661787588,0.5938597404223559,0.24156607480086084,0.16457418477678326,0.06875514326672146,0.05910531818189257,0.08954900587216075,0.897
1383,16.42857142857143,3187.5,52.27272727272727,2035,modest,moderate_re,1.8,solved,2013530864301.7527,596.3137997783128,571.3871770120576,1.8010000000000002,0.19602396123344026,632.4638517763852,1.467127273750568,0.5938597404223559,0.24156607480086084,0.16457418477678326,0.06875514326672146,0.05910531818189257,0.08954900587216075,0.356
1384,16.42857142857143,3187.5,61.36363636363637,2035,modest,moderate_re,1.8,solved,2017168582831.6401,596.509743184954,572.4194659917836,1.801,0.18242044391711415,631.335345213845,1.4773803541312411,0.5994856215093175,0.23594019371389938,0.16457418477678326,0.06369185028845613,0.05910531818189257,0.08954900587216075,0.351
1385,16.42857142857143,3187.5,70.45454545454547,2035,modest,moderate_re,1.8,solved,2020237054499.2495,595.7251960886493,573.2902176623842,1.8010000000000006,0.17233611357386427,627.9625110130576,1.5029392871807525,0.6025440464532008,0.23288176877001598,0.16457418477678326,0.06093926783896103,0.05910531818189257,0.08954900587216075,0.443
1386,16.42857142857143,3187.5,79.54545454545455,2035,modest,moderate_re,1.8,solved,2023042033615.249,594.5329504398362,574.0861970670627,1.801,0.15264322267501257,626.2998126374442,1.513891625439128,0.6107379895607803,0.2246878256624363,0.16457418477678326,0.05356471904213945,0.05910531818189257,0.08954900587216075,1.205
1387,16.42857142857143,3187.5,88.63636363636364,2035,modest,moderate_re,1.8,solved,2025185621214.7837,593.3462808099466,574.6944909297947,1.8010000000000004,0.1389560099646201,627.9794522925099,1.5255120164493077,0.6235775116515584,0.21184830357165813,0.16457418477678326,0.04200914916043903,0.05910531818189257,0.08954900587216075,0.456
1388,16.42857142857143,3187.5,97.72727272727273,2035,modest,moderate_re,1.8,solved,2027183782422.4893,593.559246720428,575.2615166019251,1.8010000000000002,0.13368120257918062,627.5249758934054,1.530507261648863,0.623764325557399,0.21166148966581783,0.16457418477678326,0.041841016645182735,0.05910531818189257,0.08954900587216075,0.264
1389,16.42857142857143,3187.5,106.81818181818183,2035,modest,moderate_re,1.8,solved,2029065206165.4438,593.4545835067164,575.7954152474882,1.8009999999999997,0.13315871577630353,626.6490981887553,1.5379343013381401,0.623764325557399,0.21166148966581783,0.16457418477678326,0.041841016645182735,0.05910531818189257,0.08954900587216075,0.593
1390,16.42857142857143,3187.5,115.90909090909092,2035,modest,moderate_re,1.8,solved,2030788623706.3784,593.2387489540854,576.2844758827068,1.8010000000000004,0.12704597777359777,626.2612385802455,1.5417482201417994,0.6245937128410959,0.21083210238212086,0.16457418477678326,0.04109456808985539,0.05910531818189257,0.08954900587216075,0.495
1391,16.42857142857143,3187.5,125.0,2035,modest,moderate_re,1.8,solved,2032472765934.949,593.8206504507128,576.7623912157819,1.8010000000000004,0.12704597777359777,626.5557289058668,1.5417482201417994,0.6245937128410959,0.21083210238212086,0.16457418477678326,0.04109456808985539,0.05910531818189257,0.08954900587216075,0.601
1392,16.42857142857143,3333.3333333333335,25.0,2035,modest,moderate_re,1.8,solved,2002184273700.8625,598.1154750641659,568.1673126001939,1.8010000000000006,0.24007096095480276,652.230162820129,1.3270184829622298,0.578475402662969,0.25695041256024764,0.16457418477678326,0.08260104725016962,0.05910531818189257,0.08954900587216075,0.291
1393,16.42857142857143,3333.3333333333335,34.09090909090909,2035,modest,moderate_re,1.8,solved,2008135995417.9546,598.9291501522564,569.8562549107305,1.8010000000000004,0.23794329127873706,644.2524543506185,1.394992514046382,0.5798075594441152,0.25561825577910147,0.16457418477678326,0.08140210614713801,0.05910531818189257,0.08954900587216075,0.475
1394,16.42857142857143,3333.3333333333335,43.18181818181819,2035,modest,moderate_re,1.8,solved,2013031388483.5332,597.5054385984594,571.2454388928074,1.8010000000000004,0.19868612848757194,638.9096786402476,1.4360783661787588,0.5938597404223559,0.24156607480086084,0.16457418477678326,0.06875514326672146,0.05910531818189257,0.08954900587216075,0.234
1395,16.42857142857143,3333.3333333333335,52.27272727272727,2035,modest,moderate_re,1.8,solved,2016960208240.7039,597.7009742394348,572.3603347555124,1.8010000000000002,0.19602396123344026,635.2874107705957,1.467127273750568,0.5938597404223559,0.24156607480086084,0.16457418477678326,0.06875514326672146,0.05910531818189257,0.08954900587216075,0.349
1396,16.42857142857143,3333.3333333333335,61.36363636363637,2035,modest,moderate_re,1.8,solved,2020613266275.7,597.902904439572,573.3969766839199,1.801,0.18242044391711415,634.1695699409493,1.4773803541312411,0.5994856215093175,0.23594019371389938,0.16457418477678326,0.06369185028845613,0.05910531818189257,0.08954900587216075,0.476
1397,16.42857142857143,3333.3333333333335,70.45454545454547,2035,modest,moderate_re,1.8,solved,2023690586467.2144,597.1217171982274,574.270239333212,1.8010000000000006,0.17233611357386427,630.8025340041182,1.5029392871807525,0.6025440464532008,0.23288176877001598,0.16457418477678326,0.06093926783896103,0.05910531818189257,0.08954900587216075,1.104
1398,16.42857142857143,3333.3333333333335,79.54545454545455,2035,modest,moderate_re,1.8,solved,2026519601784.5293,595.9385291834654,575.0730395805501,1.801,0.15264322267501257,629.1553699789796,1.513891625439128,0.6107379895607803,0.2246878256624363,0.16457418477678326,0.05356471904213945,0.05910531818189257,0.08954900587216075,0.37
1399,16.42857142857143,3333.3333333333335,88.63636363636364,2035,modest,moderate_re,1.8,solved,2028673011731.8848,594.755974325423,575.6841207676249,1.8010000000000004,0.1389560099646201,630.8593512280089,1.5255120164493077,0.6235775116515584,0.21184830357165813,0.16457418477678326,0.04200914916043903,0.05910531818189257,0.08954900587216075,0.582
1400,16.42857142857143,3333.3333333333335,97.72727272727273,2035,modest,moderate_re,1.8,solved,2030671719610.04,594.9691465335563,576.2513015704714,1.8010000000000002,0.13368120257918062,630.4052289969344,1.530507261648863,0.623764325557399,0.21166148966581783,0.16457418477678326,0.041841016645182735,0.05910531818189257,0.08954900587216075,0.35
1401,16.42857142857143,3333.3333333333335,106.81818181818183,2035,modest,moderate_re,1.8,solved,2032553319710.0352,594.8645109539507,576.7852502615309,1.8009999999999997,0.13315871577630353,629.5293512922841,1.5379343013381401,0.623764325557399,0.21166148966581783,0.16457418477678326,0.041841016645182735,0.05910531818189257,0.08954900587216075,0.39
1402,16.42857142857143,3333.3333333333335,115.90909090909092,2035,modest,moderate_re,1.8,solved,2034280116413.599,594.8466917481906,577.2752698143553,1.801,0.1286740048283734,629.2704887914146,1.5413464232333236,0.623764325557399,0.21166148966581783,0.16457418477678326,0.041841016645182735,0.05910531818189257,0.08954900587216075,0.417
1403,16.42857142857143,3333.3333333333335,125.0,2035,modest,moderate_re,1.8,solved,2035964542678.385,595.231736214647,577.7532657494485,1.8010000000000004,0.12704597777359777,629.4375543894541,1.5417482201417994,0.6245937128410959,0.21083210238212086,0.16457418477678326,0.04109456808985539,0.05910531818189257,0.08954900587216075,0.819
1404,16.42857142857143,3479.166666666667,25.0,2035,modest,moderate_re,1.8,solved,2005571897481.9238,599.484593718791,569.1286312585552,1.801000000000001,0.2403840609531347,654.9662471383923,1.3276619985568314,0.5777735240248403,0.2576522911983765,0.16457418477678326,0.0832327380244855,0.05910531818189257,0.08954900587216075,0.605
1405,16.42857142857143,3479.166666666667,34.09090909090909,2035,modest,moderate_re,1.8,solved,2011528738796.9016,600.3017018448609,570.8190263765134,1.8010000000000006,0.23794329127873715,647.0493727517245,1.394992514046382,0.5798075594441152,0.25561825577910147,0.16457418477678326,0.08140210614713801,0.05910531818189257,0.08954900587216075,0.3
1406,16.42857142857143,3479.166666666667,43.18181818181819,2035,modest,moderate_re,1.8,solved,2016461052321.1868,598.892669972683,572.2186874151124,1.8010000000000004,0.19868612848757194,641.7332376344581,1.4360783661787588,0.5938597404223559,0.24156607480086084,0.16457418477678326,0.06875514326672146,0.05910531818189257,0.08954900587216075,0.814
1407,16.42857142857143,3479.166666666667,52.27272727272727,2035,modest,moderate_re,1.8,solved,2020389552179.6553,599.088148700557,573.3334924989674,1.8010000000000002,0.19602396123344026,638.110969764806,1.467127273750568,0.5938597404223559,0.24156607480086084,0.16457418477678326,0.06875514326672146,0.05910531818189257,0.08954900587216075,0.602
1408,16.42857142857143,3479.166666666667,61.36363636363637,2035,modest,moderate_re,1.8,solved,2024057949719.7593,599.2960656941901,574.3744873760561,1.801,0.18242044391711415,637.0037946680537,1.4773803541312411,0.5994856215093175,0.23594019371389938,0.16457418477678326,0.06369185028845613,0.05910531818189257,0.08954900587216075,0.253
1409,16.42857142857143,3479.166666666667,70.45454545454547,2035,modest,moderate_re,1.8,solved,2027144118435.1792,598.5182383078056,575.2502610040398,1.8010000000000006,0.17233611357386427,633.6425569951786,1.5029392871807525,0.6025440464532008,0.23288176877001598,0.16457418477678326,0.06093926783896103,0.05910531818189257,0.08954900587216075,0.618
1410,16.42857142857143,3479.166666666667,79.54545454545455,2035,modest,moderate_re,1.8,solved,2029990588770.5996,597.6176383565003,576.0580145270873,1.8010000000000002,0.1543885288575064,631.8960921193325,1.5156633679088671,0.6080232516258322,0.22740256359738473,0.16457418477678326,0.05600798318359288,0.05910531818189257,0.08954900587216075,0.781
1411,16.42857142857143,3479.166666666667,88.63636363636364,2035,modest,moderate_re,1.8,solved,2032160402248.9854,596.1656678408997,576.673750605455,1.8010000000000004,0.1389560099646201,633.7392501635079,1.5255120164493077,0.6235775116515584,0.21184830357165813,0.16457418477678326,0.04200914916043903,0.05910531818189257,0.08954900587216075,0.516
1412,16.42857142857143,3479.166666666667,97.72727272727273,2035,modest,moderate_re,1.8,solved,2034159519166.9946,596.4280716027748,577.2410474830692,1.8010000000000002,0.1340913714604331,633.3236778208217,1.530343138759876,0.6235775116515584,0.21184830357165813,0.16457418477678326,0.04200914916043903,0.05910531818189257,0.08954900587216075,0.706
1413,16.42857142857143,3479.166666666667,106.81818181818183,2035,modest,moderate_re,1.8,solved,2036041433254.6262,596.274438401185,577.7750852755736,1.8009999999999997,0.13315871577630353,632.4096043958131,1.5379343013381401,0.623764325557399,0.21166148966581783,0.16457418477678326,0.041841016645182735,0.05910531818189257,0.08954900587216075,0.502
1414,16.42857142857143,3479.166666666667,115.90909090909092,2035,modest,moderate_re,1.8,solved,2037769466134.7131,596.2568616239408,578.2654556228289,1.801,0.1286740048283734,632.1507418949435,1.5413464232333236,0.623764325557399,0.21166148966581783,0.16457418477678326,0.041841016645182735,0.05910531818189257,0.08954900587216075,0.473
1415,16.42857142857143,3479.166666666667,125.0,2035,modest,moderate_re,1.8,solved,2039456319421.822,596.6428219785812,578.7441402831154,1.8010000000000004,0.12704597777359777,632.3193798730418,1.5417482201417994,0.6245937128410959,0.21083210238212086,0.16457418477678326,0.04109456808985539,0.05910531818189257,0.08954900587216075,0.608
1416,16.42857142857143,3625.0,25.0,2035,modest,moderate_re,1.8,solved,2008959443008.481,600.855053754536,570.0899277103434,1.801000000000001,0.2403840609531347,657.759309347349,1.3276619985568314,0.5777735240248403,0.2576522911983765,0.16457418477678326,0.0832327380244855,0.05910531818189257,0.08954900587216075,0.277
1417,16.42857142857143,3625.0,34.09090909090909,2035,modest,moderate_re,1.8,solved,2014920830447.437,601.6573132889656,571.7816128988898,1.8010000000000002,0.23741784745157196,649.5833921245342,1.3971656794108367,0.5790402839400459,0.25638553128317065,0.16457418477678326,0.08209265410080031,0.05910531818189257,0.08954900587216075,0.51
1418,16.42857142857143,3625.0,43.18181818181819,2035,modest,moderate_re,1.8,solved,2019890716158.8396,600.2799013469067,573.1919359374173,1.8010000000000004,0.19868612848757194,644.5567966286684,1.4360783661787588,0.5938597404223559,0.24156607480086084,0.16457418477678326,0.06875514326672146,0.05910531818189257,0.08954900587216075,0.376
1419,16.42857142857143,3625.0,52.27272727272727,2035,modest,moderate_re,1.8,solved,2023818166857.4956,600.4991639179361,574.306443297272,1.8010000000000004,0.1958049341630581,640.7406059765384,1.4688155659160607,0.5928555154489565,0.2425702997742602,0.16457418477678326,0.06965894574278088,0.05910531818189257,0.08954900587216075,0.905
1420,16.42857142857143,3625.0,61.36363636363637,2035,modest,moderate_re,1.8,solved,2027498293663.7126,601.0599306007352,575.3507666320324,1.8010000000000004,0.18619342971232322,640.2217530234665,1.4755505728830194,0.5970648412805696,0.23836097394264727,0.16457418477678326,0.06587055249432917,0.05910531818189257,0.08954900587216075,0.42
1421,16.42857142857143,3625.0,70.45454545454547,2035,modest,moderate_re,1.8,solved,2030597513248.4856,600.1041156907971,576.2302437539777,1.8010000000000004,0.17410282887877426,636.6663378953313,1.50197071069823,0.6017855540395569,0.23364026118365963,0.16457418477678326,0.06162191101124044,0.05910531818189257,0.08954900587216075,0.273
1422,16.42857142857143,3625.0,79.54545454545455,2035,modest,moderate_re,1.8,solved,2033455110281.385,600.2659414743134,577.0411547415441,1.8010000000000004,0.16486651985687317,635.9014130466367,1.5096074353706972,0.6038569369025786,0.23156887832063813,0.16457418477678326,0.05975766643452102,0.05910531818189257,0.08954900587216075,0.675
1423,16.42857142857143,3625.0,88.63636363636364,2035,modest,moderate_re,1.8,solved,2035647792766.086,597.5753613563764,577.663380443285,1.8010000000000004,0.1389560099646201,636.6191490990071,1.5255120164493077,0.6235775116515584,0.21184830357165813,0.16457418477678326,0.04200914916043903,0.05910531818189257,0.08954900587216075,0.701
1424,16.42857142857143,3625.0,97.72727272727273,2035,modest,moderate_re,1.8,solved,2037646909684.096,597.8377651182515,578.2306773208994,1.8010000000000002,0.1340913714604331,636.2035767563211,1.530343138759876,0.6235775116515584,0.21184830357165813,0.16457418477678326,0.04200914916043903,0.05910531818189257,0.08954900587216075,0.586
1425,16.42857142857143,3625.0,106.81818181818183,2035,modest,moderate_re,1.8,solved,2039529546799.2175,597.6843658484195,578.7649202896163,1.8009999999999997,0.13315871577630353,635.289857499342,1.5379343013381401,0.623764325557399,0.21166148966581783,0.16457418477678326,0.041841016645182735,0.05910531818189257,0.08954900587216075,0.493
1426,16.42857142857143,3625.0,115.90909090909092,2035,modest,moderate_re,1.8,solved,2041258815855.8264,597.667031499691,579.2556414313023,1.801,0.1286740048283734,635.0309949984722,1.5413464232333236,0.623764325557399,0.21166148966581783,0.16457418477678326,0.041841016645182735,0.05910531818189257,0.08954900587216075,0.374
1427,16.42857142857143,3625.0,125.0,2035,modest,moderate_re,1.8,solved,2042948096165.258,598.0539077425154,579.7350148167819,1.8010000000000004,0.12704597777359777,635.2012053566297,1.5417482201417994,0.6245937128410959,0.21083210238212086,0.16457418477678326,0.04109456808985539,0.05910531818189257,0.08954900587216075,0.276
1428,16.42857142857143,3770.8333333333335,25.0,2035,modest,moderate_re,1.8,solved,2012346988535.038,602.2255137902812,571.0512241621316,1.801000000000001,0.2403840609531347,660.5523715563058,1.3276619985568314,0.5777735240248403,0.2576522911983765,0.16457418477678326,0.0832327380244855,0.05910531818189257,0.08954900587216075,0.644
1429,16.42857142857143,3770.8333333333335,34.09090909090909,2035,modest,moderate_re,1.8,solved,2018311381412.9805,603.0290270889715,572.7437622153291,1.8010000000000002,0.23741784745157196,652.3788558991635,1.3971656794108367,0.5790402839400459,0.25638553128317065,0.16457418477678326,0.08209265410080031,0.05910531818189257,0.08954900587216075,0.358
1430,16.42857142857143,3770.8333333333335,43.18181818181819,2035,modest,moderate_re,1.8,solved,2023311696602.6475,602.7013333533451,574.1627203406048,1.8010000000000002,0.21007683157432247,648.8362170276185,1.4272826899571587,0.5878396809648583,0.24758613425835854,0.16457418477678326,0.0741731967784693,0.05910531818189257,0.08954900587216075,0.368
1431,16.42857142857143,3770.8333333333335,52.27272727272727,2035,modest,moderate_re,1.8,solved,2027244641323.5134,601.8852417290698,575.2787867596708,1.8010000000000004,0.1958049341630581,643.5622611275701,1.4688155659160607,0.5928555154489565,0.2425702997742602,0.16457418477678326,0.06965894574278088,0.05910531818189257,0.08954900587216075,0.508
1432,16.42857142857143,3770.8333333333335,61.36363636363637,2035,modest,moderate_re,1.8,solved,2030936516720.0417,602.4505426546032,576.326444035803,1.8010000000000004,0.18619342971232322,643.0513883547206,1.4755505728830194,0.5970648412805696,0.23836097394264727,0.16457418477678326,0.06587055249432917,0.05910531818189257,0.08954900587216075,0.363
1433,16.42857142857143,3770.8333333333335,70.45454545454547,2035,modest,moderate_re,1.8,solved,2034048847805.4448,601.499803011772,577.2096418572737,1.8010000000000004,0.17410282887877426,639.504922911191,1.50197071069823,0.6017855540395569,0.23364026118365963,0.16457418477678326,0.06162191101124044,0.05910531818189257,0.08954900587216075,0.692
1434,16.42857142857143,3770.8333333333335,79.54545454545455,2035,modest,moderate_re,1.8,solved,2036912445794.2112,601.6639058060971,578.0222557585093,1.8010000000000004,0.16486651985687317,638.7439250591741,1.5096074353706972,0.6038569369025786,0.23156887832063813,0.16457418477678326,0.05975766643452102,0.05910531818189257,0.08954900587216075,0.905
1435,16.42857142857143,3770.8333333333335,88.63636363636364,2035,modest,moderate_re,1.8,solved,2039135183283.187,598.985054871853,578.6530102811151,1.8010000000000004,0.1389560099646201,639.4990480345062,1.5255120164493077,0.6235775116515584,0.21184830357165813,0.16457418477678326,0.04200914916043903,0.05910531818189257,0.08954900587216075,0.277
1436,16.42857142857143,3770.8333333333335,97.72727272727273,2035,modest,moderate_re,1.8,solved,2041134300201.1963,599.247458633728,579.2203071587294,1.8010000000000002,0.1340913714604331,639.0834756918201,1.530343138759876,0.6235775116515584,0.21184830357165813,0.16457418477678326,0.04200914916043903,0.05910531818189257,0.08954900587216075,0.287
1437,16.42857142857143,3770.8333333333335,106.81818181818183,2035,modest,moderate_re,1.8,solved,2043017660343.809,599.0942932956538,579.7547553036591,1.8009999999999997,0.13315871577630353,638.170110602871,1.5379343013381401,0.623764325557399,0.21166148966581783,0.16457418477678326,0.041841016645182735,0.05910531818189257,0.08954900587216075,0.475
1438,16.42857142857143,3770.8333333333335,115.90909090909092,2035,modest,moderate_re,1.8,solved,2044748165576.9404,599.0772013754415,580.2458272397757,1.801,0.1286740048283734,637.9112481020013,1.5413464232333236,0.623764325557399,0.21166148966581783,0.16457418477678326,0.041841016645182735,0.05910531818189257,0.08954900587216075,0.266
1439,16.42857142857143,3770.8333333333335,125.0,2035,modest,moderate_re,1.8,solved,2046439872908.694,599.4649935064496,580.7258893504485,1.8010000000000004,0.12704597777359777,638.0830308402171,1.5417482201417994,0.6245937128410959,0.21083210238212086,0.16457418477678326,0.04109456808985539,0.05910531818189257,0.08954900587216075,0.685
1440,16.42857142857143,3916.666666666667,25.0,2035,modest,moderate_re,1.8,solved,2015732997544.519,603.6858737139479,572.0120845907278,1.8010000000000002,0.24236489746822848,663.251353565248,1.3286337741388863,0.5767136141674555,0.25871220105576137,0.16457418477678326,0.08418665689613186,0.05910531818189257,0.08954900587216075,0.601
1441,16.42857142857143,3916.666666666667,34.09090909090909,2035,modest,moderate_re,1.8,solved,2021701932378.524,604.4007408889777,573.7059115317684,1.8010000000000002,0.23741784745157196,655.174319673793,1.3971656794108367,0.5790402839400459,0.25638553128317065,0.16457418477678326,0.08209265410080031,0.05910531818189257,0.08954900587216075,0.685
1442,16.42857142857143,3916.666666666667,43.18181818181819,2035,modest,moderate_re,1.8,solved,2026725294579.4714,604.082225308607,575.1314097935514,1.8010000000000002,0.21007683157432247,651.6483629924408,1.4272826899571587,0.5878396809648583,0.24758613425835854,0.16457418477678326,0.0741731967784693,0.05910531818189257,0.08954900587216075,0.783
1443,16.42857142857143,3916.666666666667,52.27272727272727,2035,modest,moderate_re,1.8,solved,2030670971167.3088,603.2957208312754,576.2510891820809,1.8010000000000004,0.1956323173147846,646.2280834389518,1.4701461214134326,0.5920640783468576,0.24336173687635893,0.16457418477678326,0.0703712391346698,0.05910531818189257,0.08954900587216075,0.29
1444,16.42857142857143,3916.666666666667,61.36363636363637,2035,modest,moderate_re,1.8,solved,2034373510236.0283,603.9186029954988,577.3017725283162,1.801,0.18705914193333092,645.9669653558058,1.4751307292699405,0.5965093928526797,0.23891642237053717,0.16457418477678326,0.06637045607943007,0.05910531818189257,0.08954900587216075,0.388
1445,16.42857142857143,3916.666666666667,70.45454545454547,2035,modest,moderate_re,1.8,solved,2037500182362.4048,602.8954903327468,578.1890399605699,1.8010000000000004,0.17410282887877426,642.3435079270507,1.50197071069823,0.6017855540395569,0.23364026118365963,0.16457418477678326,0.06162191101124044,0.05910531818189257,0.08954900587216075,0.712
1446,16.42857142857143,3916.666666666667,79.54545454545455,2035,modest,moderate_re,1.8,solved,2040369781307.0376,603.0618701378809,579.0033567754746,1.8010000000000004,0.16486651985687317,641.5864370717118,1.5096074353706972,0.6038569369025786,0.23156887832063813,0.16457418477678326,0.05975766643452102,0.05910531818189257,0.08954900587216075,0.391
1447,16.42857142857143,3916.666666666667,88.63636363636364,2035,modest,moderate_re,1.8,solved,2042622573800.2878,600.3947483873296,579.6426401189452,1.8010000000000004,0.1389560099646201,642.3789469700054,1.5255120164493077,0.6235775116515584,0.21184830357165813,0.16457418477678326,0.04200914916043903,0.05910531818189257,0.08954900587216075,0.702
1448,16.42857142857143,3916.666666666667,97.72727272727273,2035,modest,moderate_re,1.8,solved,2044621690718.2976,600.6571521492048,580.2099369965597,1.8010000000000002,0.1340913714604331,641.9633746273191,1.530343138759876,0.6235775116515584,0.21184830357165813,0.16457418477678326,0.04200914916043903,0.05910531818189257,0.08954900587216075,0.777
1449,16.42857142857143,3916.666666666667,106.81818181818183,2035,modest,moderate_re,1.8,solved,2046505773888.401,600.5042207428883,580.7445903177019,1.8009999999999997,0.13315871577630353,641.0503637064,1.5379343013381401,0.623764325557399,0.21166148966581783,0.16457418477678326,0.041841016645182735,0.05910531818189257,0.08954900587216075,0.795
1450,16.42857142857143,3916.666666666667,115.90909090909092,2035,modest,moderate_re,1.8,solved,2048237515298.0542,600.4873712511918,581.2360130482493,1.801,0.1286740048283734,640.7915012055303,1.5413464232333236,0.623764325557399,0.21166148966581783,0.16457418477678326,0.041841016645182735,0.05910531818189257,0.08954900587216075,0.696
1451,16.42857142857143,3916.666666666667,125.0,2035,modest,moderate_re,1.8,solved,2049931649652.1309,600.8760792703839,581.7167638841153,1.8010000000000004,0.12704597777359777,640.9648563238048,1.5417482201417994,0.6245937128410959,0.21083210238212086,0.16457418477678326,0.04109456808985539,0.05910531818189257,0.08954900587216075,0.368
1452,16.42857142857143,4062.5,25.0,2035,modest,moderate_re,1.8,solved,2019074355555.6396,604.6178918731963,572.9602742386788,1.8010000000000006,0.2755622490014974,647.461042732922,1.338171024347507,0.5858193757460286,0.24960643947718822,0.16457418477678326,0.08487720484979423,0.05910531818189257,0.08066327249778252,0.487
1453,16.42857142857143,4062.5,34.09090909090909,2035,modest,moderate_re,1.8,solved,2025089787949.191,605.7639910440284,574.6672959659321,1.8010000000000004,0.23686962952279197,657.6577246481316,1.3997299742095797,0.5780340713348273,0.2573917438883893,0.16457418477678326,0.08299824544549707,0.05910531818189257,0.08954900587216075,0.262
1454,16.42857142857143,4062.5,43.18181818181819,2035,modest,moderate_re,1.8,solved,2030138892556.2966,605.4631172638688,576.1000992464983,1.8010000000000002,0.21007683157432247,654.460508957263,1.4272826899571587,0.5878396809648583,0.24758613425835854,0.16457418477678326,0.0741731967784693,0.05910531818189257,0.08954900587216075,0.685
1455,16.42857142857143,4062.5,52.27272727272727,2035,modest,moderate_re,1.8,solved,2034095184180.561,604.6809343644715,577.2227909035784,1.8010000000000004,0.1956323173147846,649.048238157144,1.4701461214134326,0.5920640783468576,0.24336173687635893,0.16457418477678326,0.0703712391346698,0.05910531818189257,0.08954900587216075,0.612
1456,16.42857142857143,4062.5,61.36363636363637,2035,modest,moderate_re,1.8,solved,2037810250955.3142,605.3086301348287,578.2770292837652,1.801,0.18705914193333092,648.7955476494154,1.4751307292699405,0.5965093928526797,0.23891642237053717,0.16457418477678326,0.06637045607943007,0.05910531818189257,0.08954900587216075,0.279
1457,16.42857142857143,4062.5,70.45454545454547,2035,modest,moderate_re,1.8,solved,2040951516919.3645,604.2911776537217,579.168438063866,1.8010000000000004,0.17410282887877426,645.1820929429105,1.50197071069823,0.6017855540395569,0.23364026118365963,0.16457418477678326,0.06162191101124044,0.05910531818189257,0.08954900587216075,0.449
1458,16.42857142857143,4062.5,79.54545454545455,2035,modest,moderate_re,1.8,solved,2043827116819.864,604.4598344696645,579.9844577924399,1.8010000000000004,0.16486651985687317,644.4289490842492,1.5096074353706972,0.6038569369025786,0.23156887832063813,0.16457418477678326,0.05975766643452102,0.05910531818189257,0.08954900587216075,0.266
1459,16.42857142857143,4062.5,88.63636363636364,2035,modest,moderate_re,1.8,solved,2046109964317.3887,601.8044419028063,580.6322699567754,1.8010000000000004,0.1389560099646201,645.2588459055046,1.5255120164493077,0.6235775116515584,0.21184830357165813,0.16457418477678326,0.04200914916043903,0.05910531818189257,0.08954900587216075,0.917
1460,16.42857142857143,4062.5,97.72727272727273,2035,modest,moderate_re,1.8,solved,2048109081235.3984,602.0668456646814,581.1995668343898,1.8010000000000002,0.1340913714604331,644.8432735628184,1.530343138759876,0.6235775116515584,0.21184830357165813,0.16457418477678326,0.04200914916043903,0.05910531818189257,0.08954900587216075,0.587
1461,16.42857142857143,4062.5,106.81818181818183,2035,modest,moderate_re,1.8,solved,2049993887432.9915,601.9141481901225,581.7344253317443,1.8009999999999997,0.13315871577630353,643.9306168099289,1.5379343013381401,0.623764325557399,0.21166148966581783,0.16457418477678326,0.041841016645182735,0.05910531818189257,0.08954900587216075,0.357
1462,16.42857142857143,4062.5,115.90909090909092,2035,modest,moderate_re,1.8,solved,2051726865019.1687,601.8975411269422,582.226198856723,1.801,0.1286740048283734,643.6717543090592,1.5413464232333236,0.623764325557399,0.21166148966581783,0.16457418477678326,0.041841016645182735,0.05910531818189257,0.08954900587216075,0.476
1463,16.42857142857143,4062.5,125.0,2035,modest,moderate_re,1.8,solved,2053423426395.5671,602.287165034318,582.7076384177819,1.8010000000000004,0.12704597777359777,643.8466818073927,1.5417482201417994,0.6245937128410959,0.21083210238212086,0.16457418477678326,0.04109456808985539,0.05910531818189257,0.08954900587216075,0.701
1464,16.42857142857143,4208.333333333334,25.0,2035,modest,moderate_re,1.8,solved,2022070374350.1516,605.2015005612362,573.8104656867573,1.8010000000000002,0.2782675789808533,643.6722514221448,1.3393914757475185,0.5914104643663766,0.24401535085684026,0.16457418477678326,0.08299824544549705,0.05910531818189257,0.07751025214376658,0.792
1465,16.42857142857143,4208.333333333334,34.09090909090909,2035,modest,moderate_re,1.8,solved,2028477515026.2886,607.1346159318731,575.6286439369956,1.8010000000000004,0.23686962952279197,660.4512808113634,1.3997299742095797,0.5780340713348273,0.2573917438883893,0.16457418477678326,0.08299824544549707,0.05910531818189257,0.08954900587216075,0.249
1466,16.42857142857143,4208.333333333334,43.18181818181819,2035,modest,moderate_re,1.8,solved,2033552490533.1204,606.8440092191306,577.0687886994448,1.8010000000000002,0.21007683157432247,657.272654922085,1.4272826899571587,0.5878396809648583,0.24758613425835854,0.16457418477678326,0.0741731967784693,0.05910531818189257,0.08954900587216075,0.804
1467,16.42857142857143,4208.333333333334,52.27272727272727,2035,modest,moderate_re,1.8,solved,2037519397193.8132,606.0661478976676,578.1944926250758,1.8010000000000004,0.1956323173147846,651.8683928753364,1.4701461214134326,0.5920640783468576,0.24336173687635893,0.16457418477678326,0.0703712391346698,0.05910531818189257,0.08954900587216075,0.376
1468,16.42857142857143,4208.333333333334,61.36363636363637,2035,modest,moderate_re,1.8,solved,2041246955763.7566,606.908039636985,579.2522758486598,1.8010000000000004,0.1893960401554061,651.8504352290968,1.4739974060140768,0.5950100187973145,0.24041579642590225,0.16457418477678326,0.06771989272925864,0.05910531818189257,0.08954900587216075,0.345
1469,16.42857142857143,4208.333333333334,70.45454545454547,2035,modest,moderate_re,1.8,solved,2044402851476.324,605.6868649746966,580.1478361671622,1.8010000000000004,0.17410282887877426,648.0206779587702,1.50197071069823,0.6017855540395569,0.23364026118365963,0.16457418477678326,0.06162191101124044,0.05910531818189257,0.08954900587216075,0.559
1470,16.42857142857143,4208.333333333334,79.54545454545455,2035,modest,moderate_re,1.8,solved,2047284452332.69,605.8577988014481,580.965558809405,1.8010000000000004,0.16486651985687317,647.2714610967868,1.5096074353706972,0.6038569369025786,0.23156887832063813,0.16457418477678326,0.05975766643452102,0.05910531818189257,0.08954900587216075,0.461
1471,16.42857142857143,4208.333333333334,88.63636363636364,2035,modest,moderate_re,1.8,solved,2049597354834.49,603.2141354182828,581.6218997946056,1.8010000000000004,0.1389560099646201,648.1387448410035,1.5255120164493077,0.6235775116515584,0.21184830357165813,0.16457418477678326,0.04200914916043903,0.05910531818189257,0.08954900587216075,0.47
1472,16.42857142857143,4208.333333333334,97.72727272727273,2035,modest,moderate_re,1.8,solved,2051596471752.4993,603.4765391801582,582.1891966722199,1.8010000000000002,0.1340913714604331,647.7231724983174,1.530343138759876,0.6235775116515584,0.21184830357165813,0.16457418477678326,0.04200914916043903,0.05910531818189257,0.08954900587216075,0.458
1473,16.42857142857143,4208.333333333334,106.81818181818183,2035,modest,moderate_re,1.8,solved,2053482000977.5825,603.3240756373572,582.724260345787,1.8009999999999997,0.13315871577630353,646.8108699134579,1.5379343013381401,0.623764325557399,0.21166148966581783,0.16457418477678326,0.041841016645182735,0.05910531818189257,0.08954900587216075,0.249
1474,16.42857142857143,4208.333333333334,115.90909090909092,2035,modest,moderate_re,1.8,solved,2055216214740.2815,603.3077110026925,583.2163846651963,1.801,0.1286740048283734,646.5520074125881,1.5413464232333236,0.623764325557399,0.21166148966581783,0.16457418477678326,0.041841016645182735,0.05910531818189257,0.08954900587216075,0.48
1475,16.42857142857143,4208.333333333334,125.0,2035,modest,moderate_re,1.8,solved,2056915203139.0032,603.6982507982522,583.6985129514485,1.8010000000000004,0.12704597777359777,646.7285072909801,1.5417482201417994,0.6245937128410959,0.21083210238212086,0.16457418477678326,0.04109456808985539,0.05910531818189257,0.08954900587216075,0.385
1476,16.42857142857143,4354.166666666667,25.0,2035,modest,moderate_re,1.8,solved,2025021214335.562,606.0489818854835,574.6478365753643,1.801,0.2791060013663684,643.0559665325737,1.3388163419034207,0.5955971303854197,0.2398286848377971,0.16457418477678326,0.08085151153912269,0.05910531818189257,0.07588898663300205,0.591
1477,16.42857142857143,4354.166666666667,34.09090909090909,2035,modest,moderate_re,1.8,solved,2031720565252.7256,608.8459370118183,576.5489364175555,1.8009999999999997,0.26463924404936895,651.4630758409555,1.3658450791714576,0.5871992202867939,0.24822659493642268,0.16457418477678326,0.08299824544549705,0.05910531818189257,0.08130037181539085,0.387
1478,16.42857142857143,4354.166666666667,43.18181818181819,2035,modest,moderate_re,1.8,solved,2036966088509.9458,608.2249011743925,578.0374781523917,1.8010000000000002,0.21007683157432247,660.0848008869075,1.4272826899571587,0.5878396809648583,0.24758613425835854,0.16457418477678326,0.0741731967784693,0.05910531818189257,0.08954900587216075,0.415
1479,16.42857142857143,4354.166666666667,52.27272727272727,2035,modest,moderate_re,1.8,solved,2040943610207.0652,607.4513614308637,579.1661943465731,1.8010000000000004,0.1956323173147846,654.6885475935287,1.4701461214134326,0.5920640783468576,0.24336173687635893,0.16457418477678326,0.0703712391346698,0.05910531818189257,0.08954900587216075,0.82
1480,16.42857142857143,4354.166666666667,61.36363636363637,2035,modest,moderate_re,1.8,solved,2044676271756.4114,608.5975312820322,580.2254256616898,1.8010000000000002,0.19255859398428138,655.0080064807934,1.4721471243157667,0.5934050029602688,0.24202081226294792,0.16457418477678326,0.06916440698259982,0.05910531818189257,0.08954900587216075,0.81
1481,16.42857142857143,4354.166666666667,70.45454545454547,2035,modest,moderate_re,1.8,solved,2047851267245.8772,607.5046191289911,581.1264059952497,1.8010000000000006,0.17826900187339437,651.2420699455238,1.4999718012642547,0.5997872847348192,0.2356385304883974,0.16457418477678326,0.06342035338550438,0.05910531818189257,0.08954900587216075,0.89
1482,16.42857142857143,4354.166666666667,79.54545454545455,2035,modest,moderate_re,1.8,solved,2050741341264.118,607.2565667735614,581.9465330982982,1.8009999999999995,0.16470462879052303,650.0190126947409,1.510355303874074,0.6034395948694133,0.23198622035380348,0.16457418477678326,0.06013327426436976,0.05910531818189257,0.08954900587216075,0.357
1483,16.42857142857143,4354.166666666667,88.63636363636364,2035,modest,moderate_re,1.8,solved,2053084745351.5913,604.6238289337596,582.6115296324359,1.8010000000000004,0.1389560099646201,651.0186437765028,1.5255120164493077,0.6235775116515584,0.21184830357165813,0.16457418477678326,0.04200914916043903,0.05910531818189257,0.08954900587216075,0.373
1484,16.42857142857143,4354.166666666667,97.72727272727273,2035,modest,moderate_re,1.8,solved,2055083862269.6,604.8862326956347,583.17882651005,1.8010000000000002,0.1340913714604331,650.6030714338166,1.530343138759876,0.6235775116515584,0.21184830357165813,0.16457418477678326,0.04200914916043903,0.05910531818189257,0.08954900587216075,1.083
1485,16.42857142857143,4354.166666666667,106.81818181818183,2035,modest,moderate_re,1.8,solved,2056970114522.1743,604.7340030845913,583.7140953598299,1.8009999999999997,0.13315871577630353,649.6911230169868,1.5379343013381401,0.623764325557399,0.21166148966581783,0.16457418477678326,0.041841016645182735,0.05910531818189257,0.08954900587216075,0.473
1486,16.42857142857143,4354.166666666667,115.90909090909092,2035,modest,moderate_re,1.8,solved,2058705564461.395,604.7178808784429,584.2065704736697,1.801,0.1286740048283734,649.4322605161171,1.5413464232333236,0.623764325557399,0.21166148966581783,0.16457418477678326,0.041841016645182735,0.05910531818189257,0.08954900587216075,0.464
1487,16.42857142857143,4354.166666666667,125.0,2035,modest,moderate_re,1.8,solved,2060406979882.4397,605.1093365621865,584.6893874851153,1.8010000000000004,0.12704597777359777,649.6103327745677,1.5417482201417994,0.6245937128410959,0.21083210238212086,0.16457418477678326,0.04109456808985539,0.05910531818189257,0.08954900587216075,0.374
1488,16.42857142857143,4500.0,25.0,2035,modest,moderate_re,1.8,solved,2027855688676.1562,607.3838931750511,575.4521859501363,1.8010000000000004,0.2894914687939,642.4376610604132,1.3089639612709987,0.5994805667897497,0.235945248433467,0.16457418477678326,0.0808982196975899,0.05910531818189257,0.07234718571063797,0.518
1489,16.42857142857143,4500.0,34.09090909090909,2035,modest,moderate_re,1.8,solved,2034750970689.8762,609.1212076916223,577.4088858917027,1.8010000000000002,0.26721952847003844,645.0560347739674,1.3663869997687506,0.5964592623388423,0.23896655288437427,0.16457418477678326,0.07910448143383751,0.05910531818189257,0.07686009798020683,0.588
1490,16.42857142857143,4500.0,43.18181818181819,2035,modest,moderate_re,1.8,solved,2040379686486.77,609.6057931296542,579.0061676053384,1.8010000000000002,0.21007683157432247,662.8969468517297,1.4272826899571587,0.5878396809648583,0.24758613425835854,0.16457418477678326,0.0741731967784693,0.05910531818189257,0.08954900587216075,0.393
1491,16.42857142857143,4500.0,52.27272727272727,2035,modest,moderate_re,1.8,solved,2044367823220.3171,608.83657496406,580.1378960680704,1.8010000000000004,0.1956323173147846,657.5087023117211,1.4701461214134326,0.5920640783468576,0.24336173687635893,0.16457418477678326,0.0703712391346698,0.05910531818189257,0.08954900587216075,0.477
1492,16.42857142857143,4500.0,61.36363636363637,2035,modest,moderate_re,1.8,solved,2048104383829.1028,609.997486814288,581.1982338338532,1.8010000000000002,0.19270741973550998,657.844414811788,1.4720748775609271,0.5933188861374896,0.24210692908572726,0.16457418477678326,0.06924191212310116,0.05910531818189257,0.08954900587216075,0.47
1493,16.42857142857143,4500.0,70.45454545454547,2035,modest,moderate_re,1.8,solved,2051296812662.586,608.8981098107607,582.1041612925854,1.8010000000000006,0.17826900187339437,654.0768665758264,1.4999718012642547,0.5997872847348192,0.2356385304883974,0.16457418477678326,0.06342035338550438,0.05910531818189257,0.08954900587216075,0.462
1494,16.42857142857143,4500.0,79.54545454545455,2035,modest,moderate_re,1.8,solved,2054197447246.7842,608.6540688947191,582.9272852068957,1.8009999999999995,0.16470462879052303,652.8607334963405,1.510355303874074,0.6034395948694133,0.23198622035380348,0.16457418477678326,0.06013327426436976,0.05910531818189257,0.08954900587216075,1.163
1495,16.42857142857143,4500.0,88.63636363636364,2035,modest,moderate_re,1.8,solved,2056572135868.6914,606.033522449236,583.6011594702658,1.8010000000000004,0.1389560099646201,653.8985427120019,1.5255120164493077,0.6235775116515584,0.21184830357165813,0.16457418477678326,0.04200914916043903,0.05910531818189257,0.08954900587216075,0.547
1496,16.42857142857143,4500.0,97.72727272727273,2035,modest,moderate_re,1.8,solved,2058571252786.7007,606.2959262111114,584.16845634788,1.8010000000000002,0.1340913714604331,653.4829703693158,1.530343138759876,0.6235775116515584,0.21184830357165813,0.16457418477678326,0.04200914916043903,0.05910531818189257,0.08954900587216075,0.487
1497,16.42857142857143,4500.0,106.81818181818183,2035,modest,moderate_re,1.8,solved,2060458228066.7656,606.1439305318257,584.7039303738726,1.8009999999999997,0.13315871577630353,652.5713761205159,1.5379343013381401,0.623764325557399,0.21166148966581783,0.16457418477678326,0.041841016645182735,0.05910531818189257,0.08954900587216075,0.561
1498,16.42857142857143,4500.0,115.90909090909092,2035,modest,moderate_re,1.8,solved,2062194914182.51,606.1280507541933,585.1967562821436,1.801,0.1286740048283734,652.3125136196463,1.5413464232333236,0.623764325557399,0.21166148966581783,0.16457418477678326,0.041841016645182735,0.05910531818189257,0.08954900587216075,0.376
1499,16.42857142857143,4500.0,125.0,2035,modest,moderate_re,1.8,solved,2063898756625.8757,606.5204223261208,585.6802620187818,1.8010000000000004,0.12704597777359777,652.4921582581554,1.5417482201417994,0.6245937128410959,0.21083210238212086,0.16457418477678326,0.04109456808985539,0.05910531818189257,0.08954900587216075,0.509
1500,19.285714285714285,1000.0,25.0,2035,modest,moderate_re,1.8,solved,1957105488498.2268,578.3858206252761,555.3751372843221,1.8010000000000006,0.23660799444750696,617.6872465324875,1.3181114715946085,0.5881902270758432,0.24723558814737365,0.16457418477678326,0.0738577052785829,0.05910531818189257,0.08954900587216075,0.559
1501,19.285714285714285,1000.0,34.09090909090909,2035,modest,moderate_re,1.8,solved,1963027871459.0396,578.348911728149,557.0557540263637,1.801,0.22542366908234943,608.3054730738861,1.3938142854397295,0.5949779707042754,0.2404478445189414,0.16457418477678326,0.06774873601299392,0.05910531818189257,0.08954900587216075,0.677
1502,19.285714285714285,1000.0,43.18181818181819,2035,modest,moderate_re,1.8,solved,1967883250290.6523,578.6614950652377,558.4335830197532,1.8010000000000002,0.20642015365083477,604.1531652100425,1.414074309030702,0.6006089285813533,0.23481688664186343,0.16457418477678326,0.06268087392362379,0.05910531818189257,0.08954900587216075,0.251
1503,19.285714285714285,1000.0,52.27272727272727,2035,modest,moderate_re,1.8,solved,1972040353989.8008,578.0765952165975,559.6132598696665,1.8010000000000002,0.19549533807600966,595.9024461930786,1.4526966643783061,0.6047227239811814,0.23070309124203509,0.16457418477678326,0.05897845806377827,0.05910531818189257,0.08954900587216075,0.671
1504,19.285714285714285,1000.0,61.36363636363637,2035,modest,moderate_re,1.8,solved,1975712769169.0078,578.070385409683,560.6553948472155,1.801,0.17992685038118522,594.6141804612364,1.4664828502612433,0.6096262639718405,0.22579955125137618,0.16457418477678326,0.05456527207218519,0.05910531818189257,0.08954900587216075,0.37
1505,19.285714285714285,1000.0,70.45454545454547,2035,modest,moderate_re,1.8,solved,1978838058635.4973,577.6267074143433,561.5422699169067,1.801,0.17115061196685163,595.1315330288836,1.483655979749848,0.6210329250741151,0.21439289014910168,0.16457418477678326,0.04429927708013812,0.05910531818189257,0.08954900587216075,0.506
1506,19.285714285714285,1000.0,79.54545454545455,2035,modest,moderate_re,1.8,solved,1981670028319.6826,577.6424356308991,562.3459085359708,1.8010000000000002,0.16129801974746916,594.2566402743408,1.4912787144420756,0.6235775116515584,0.21184830357165813,0.16457418477678326,0.04200914916043903,0.05910531818189257,0.08954900587216075,0.606
1507,19.285714285714285,1000.0,88.63636363636364,2035,modest,moderate_re,1.8,solved,1984177582120.0833,576.6977146568133,563.0574864474986,1.8010000000000002,0.15202943892605406,589.7642023055879,1.5124181657106532,0.623764325557399,0.21166148966581783,0.16457418477678326,0.041841016645182735,0.05910531818189257,0.08954900587216075,1.05
1508,19.285714285714285,1000.0,97.72727272727273,2035,modest,moderate_re,1.8,solved,1986461043290.237,577.0080408610419,563.7054727560092,1.8009999999999995,0.14663674046500208,589.3141560684362,1.5177566196851857,0.623764325557399,0.21166148966581783,0.16457418477678326,0.041841016645182735,0.05910531818189257,0.08954900587216075,0.58
1509,19.285714285714285,1000.0,106.81818181818183,2035,modest,moderate_re,1.8,solved,1988554054118.8513,575.6351968424083,564.2994142594746,1.8010000000000006,0.13513344722056514,586.8490602641134,1.5346840360405487,0.6245937128410959,0.21083210238212086,0.16457418477678326,0.04109456808985539,0.05910531818189257,0.08954900587216075,0.687
1510,19.285714285714285,1000.0,115.90909090909092,2035,modest,moderate_re,1.8,solved,1990368506279.3328,575.910317785064,564.8143081288371,1.8010000000000002,0.1319628506484656,586.7219962139161,1.5373604735584347,0.6245937128410959,0.21083210238212086,0.16457418477678326,0.04109456808985539,0.05910531818189257,0.08954900587216075,0.909
1511,19.285714285714285,1000.0,125.0,2035,modest,moderate_re,1.8,solved,1992087719701.4363,575.876190275966,565.302175745546,1.801,0.1257503707244498,586.1697664299915,1.5419430352698413,0.6253509997608463,0.21007481546237028,0.16457418477678326,0.04041300986207995,0.05910531818189257,0.08954900587216075,7.583
1512,19.285714285714285,1145.8333333333333,25.0,2035,modest,moderate_re,1.8,solved,1960521485450.3665,580.0171719014005,556.3445075034579,1.8010000000000004,0.24103335629279796,620.3820976841013,1.3201620486737389,0.5859536748310317,0.24947214039218513,0.16457418477678326,0.07587060229891324,0.05910531818189257,0.08954900587216075,0.579
1513,19.285714285714285,1145.8333333333333,34.09090909090909,2035,modest,moderate_re,1.8,solved,1966459380586.8967,580.1689938333855,558.0295261935648,1.801,0.22988906397711684,611.9125655015641,1.389258065044705,0.5925972611127539,0.2428285541104627,0.16457418477678326,0.0698913746453632,0.05910531818189257,0.08954900587216075,0.51
1514,19.285714285714285,1145.8333333333333,43.18181818181819,2035,modest,moderate_re,1.8,solved,1971333357097.9246,580.0563182453578,559.412632719933,1.8010000000000002,0.20642015365083477,606.9895195401375,1.414074309030702,0.6006089285813533,0.23481688664186343,0.16457418477678326,0.06268087392362379,0.05910531818189257,0.08954900587216075,0.36
1515,19.285714285714285,1145.8333333333333,52.27272727272727,2035,modest,moderate_re,1.8,solved,1975501399314.2803,579.4757416013682,560.5954136337465,1.8010000000000002,0.19549533807600966,598.7465995936194,1.4526966643783061,0.6047227239811814,0.23070309124203509,0.16457418477678326,0.05897845806377827,0.05910531818189257,0.08954900587216075,0.273
1516,19.285714285714285,1145.8333333333333,61.36363636363637,2035,modest,moderate_re,1.8,solved,1979187098394.3035,579.474739117376,561.641318233466,1.801,0.17992685038118522,597.4676301563428,1.4664828502612433,0.6096262639718405,0.22579955125137618,0.16457418477678326,0.05456527207218519,0.05910531818189257,0.08954900587216075,0.881
1517,19.285714285714285,1145.8333333333333,70.45454545454547,2035,modest,moderate_re,1.8,solved,1982317984431.5786,579.0335879471102,562.5297814629608,1.8010000000000002,0.17115061196685072,598.0066078523294,1.483655979749849,0.6210329250741151,0.21439289014910168,0.16457418477678326,0.04429927708013812,0.05910531818189257,0.08954900587216075,0.855
1518,19.285714285714285,1145.8333333333333,79.54545454545455,2035,modest,moderate_re,1.8,solved,1985157418836.7837,579.0521291463758,563.335538373801,1.8010000000000002,0.16129801974746916,597.1365392098401,1.4912787144420756,0.6235775116515584,0.21184830357165813,0.16457418477678326,0.04200914916043903,0.05910531818189257,0.08954900587216075,0.682
1519,19.285714285714285,1145.8333333333333,88.63636363636364,2035,modest,moderate_re,1.8,solved,1987665519307.6338,578.1076144699416,564.047271416045,1.8010000000000002,0.15202943892605406,592.6444554091166,1.5124181657106532,0.623764325557399,0.21166148966581783,0.16457418477678326,0.041841016645182735,0.05910531818189257,0.08954900587216075,0.665
1520,19.285714285714285,1145.8333333333333,97.72727272727273,2035,modest,moderate_re,1.8,solved,1989948980477.7874,578.41794067417,564.6952577245554,1.8009999999999995,0.14663674046500208,592.1944091719652,1.5177566196851857,0.623764325557399,0.21166148966581783,0.16457418477678326,0.041841016645182735,0.05910531818189257,0.08954900587216075,0.679
1521,19.285714285714285,1145.8333333333333,106.81818181818183,2035,modest,moderate_re,1.8,solved,1992045345154.8003,577.4098149214632,565.2901509621128,1.8010000000000006,0.1377864595585281,590.0607061620012,1.5326657972139712,0.6245937128410959,0.21083210238212086,0.16457418477678326,0.04109456808985539,0.05910531818189257,0.08954900587216075,0.277
1522,19.285714285714285,1145.8333333333333,115.90909090909092,2035,modest,moderate_re,1.8,solved,1993860283022.7693,577.3214035489983,565.8051826625037,1.8010000000000002,0.1319628506484656,589.6038216975038,1.5373604735584347,0.6245937128410959,0.21083210238212086,0.16457418477678326,0.04109456808985539,0.05910531818189257,0.08954900587216075,0.688
1523,19.285714285714285,1145.8333333333333,125.0,2035,modest,moderate_re,1.8,solved,1995581712481.0894,577.2881123080166,566.2936791320902,1.801,0.1257503707244498,589.0530276033644,1.5419430352698413,0.6253509997608463,0.21007481546237028,0.16457418477678326,0.04041300986207995,0.05910531818189257,0.08954900587216075,0.463
1524,19.285714285714285,1291.6666666666667,25.0,2035,modest,moderate_re,1.8,solved,1963932831162.0945,581.3966315147696,557.3125578227225,1.8010000000000004,0.24103335629279796,623.1906680956282,1.3201620486737389,0.5859536748310317,0.24947214039218513,0.16457418477678326,0.07587060229891324,0.05910531818189257,0.08954900587216075,0.544
1525,19.285714285714285,1291.6666666666667,34.09090909090909,2035,modest,moderate_re,1.8,solved,1969888456178.763,581.5554494701573,559.0026077871648,1.801,0.22988906397711684,614.7337310454168,1.389258065044705,0.5925972611127539,0.2428285541104627,0.16457418477678326,0.0698913746453632,0.05910531818189257,0.08954900587216075,0.383
1526,19.285714285714285,1291.6666666666667,43.18181818181819,2035,modest,moderate_re,1.8,solved,1974779766544.8596,581.7492125158923,560.3906332063544,1.801,0.20936133518495978,610.2564805876787,1.4117281486705193,0.5991344976981501,0.23629131752506674,0.16457418477678326,0.06400786171850671,0.05910531818189257,0.08954900587216075,0.386
1527,19.285714285714285,1291.6666666666667,52.27272727272727,2035,modest,moderate_re,1.8,solved,1978960166397.1135,581.1798270094633,561.5769208926816,1.801,0.19874481741410718,601.9717452892731,1.4511207675469726,0.6026378300106352,0.2327879852125815,0.16457418477678326,0.060854862637269996,0.05910531818189257,0.08954900587216075,0.249
1528,19.285714285714285,1291.6666666666667,61.36363636363637,2035,modest,moderate_re,1.8,solved,1982661427619.6003,580.8790928250694,562.6272416197168,1.801,0.17992685038118525,600.3210798514494,1.4664828502612428,0.6096262639718405,0.22579955125137618,0.16457418477678326,0.05456527207218519,0.05910531818189257,0.08954900587216075,0.59
1529,19.285714285714285,1291.6666666666667,70.45454545454547,2035,modest,moderate_re,1.8,solved,1985797910227.6614,580.4404684798773,563.5172930090154,1.801,0.17115061196685163,600.8816826757756,1.483655979749848,0.6210329250741151,0.21439289014910168,0.16457418477678326,0.04429927708013812,0.05910531818189257,0.08954900587216075,0.513
1530,19.285714285714285,1291.6666666666667,79.54545454545455,2035,modest,moderate_re,1.8,solved,1988644809353.8845,580.4618226618524,564.3251682116311,1.8010000000000002,0.16129801974746916,600.0164381453391,1.4912787144420756,0.6235775116515584,0.21184830357165813,0.16457418477678326,0.04200914916043903,0.05910531818189257,0.08954900587216075,1.037
1531,19.285714285714285,1291.6666666666667,88.63636363636364,2035,modest,moderate_re,1.8,solved,1991153456495.185,579.5175142830698,565.0370563845914,1.8010000000000002,0.15202943892605406,595.5247085126456,1.5124181657106532,0.623764325557399,0.21166148966581783,0.16457418477678326,0.041841016645182735,0.05910531818189257,0.08954900587216075,0.475
1532,19.285714285714285,1291.6666666666667,97.72727272727273,2035,modest,moderate_re,1.8,solved,1993436917665.338,579.8278404872984,565.6850426931017,1.8009999999999995,0.14663674046500208,595.0746622754942,1.5177566196851857,0.623764325557399,0.21166148966581783,0.16457418477678326,0.041841016645182735,0.05910531818189257,0.08954900587216075,0.357
1533,19.285714285714285,1291.6666666666667,106.81818181818183,2035,modest,moderate_re,1.8,solved,1995536333288.2178,578.8207437800614,566.2808017089677,1.8010000000000006,0.1377864595585281,592.9425316455887,1.5326657972139712,0.6245937128410959,0.21083210238212086,0.16457418477678326,0.04109456808985539,0.05910531818189257,0.08954900587216075,0.477
1534,19.285714285714285,1291.6666666666667,115.90909090909092,2035,modest,moderate_re,1.8,solved,1997352059766.2058,578.7324893129323,566.7960571961705,1.8010000000000002,0.1319628506484656,592.4856471810914,1.5373604735584347,0.6245937128410959,0.21083210238212086,0.16457418477678326,0.04109456808985539,0.05910531818189257,0.08954900587216075,0.657
1535,19.285714285714285,1291.6666666666667,125.0,2035,modest,moderate_re,1.8,solved,1999075705260.7427,578.7000343400672,567.2851825186345,1.801,0.1257503707244498,591.9362887767373,1.5419430352698413,0.6253509997608463,0.21007481546237028,0.16457418477678326,0.04041300986207995,0.05910531818189257,0.08954900587216075,0.447
1536,19.285714285714285,1437.5,25.0,2035,modest,moderate_re,1.8,solved,1967344176873.8225,582.776091128139,558.2806081419872,1.8010000000000004,0.24103335629279796,625.999238507155,1.3201620486737389,0.5859536748310317,0.24947214039218513,0.16457418477678326,0.07587060229891324,0.05910531818189257,0.08954900587216075,0.368
1537,19.285714285714285,1437.5,34.09090909090909,2035,modest,moderate_re,1.8,solved,1973317531770.6284,582.941905106929,559.9756893807645,1.801,0.22988906397711684,617.5548965892693,1.389258065044705,0.5925972611127539,0.2428285541104627,0.16457418477678326,0.0698913746453632,0.05910531818189257,0.08954900587216075,0.692
1538,19.285714285714285,1437.5,43.18181818181819,2035,modest,moderate_re,1.8,solved,1978225827991.3623,583.142459046849,561.368534939393,1.801,0.20936133518495978,613.090039642558,1.4117281486705193,0.5991344976981501,0.23629131752506674,0.16457418477678326,0.06400786171850671,0.05910531818189257,0.08954900587216075,0.259
1539,19.285714285714285,1437.5,52.27272727272727,2035,modest,moderate_re,1.8,solved,1982415647720.6704,582.5767778982486,562.5574957394297,1.801,0.19874481741410718,604.811946078328,1.4511207675469726,0.6026378300106352,0.2327879852125815,0.16457418477678326,0.060854862637269996,0.05910531818189257,0.08954900587216075,0.411
1540,19.285714285714285,1437.5,61.36363636363637,2035,modest,moderate_re,1.8,solved,1986135050524.7817,582.3098437151381,563.6129645708692,1.801,0.1801804144452173,602.7502524596756,1.4665238270407746,0.6093604983512647,0.2260653168719518,0.16457418477678326,0.05480446113070331,0.05910531818189257,0.08954900587216075,0.384
1541,19.285714285714285,1437.5,70.45454545454547,2035,modest,moderate_re,1.8,solved,1989276297185.37,581.7652875703315,564.5043678731546,1.801,0.17249809851954828,599.4572811118452,1.492019492930999,0.610749975689143,0.2246758395340736,0.16457418477678326,0.053553931526613,0.05910531818189257,0.08954900587216075,0.267
1542,19.285714285714285,1437.5,79.54545454545455,2035,modest,moderate_re,1.8,solved,1992132199870.985,581.871516177329,565.314798049461,1.8010000000000002,0.16129801974746916,602.8963370808381,1.4912787144420756,0.6235775116515584,0.21184830357165813,0.16457418477678326,0.04200914916043903,0.05910531818189257,0.08954900587216075,0.34
1543,19.285714285714285,1437.5,88.63636363636364,2035,modest,moderate_re,1.8,solved,1994641393682.7358,580.927414096198,566.0268413531378,1.8010000000000002,0.15202943892605406,598.4049616161747,1.5124181657106532,0.623764325557399,0.21166148966581783,0.16457418477678326,0.041841016645182735,0.05910531818189257,0.08954900587216075,0.636
1544,19.285714285714285,1437.5,97.72727272727273,2035,modest,moderate_re,1.8,solved,1996924854852.8894,581.2377403004266,566.6748276616482,1.8009999999999995,0.14663674046500208,597.9549153790232,1.5177566196851857,0.623764325557399,0.21166148966581783,0.16457418477678326,0.041841016645182735,0.05910531818189257,0.08954900587216075,0.62
1545,19.285714285714285,1437.5,106.81818181818183,2035,modest,moderate_re,1.8,solved,1999027321421.635,580.2316726386598,567.2714524558226,1.8010000000000006,0.1377864595585281,595.8243571291763,1.5326657972139712,0.6245937128410959,0.21083210238212086,0.16457418477678326,0.04109456808985539,0.05910531818189257,0.08954900587216075,0.252
1546,19.285714285714285,1437.5,115.90909090909092,2035,modest,moderate_re,1.8,solved,2000843836509.642,580.1435750768667,567.7869317298371,1.8010000000000002,0.1319628506484656,595.3674726646789,1.5373604735584347,0.6245937128410959,0.21083210238212086,0.16457418477678326,0.04109456808985539,0.05910531818189257,0.08954900587216075,0.716
1547,19.285714285714285,1437.5,125.0,2035,modest,moderate_re,1.8,solved,2002569698040.3962,580.111956372118,568.2766859051789,1.801,0.1257503707244498,594.8195499501103,1.5419430352698413,0.6253509997608463,0.21007481546237028,0.16457418477678326,0.04041300986207995,0.05910531818189257,0.08954900587216075,0.6
1548,19.285714285714285,1583.3333333333335,25.0,2035,modest,moderate_re,1.8,solved,1970755522585.5505,584.1555507415081,559.2486584612518,1.8010000000000004,0.24103335629279796,628.807808918682,1.3201620486737389,0.5859536748310317,0.24947214039218513,0.16457418477678326,0.07587060229891324,0.05910531818189257,0.08954900587216075,0.776
1549,19.285714285714285,1583.3333333333335,34.09090909090909,2035,modest,moderate_re,1.8,solved,1976743910518.2698,584.5321114569161,560.9480056808019,1.8010000000000004,0.23207304369417864,620.7516211747792,1.387029663489256,0.591432880003663,0.24399293521955384,0.16457418477678326,0.07093931764354508,0.05910531818189257,0.08954900587216075,1.136
1550,19.285714285714285,1583.3333333333335,43.18181818181819,2035,modest,moderate_re,1.8,solved,1981671889437.8647,584.5357055778054,562.3464366724314,1.801,0.20936133518495978,615.9235986974371,1.4117281486705193,0.5991344976981501,0.23629131752506674,0.16457418477678326,0.06400786171850671,0.05910531818189257,0.08954900587216075,0.53
1551,19.285714285714285,1583.3333333333335,52.27272727272727,2035,modest,moderate_re,1.8,solved,1985871129044.2283,583.973728787034,563.5380705861779,1.801,0.19874481741410718,607.6521468673828,1.4511207675469726,0.6026378300106352,0.2327879852125815,0.16457418477678326,0.060854862637269996,0.05910531818189257,0.08954900587216075,0.588
1552,19.285714285714285,1583.3333333333335,61.36363636363637,2035,modest,moderate_re,1.8,solved,1989608609806.584,583.7139052744305,564.5986694673776,1.801,0.1801804144452173,605.6031983074598,1.4665238270407746,0.6093604983512647,0.2260653168719518,0.16457418477678326,0.05480446113070331,0.05910531818189257,0.08954900587216075,0.37
1553,19.285714285714285,1583.3333333333335,70.45454545454547,2035,modest,moderate_re,1.8,solved,1992753881890.154,583.1708765415638,565.4912150789836,1.801,0.17249809851954828,602.3128611770823,1.492019492930999,0.610749975689143,0.2246758395340736,0.16457418477678326,0.053553931526613,0.05910531818189257,0.08954900587216075,0.25
1554,19.285714285714285,1583.3333333333335,79.54545454545455,2035,modest,moderate_re,1.8,solved,1995619590388.0862,583.2812096928056,566.3044278872912,1.8010000000000002,0.16129801974746916,605.7762360163375,1.4912787144420756,0.6235775116515584,0.21184830357165813,0.16457418477678326,0.04200914916043903,0.05910531818189257,0.08954900587216075,0.463
1555,19.285714285714285,1583.3333333333335,88.63636363636364,2035,modest,moderate_re,1.8,solved,1998129330870.2864,582.3373139093263,567.016626321684,1.8010000000000002,0.15202943892605406,601.2852147197035,1.5124181657106532,0.623764325557399,0.21166148966581783,0.16457418477678326,0.041841016645182735,0.05910531818189257,0.08954900587216075,0.68
1556,19.285714285714285,1583.3333333333335,97.72727272727273,2035,modest,moderate_re,1.8,solved,2000412792040.4397,582.6476401135549,567.6646126301944,1.8009999999999995,0.14663674046500208,600.8351684825521,1.5177566196851857,0.623764325557399,0.21166148966581783,0.16457418477678326,0.041841016645182735,0.05910531818189257,0.08954900587216075,0.82
1557,19.285714285714285,1583.3333333333335,106.81818181818183,2035,modest,moderate_re,1.8,solved,2002518309555.0527,581.642601497258,568.2621032026776,1.8010000000000006,0.1377864595585281,598.706182612764,1.5326657972139712,0.6245937128410959,0.21083210238212086,0.16457418477678326,0.04109456808985539,0.05910531818189257,0.08954900587216075,1.122
1558,19.285714285714285,1583.3333333333335,115.90909090909092,2035,modest,moderate_re,1.8,solved,2004335613253.0781,581.5546608408008,568.7778062635037,1.8010000000000002,0.1319628506484656,598.2492981482667,1.5373604735584347,0.6245937128410959,0.21083210238212086,0.16457418477678326,0.04109456808985539,0.05910531818189257,0.08954900587216075,0.773
1559,19.285714285714285,1583.3333333333335,125.0,2035,modest,moderate_re,1.8,solved,2006063690820.0496,581.5238784041687,569.2681892917232,1.801,0.1257503707244498,597.7028111234835,1.5419430352698413,0.6253509997608463,0.21007481546237028,0.16457418477678326,0.04041300986207995,0.05910531818189257,0.08954900587216075,0.729
1560,19.285714285714285,1729.1666666666667,25.0,2035,modest,moderate_re,1.8,solved,1974166868297.278,585.5350103548775,560.2167087805162,1.8010000000000004,0.24103335629279796,631.6163793302088,1.3201620486737389,0.5859536748310317,0.24947214039218513,0.16457418477678326,0.07587060229891324,0.05910531818189257,0.08954900587216075,0.381
1561,19.285714285714285,1729.1666666666667,34.09090909090909,2035,modest,moderate_re,1.8,solved,1980169878701.483,585.9173409430604,561.9202054734374,1.8010000000000004,0.23207304369417864,623.5705792461124,1.387029663489256,0.591432880003663,0.24399293521955384,0.16457418477678326,0.07093931764354508,0.05910531818189257,0.08954900587216075,0.382
1562,19.285714285714285,1729.1666666666667,43.18181818181819,2035,modest,moderate_re,1.8,solved,1985117950884.3674,585.928952108762,563.32433840547,1.801,0.20936133518495978,618.7571577523162,1.4117281486705193,0.5991344976981501,0.23629131752506674,0.16457418477678326,0.06400786171850671,0.05910531818189257,0.08954900587216075,0.48
1563,19.285714285714285,1729.1666666666667,52.27272727272727,2035,modest,moderate_re,1.8,solved,1989326610367.7852,585.3706796758196,564.518645432926,1.801,0.19874481741410718,610.4923476564377,1.4511207675469726,0.6026378300106352,0.2327879852125815,0.16457418477678326,0.060854862637269996,0.05910531818189257,0.08954900587216075,0.963
1564,19.285714285714285,1729.1666666666667,61.36363636363637,2035,modest,moderate_re,1.8,solved,1993082169088.3853,585.1179668337231,565.5843743638857,1.801,0.1801804144452173,608.4561441552437,1.4665238270407746,0.6093604983512647,0.2260653168719518,0.16457418477678326,0.05480446113070331,0.05910531818189257,0.08954900587216075,0.586
1565,19.285714285714285,1729.1666666666667,70.45454545454547,2035,modest,moderate_re,1.8,solved,1996231466594.9387,584.5764655127962,566.478062284813,1.801,0.17249809851954828,605.1684412423192,1.492019492930999,0.610749975689143,0.2246758395340736,0.16457418477678326,0.053553931526613,0.05910531818189257,0.08954900587216075,0.907
1566,19.285714285714285,1729.1666666666667,79.54545454545455,2035,modest,moderate_re,1.8,solved,1999106980905.187,584.6909032082822,567.2940577251214,1.8010000000000002,0.16129801974746916,608.6561349518364,1.4912787144420756,0.6235775116515584,0.21184830357165813,0.16457418477678326,0.04200914916043903,0.05910531818189257,0.08954900587216075,0.694
1567,19.285714285714285,1729.1666666666667,88.63636363636364,2035,modest,moderate_re,1.8,solved,2001617268057.8376,583.7472137224548,568.0064112902305,1.8010000000000002,0.15202943892605406,604.1654678232325,1.5124181657106532,0.623764325557399,0.21166148966581783,0.16457418477678326,0.041841016645182735,0.05910531818189257,0.08954900587216075,0.687
1568,19.285714285714285,1729.1666666666667,97.72727272727273,2035,modest,moderate_re,1.8,solved,2003900729227.991,584.0575399266831,568.6543975987408,1.8009999999999995,0.14663674046500208,603.715421586081,1.5177566196851857,0.623764325557399,0.21166148966581783,0.16457418477678326,0.041841016645182735,0.05910531818189257,0.08954900587216075,0.367
1569,19.285714285714285,1729.1666666666667,106.81818181818183,2035,modest,moderate_re,1.8,solved,2006009297688.4702,583.0535303558564,569.2527539495325,1.8010000000000006,0.1377864595585281,601.5880080963515,1.5326657972139712,0.6245937128410959,0.21083210238212086,0.16457418477678326,0.04109456808985539,0.05910531818189257,0.08954900587216075,0.386
1570,19.285714285714285,1729.1666666666667,115.90909090909092,2035,modest,moderate_re,1.8,solved,2007827389996.5144,582.9657466047352,569.7686807971703,1.8010000000000002,0.1319628506484656,601.1311236318544,1.5373604735584347,0.6245937128410959,0.21083210238212086,0.16457418477678326,0.04109456808985539,0.05910531818189257,0.08954900587216075,0.467
1571,19.285714285714285,1729.1666666666667,125.0,2035,modest,moderate_re,1.8,solved,2009557683599.7036,582.9358004362193,570.2596926782677,1.801,0.1257503707244498,600.5860722968564,1.5419430352698413,0.6253509997608463,0.21007481546237028,0.16457418477678326,0.04041300986207995,0.05910531818189257,0.08954900587216075,0.299
1572,19.285714285714285,1875.0,25.0,2035,modest,moderate_re,1.8,solved,1977578214009.0068,586.914469968247,561.1847590997811,1.8010000000000004,0.24103335629279796,634.4249497417355,1.3201620486737389,0.5859536748310317,0.24947214039218513,0.16457418477678326,0.07587060229891324,0.05910531818189257,0.08954900587216075,0.678
1573,19.285714285714285,1875.0,34.09090909090909,2035,modest,moderate_re,1.8,solved,1983593164201.7974,587.2627056195098,562.8916439911227,1.8010000000000004,0.23050290675853916,625.84389926958,1.3916475648031221,0.5901957264759735,0.245230088747243,0.16457418477678326,0.07205275581846536,0.05910531818189257,0.08954900587216075,0.681
1574,19.285714285714285,1875.0,43.18181818181819,2035,modest,moderate_re,1.8,solved,1988564012330.87,587.3221986397187,564.3022401385085,1.801,0.20936133518495964,621.5907168071955,1.4117281486705195,0.5991344976981501,0.23629131752506674,0.16457418477678326,0.06400786171850671,0.05910531818189257,0.08954900587216075,0.356
1575,19.285714285714285,1875.0,52.27272727272727,2035,modest,moderate_re,1.8,solved,1992782002357.5334,586.7855805476341,565.4991949290853,1.8010000000000004,0.1989296103250567,613.3542530852234,1.4510126527259748,0.6025440464532008,0.23288176877001598,0.16457418477678326,0.06093926783896103,0.05910531818189257,0.08954900587216075,0.353
1576,19.285714285714285,1875.0,61.36363636363637,2035,modest,moderate_re,1.8,solved,1996555728370.187,586.5220283930156,566.570079260394,1.801,0.1801804144452173,611.3090900030277,1.4665238270407746,0.6093604983512647,0.2260653168719518,0.16457418477678326,0.05480446113070331,0.05910531818189257,0.08954900587216075,0.718
1577,19.285714285714285,1875.0,70.45454545454547,2035,modest,moderate_re,1.8,solved,1999709051299.7224,585.9820544840283,567.464909490642,1.8010000000000004,0.17249809851954714,608.0240213075562,1.4920194929309998,0.610749975689143,0.2246758395340736,0.16457418477678326,0.053553931526613,0.05910531818189257,0.08954900587216075,0.932
1578,19.285714285714285,1875.0,79.54545454545455,2035,modest,moderate_re,1.8,solved,2002594371422.2883,586.100596723759,568.2836875629516,1.8010000000000002,0.16129801974746916,611.5360338873355,1.4912787144420756,0.6235775116515584,0.21184830357165813,0.16457418477678326,0.04200914916043903,0.05910531818189257,0.08954900587216075,0.603
1579,19.285714285714285,1875.0,88.63636363636364,2035,modest,moderate_re,1.8,solved,2005104998087.9727,585.2062159042905,568.996137472943,1.801,0.15243960780730603,607.0865883090848,1.5122540428216664,0.6235775116515584,0.21184830357165813,0.16457418477678326,0.04200914916043903,0.05910531818189257,0.08954900587216075,0.832
1580,19.285714285714285,1875.0,97.72727272727273,2035,modest,moderate_re,1.8,solved,2007388666415.5417,585.4674397398117,569.6441825672872,1.8009999999999995,0.14663674046500208,606.5956746896101,1.5177566196851857,0.623764325557399,0.21166148966581783,0.16457418477678326,0.041841016645182735,0.05910531818189257,0.08954900587216075,0.66
1581,19.285714285714285,1875.0,106.81818181818183,2035,modest,moderate_re,1.8,solved,2009500255486.1338,584.683109712348,570.2433960878972,1.8010000000000004,0.13939384256595816,604.6697081309054,1.5314427238027608,0.6245937128410959,0.21083210238212086,0.16457418477678326,0.04109456808985539,0.05910531818189257,0.08954900587216075,1.004
1582,19.285714285714285,1875.0,115.90909090909092,2035,modest,moderate_re,1.8,solved,2011319166739.9507,584.3768323686692,570.759555330837,1.8010000000000002,0.1319628506484656,604.0129491154419,1.5373604735584347,0.6245937128410959,0.21083210238212086,0.16457418477678326,0.04109456808985539,0.05910531818189257,0.08954900587216075,0.798
1583,19.285714285714285,1875.0,125.0,2035,modest,moderate_re,1.8,solved,2013051676379.3574,584.3477224682703,571.2511960648121,1.801,0.1257503707244498,603.4693334702295,1.5419430352698413,0.6253509997608463,0.21007481546237028,0.16457418477678326,0.04041300986207995,0.05910531818189257,0.08954900587216075,0.545
1584,19.285714285714285,2020.8333333333335,25.0,2035,modest,moderate_re,1.8,solved,1980989239840.351,588.311187269948,562.1527186453939,1.801,0.2413650903124874,637.2227705881093,1.320315764053616,0.5857860183788912,0.24963979684432538,0.16457418477678326,0.07602149310583958,0.05910531818189257,0.08954900587216075,0.29
1585,19.285714285714285,2020.8333333333335,34.09090909090909,2035,modest,moderate_re,1.8,solved,1987015660371.7053,588.6465962717787,563.8628585175692,1.8010000000000002,0.2305029067585394,628.6605119040171,1.391647564803122,0.5901957264759735,0.245230088747243,0.16457418477678326,0.07205275581846536,0.05910531818189257,0.08954900587216075,0.719
1586,19.285714285714285,2020.8333333333335,43.18181818181819,2035,modest,moderate_re,1.8,solved,1992010073777.3726,588.7154451706751,565.280141871547,1.801,0.20936133518495978,624.4242758620745,1.4117281486705193,0.5991344976981501,0.23629131752506674,0.16457418477678326,0.06400786171850671,0.05910531818189257,0.08954900587216075,0.809
1587,19.285714285714285,2020.8333333333335,52.27272727272727,2035,modest,moderate_re,1.8,solved,1996237215703.9075,588.1824290213832,566.4796937309468,1.8010000000000004,0.1989296103250567,616.1942760762837,1.4510126527259748,0.6025440464532008,0.23288176877001598,0.16457418477678326,0.06093926783896103,0.05910531818189257,0.08954900587216075,0.775
1588,19.285714285714285,2020.8333333333335,61.36363636363637,2035,modest,moderate_re,1.8,solved,2000029287651.9888,587.9260899523081,567.5557841569022,1.801,0.1801804144452173,614.1620358508117,1.4665238270407746,0.6093604983512647,0.2260653168719518,0.16457418477678326,0.05480446113070331,0.05910531818189257,0.08954900587216075,0.274
1589,19.285714285714285,2020.8333333333335,70.45454545454547,2035,modest,moderate_re,1.8,solved,2003186636004.5068,587.3876434552609,568.4517566964712,1.801,0.17249809851954828,610.8796013727933,1.492019492930999,0.610749975689143,0.2246758395340736,0.16457418477678326,0.053553931526613,0.05910531818189257,0.08954900587216075,0.919
1590,19.285714285714285,2020.8333333333335,79.54545454545455,2035,modest,moderate_re,1.8,solved,2006081761939.3892,587.5102902392357,569.2733174007817,1.8010000000000002,0.16129801974746916,614.4159328228349,1.4912787144420756,0.6235775116515584,0.21184830357165813,0.16457418477678326,0.04200914916043903,0.05910531818189257,0.08954900587216075,0.362
1591,19.285714285714285,2020.8333333333335,88.63636363636364,2035,modest,moderate_re,1.8,solved,2008592388605.073,586.6159094197673,569.985767310773,1.801,0.15243960780730603,609.9664872445842,1.5122540428216664,0.6235775116515584,0.21184830357165813,0.16457418477678326,0.04200914916043903,0.05910531818189257,0.08954900587216075,0.557
1592,19.285714285714285,2020.8333333333335,97.72727272727273,2035,modest,moderate_re,1.8,solved,2010876603603.0928,586.8773395529397,570.6339675358337,1.8009999999999995,0.14663674046500208,609.475927793139,1.5177566196851857,0.623764325557399,0.21166148966581783,0.16457418477678326,0.041841016645182735,0.05910531818189257,0.08954900587216075,0.37
1593,19.285714285714285,2020.8333333333335,106.81818181818183,2035,modest,moderate_re,1.8,solved,2012990826900.5586,586.0939578813892,571.2339285808465,1.8010000000000004,0.13939384256595816,607.5515336144932,1.5314427238027608,0.6245937128410959,0.21083210238212086,0.16457418477678326,0.04109456808985539,0.05910531818189257,0.08954900587216075,0.47
1594,19.285714285714285,2020.8333333333335,115.90909090909092,2035,modest,moderate_re,1.8,solved,2014810943483.3872,585.7879181326035,571.7504298645038,1.8010000000000002,0.1319628506484656,606.8947745990296,1.5373604735584347,0.6245937128410959,0.21083210238212086,0.16457418477678326,0.04109456808985539,0.05910531818189257,0.08954900587216075,0.613
1595,19.285714285714285,2020.8333333333335,125.0,2035,modest,moderate_re,1.8,solved,2016545669159.0107,585.7596445003209,572.2426994513564,1.801,0.1257503707244498,606.3525946436024,1.5419430352698413,0.6253509997608463,0.21007481546237028,0.16457418477678326,0.04041300986207995,0.05910531818189257,0.08954900587216075,0.544
1596,19.285714285714285,2166.666666666667,25.0,2035,modest,moderate_re,1.8,solved,1984400138123.7366,589.6904703328198,563.1206419962459,1.801,0.2413650903124874,640.0310231509455,1.320315764053616,0.5857860183788912,0.24963979684432538,0.16457418477678326,0.07602149310583958,0.05910531818189257,0.08954900587216075,0.352
1597,19.285714285714285,2166.666666666667,34.09090909090909,2035,modest,moderate_re,1.8,solved,1990434272055.3792,590.9916036163125,564.8329707288425,1.801,0.24078001694971385,633.2028346591342,1.3811614196449844,0.5847165213033423,0.2507092939198743,0.16457418477678326,0.07698404047383352,0.05910531818189257,0.08954900587216075,0.35
1598,19.285714285714285,2166.666666666667,43.18181818181819,2035,modest,moderate_re,1.8,solved,1995456135223.8748,590.1086917016319,566.2580436045854,1.801,0.20936133518495978,627.2578349169536,1.4117281486705193,0.5991344976981501,0.23629131752506674,0.16457418477678326,0.06400786171850671,0.05910531818189257,0.08954900587216075,0.483
1599,19.285714285714285,2166.666666666667,52.27272727272727,2035,modest,moderate_re,1.8,solved,1999690951140.5308,590.059501885183,567.4597731408361,1.801,0.20367705360174762,619.603705847753,1.4480331493852232,0.6002545790032204,0.23517123621999617,0.16457418477678326,0.06299978854394331,0.05910531818189257,0.08954900587216075,0.343
1600,19.285714285714285,2166.666666666667,61.36363636363637,2035,modest,moderate_re,1.8,solved,2003497526777.2236,589.9111712297513,568.5399793327025,1.8010000000000002,0.18551803329601438,615.9603701792607,1.4638306307198423,0.6063000891429596,0.22912572608025697,0.16457418477678326,0.05755882941817804,0.05910531818189257,0.08954900587216075,0.37
1601,19.285714285714285,2166.666666666667,70.45454545454547,2035,modest,moderate_re,1.8,solved,2006664220709.291,588.7932324264931,569.4386039023003,1.801,0.17249809851954828,613.7351814380306,1.492019492930999,0.610749975689143,0.2246758395340736,0.16457418477678326,0.053553931526613,0.05910531818189257,0.08954900587216075,0.47
1602,19.285714285714285,2166.666666666667,79.54545454545455,2035,modest,moderate_re,1.8,solved,2009569152456.4897,588.9199837547121,570.2629472386118,1.8010000000000002,0.16129801974746916,617.2958317583337,1.4912787144420756,0.6235775116515584,0.21184830357165813,0.16457418477678326,0.04200914916043903,0.05910531818189257,0.08954900587216075,1.213
1603,19.285714285714285,2166.666666666667,88.63636363636364,2035,modest,moderate_re,1.8,solved,2012079779122.174,588.0256029352439,570.9753971486031,1.801,0.15243960780730603,612.8463861800834,1.5122540428216664,0.6235775116515584,0.21184830357165813,0.16457418477678326,0.04200914916043903,0.05910531818189257,0.08954900587216075,0.622
1604,19.285714285714285,2166.666666666667,97.72727272727273,2035,modest,moderate_re,1.8,solved,2014364540790.6443,588.287239366068,571.6237525043803,1.8009999999999995,0.14663674046500208,612.356180896668,1.5177566196851857,0.623764325557399,0.21166148966581783,0.16457418477678326,0.041841016645182735,0.05910531818189257,0.08954900587216075,0.577
1605,19.285714285714285,2166.666666666667,106.81818181818183,2035,modest,moderate_re,1.8,solved,2016481398314.9846,587.5048060504303,572.2244610737962,1.8010000000000004,0.13939384256595816,610.4333590980807,1.5314427238027608,0.6245937128410959,0.21083210238212086,0.16457418477678326,0.04109456808985539,0.05910531818189257,0.08954900587216075,0.46
1606,19.285714285714285,2166.666666666667,115.90909090909092,2035,modest,moderate_re,1.8,solved,2018302720226.8237,587.1990038965376,572.7413043981704,1.8010000000000002,0.1319628506484656,609.7766000826173,1.5373604735584347,0.6245937128410959,0.21083210238212086,0.16457418477678326,0.04109456808985539,0.05910531818189257,0.08954900587216075,0.268
1607,19.285714285714285,2166.666666666667,125.0,2035,modest,moderate_re,1.8,solved,2020039661938.664,587.1715665323715,573.2342028379006,1.801,0.1257503707244498,609.2358558169753,1.5419430352698413,0.6253509997608463,0.21007481546237028,0.16457418477678326,0.04041300986207995,0.05910531818189257,0.08954900587216075,0.283
1608,19.285714285714285,2312.5,25.0,2035,modest,moderate_re,1.8,solved,1987808828842.0767,591.3157870905904,564.0879388981164,1.8009999999999997,0.24608469306678066,642.6772967992799,1.3225026833539786,0.5834007584829198,0.2520250567402968,0.16457418477678326,0.07816822701221388,0.05910531818189257,0.08954900587216075,0.472
1609,19.285714285714285,2312.5,34.09090909090909,2035,modest,moderate_re,1.8,solved,1993842145753.8013,592.3697243958063,565.8000357819179,1.801,0.24078001694971385,636.0090596337649,1.3811614196449844,0.5847165213033423,0.2507092939198743,0.16457418477678326,0.07698404047383352,0.05910531818189257,0.08954900587216075,0.382
1610,19.285714285714285,2312.5,43.18181818181819,2035,modest,moderate_re,1.8,solved,1998902196670.3774,591.5019382325884,567.2359453376239,1.801,0.20936133518495978,630.0913939718326,1.4117281486705193,0.5991344976981501,0.23629131752506674,0.16457418477678326,0.06400786171850671,0.05910531818189257,0.08954900587216075,0.477
1611,19.285714285714285,2312.5,52.27272727272727,2035,modest,moderate_re,1.8,solved,2003139648046.8367,591.5464061880925,568.4384227481505,1.8010000000000002,0.20416763695089618,622.5149754364878,1.447500001058074,0.6002545790032204,0.23517123621999617,0.16457418477678326,0.06299978854394331,0.05910531818189257,0.08954900587216075,1.001
1612,19.285714285714285,2312.5,61.36363636363637,2035,modest,moderate_re,1.8,solved,2006962234903.99,591.3118713212774,569.5231725038735,1.8010000000000002,0.18551803329601385,618.8075140012537,1.4638306307198432,0.6063000891429596,0.22912572608025697,0.16457418477678326,0.05755882941817804,0.05910531818189257,0.08954900587216075,0.737
1613,19.285714285714285,2312.5,70.45454545454547,2035,modest,moderate_re,1.8,solved,2010141805414.0754,590.1988213977255,570.4254511081296,1.801,0.17249809851954828,616.5907615032677,1.492019492930999,0.610749975689143,0.2246758395340736,0.16457418477678326,0.053553931526613,0.05910531818189257,0.08954900587216075,0.484
1614,19.285714285714285,2312.5,79.54545454545455,2035,modest,moderate_re,1.8,solved,2013056542973.5906,590.3296772701888,571.2525770764419,1.8010000000000002,0.16129801974746916,620.175730693833,1.4912787144420756,0.6235775116515584,0.21184830357165813,0.16457418477678326,0.04200914916043903,0.05910531818189257,0.08954900587216075,0.839
1615,19.285714285714285,2312.5,88.63636363636364,2035,modest,moderate_re,1.8,solved,2015567169639.275,589.4352964507204,571.9650269864333,1.801,0.15243960780730603,615.7262851155822,1.5122540428216664,0.6235775116515584,0.21184830357165813,0.16457418477678326,0.04200914916043903,0.05910531818189257,0.08954900587216075,0.814
1616,19.285714285714285,2312.5,97.72727272727273,2035,modest,moderate_re,1.8,solved,2017852477978.1953,589.6971391791963,572.6135374729266,1.8009999999999995,0.14663674046500208,615.2364340001969,1.5177566196851857,0.623764325557399,0.21166148966581783,0.16457418477678326,0.041841016645182735,0.05910531818189257,0.08954900587216075,0.48
1617,19.285714285714285,2312.5,106.81818181818183,2035,modest,moderate_re,1.8,solved,2019971969729.4102,588.9156542194711,573.2149935667456,1.8010000000000004,0.13939384256595816,613.3151845816683,1.5314427238027608,0.6245937128410959,0.21083210238212086,0.16457418477678326,0.04109456808985539,0.05910531818189257,0.08954900587216075,0.73
1618,19.285714285714285,2312.5,115.90909090909092,2035,modest,moderate_re,1.8,solved,2021794496970.26,588.6100896604719,573.7321789318371,1.8010000000000002,0.1319628506484656,612.6584255662048,1.5373604735584347,0.6245937128410959,0.21083210238212086,0.16457418477678326,0.04109456808985539,0.05910531818189257,0.08954900587216075,0.446
1619,19.285714285714285,2312.5,125.0,2035,modest,moderate_re,1.8,solved,2023531933403.705,588.7543876362735,574.2252177605657,1.8010000000000004,0.12704597777359777,612.2200419134357,1.5417482201417994,0.6245937128410959,0.21083210238212086,0.16457418477678326,0.04109456808985539,0.05910531818189257,0.08954900587216075,0.369
1620,19.285714285714285,2458.3333333333335,25.0,2035,modest,moderate_re,1.8,solved,1991213361531.6003,592.6925583573712,565.0540558606128,1.8009999999999997,0.24608469306678066,645.4810273068967,1.3225026833539786,0.5834007584829198,0.2520250567402968,0.16457418477678326,0.07816822701221388,0.05910531818189257,0.08954900587216075,0.702
1621,19.285714285714285,2458.3333333333335,34.09090909090909,2035,modest,moderate_re,1.8,solved,1997250019452.2236,593.7478451753003,566.7671008349935,1.801,0.24078001694971385,638.8152846083955,1.3811614196449844,0.5847165213033423,0.2507092939198743,0.16457418477678326,0.07698404047383352,0.05910531818189257,0.08954900587216075,0.3
1622,19.285714285714285,2458.3333333333335,43.18181818181819,2035,modest,moderate_re,1.8,solved,2002348258116.8796,592.895184763545,568.2138470706623,1.801,0.20936133518495978,632.9249530267118,1.4117281486705193,0.5991344976981501,0.23629131752506674,0.16457418477678326,0.06400786171850671,0.05910531818189257,0.08954900587216075,0.466
1623,19.285714285714285,2458.3333333333335,52.27272727272727,2035,modest,moderate_re,1.8,solved,2006588296187.9155,592.9407533061037,569.4170585171742,1.8010000000000002,0.20416763695089618,625.350657978841,1.447500001058074,0.6002545790032204,0.23517123621999617,0.16457418477678326,0.06299978854394331,0.05910531818189257,0.08954900587216075,0.486
1624,19.285714285714285,2458.3333333333335,61.36363636363637,2035,modest,moderate_re,1.8,solved,2010424360551.9158,592.9881352465139,570.5056328353745,1.8009999999999993,0.18814716787606856,621.9838161178482,1.4620879935886275,0.6051117367896554,0.23031407843356144,0.16457418477678326,0.058628346536151926,0.05910531818189257,0.08954900587216075,0.362
1625,19.285714285714285,2458.3333333333335,70.45454545454547,2035,modest,moderate_re,1.8,solved,2013619390118.8596,591.6044103689578,571.4122983139587,1.801,0.17249809851954828,619.4463415685047,1.492019492930999,0.610749975689143,0.2246758395340736,0.16457418477678326,0.053553931526613,0.05910531818189257,0.08954900587216075,0.618
1626,19.285714285714285,2458.3333333333335,79.54545454545455,2035,modest,moderate_re,1.8,solved,2016543669151.909,592.1773945049288,572.242131901868,1.8010000000000002,0.16497026957585556,623.4785426049278,1.4892079453736509,0.622062243700563,0.21336357152265376,0.16457418477678326,0.043372890316335025,0.05910531818189257,0.08954900587216075,0.589
1627,19.285714285714285,2458.3333333333335,88.63636363636364,2035,modest,moderate_re,1.8,solved,2019054560156.3757,590.8449899661972,572.9546568242633,1.801,0.15243960780730603,618.6061840510814,1.5122540428216664,0.6235775116515584,0.21184830357165813,0.16457418477678326,0.04200914916043903,0.05910531818189257,0.08954900587216075,0.594
1628,19.285714285714285,2458.3333333333335,97.72727272727273,2035,modest,moderate_re,1.8,solved,2021340415165.7456,591.1070389923246,573.6033224414729,1.8009999999999995,0.14663674046500208,618.1166871037259,1.5177566196851857,0.623764325557399,0.21166148966581783,0.16457418477678326,0.041841016645182735,0.05910531818189257,0.08954900587216075,0.732
1629,19.285714285714285,2458.3333333333335,106.81818181818183,2035,modest,moderate_re,1.8,solved,2023462541143.8354,590.3265023885122,574.2055260596951,1.8010000000000004,0.13939384256595816,616.197010065256,1.5314427238027608,0.6245937128410959,0.21083210238212086,0.16457418477678326,0.04109456808985539,0.05910531818189257,0.08954900587216075,0.461
1630,19.285714285714285,2458.3333333333335,115.90909090909092,2035,modest,moderate_re,1.8,solved,2025286273713.6963,590.0211754244059,574.7230534655038,1.8010000000000002,0.1319628506484656,615.5402510497923,1.5373604735584347,0.6245937128410959,0.21083210238212086,0.16457418477678326,0.04109456808985539,0.05910531818189257,0.08954900587216075,0.371
1631,19.285714285714285,2458.3333333333335,125.0,2035,modest,moderate_re,1.8,solved,2027023710147.141,590.1654734002077,575.2160922942322,1.8010000000000004,0.12704597777359777,615.1018673970232,1.5417482201417994,0.6245937128410959,0.21083210238212086,0.16457418477678326,0.04109456808985539,0.05910531818189257,0.08954900587216075,0.273
1632,19.285714285714285,2604.166666666667,25.0,2035,modest,moderate_re,1.8,solved,1994617894221.1238,594.069329624152,566.0201728231093,1.8009999999999997,0.24608469306678066,648.2847578145137,1.3225026833539786,0.5834007584829198,0.2520250567402968,0.16457418477678326,0.07816822701221388,0.05910531818189257,0.08954900587216075,0.248
1633,19.285714285714285,2604.166666666667,34.09090909090909,2035,modest,moderate_re,1.8,solved,2000657893150.6465,595.1259659547941,567.7341658880691,1.801,0.24078001694971385,641.6215095830261,1.3811614196449844,0.5847165213033423,0.2507092939198743,0.16457418477678326,0.07698404047383352,0.05910531818189257,0.08954900587216075,0.289
1634,19.285714285714285,2604.166666666667,43.18181818181819,2035,modest,moderate_re,1.8,solved,2005794319563.3818,594.2884312945016,569.1917488037006,1.801,0.20936133518495978,635.7585120815909,1.4117281486705193,0.5991344976981501,0.23629131752506674,0.16457418477678326,0.06400786171850671,0.05910531818189257,0.08954900587216075,0.271
1635,19.285714285714285,2604.166666666667,52.27272727272727,2035,modest,moderate_re,1.8,solved,2010036944328.9941,594.3351004241144,570.3956942861978,1.8010000000000002,0.20416763695089618,628.1863405211944,1.447500001058074,0.6002545790032204,0.23517123621999617,0.16457418477678326,0.06299978854394331,0.05910531818189257,0.08954900587216075,0.262
1636,19.285714285714285,2604.166666666667,61.36363636363637,2035,modest,moderate_re,1.8,solved,2013885673080.0823,594.3875376142938,571.4878624248432,1.8009999999999993,0.18814716787606856,624.828707021838,1.4620879935886275,0.6051117367896554,0.23031407843356144,0.16457418477678326,0.058628346536151926,0.05910531818189257,0.08954900587216075,0.804
1637,19.285714285714285,2604.166666666667,70.45454545454547,2035,modest,moderate_re,1.8,solved,2017096750303.1494,593.0567403699376,572.3990818067682,1.8009999999999995,0.17295093100600123,622.3492345276602,1.4917929766069449,0.6105421951986235,0.22488362002459328,0.16457418477678326,0.053740933968080634,0.05910531818189257,0.08954900587216075,0.385
1638,19.285714285714285,2604.166666666667,79.54545454545455,2035,modest,moderate_re,1.8,solved,2020026625565.4084,593.5854147176685,573.2305034575509,1.8010000000000002,0.16497026957585556,626.3555688449364,1.4892079453736509,0.622062243700563,0.21336357152265376,0.16457418477678326,0.043372890316335025,0.05910531818189257,0.08954900587216075,0.265
1639,19.285714285714285,2604.166666666667,88.63636363636364,2035,modest,moderate_re,1.8,solved,2022541950673.4768,592.2546834816739,573.9442866620935,1.801,0.15243960780730603,621.4860829865808,1.5122540428216664,0.6235775116515584,0.21184830357165813,0.16457418477678326,0.04200914916043903,0.05910531818189257,0.08954900587216075,0.354
1640,19.285714285714285,2604.166666666667,97.72727272727273,2035,modest,moderate_re,1.8,solved,2024828352353.2961,592.516938805453,574.5931074100191,1.8009999999999995,0.14663674046500208,620.9969402072546,1.5177566196851857,0.623764325557399,0.21166148966581783,0.16457418477678326,0.041841016645182735,0.05910531818189257,0.08954900587216075,0.95
1641,19.285714285714285,2604.166666666667,106.81818181818183,2035,modest,moderate_re,1.8,solved,2026952858630.616,591.9644549128532,575.195986494648,1.8010000000000002,0.14124618522326982,619.2377800379426,1.5308701172368901,0.623764325557399,0.21166148966581783,0.16457418477678326,0.041841016645182735,0.05910531818189257,0.08954900587216075,0.358
1642,19.285714285714285,2604.166666666667,115.90909090909092,2035,modest,moderate_re,1.8,solved,2028778050457.1328,591.4322611883402,575.7139279991704,1.8010000000000002,0.1319628506484656,618.42207653338,1.5373604735584347,0.6245937128410959,0.21083210238212086,0.16457418477678326,0.04109456808985539,0.05910531818189257,0.08954900587216075,0.651
1643,19.285714285714285,2604.166666666667,125.0,2035,modest,moderate_re,1.8,solved,2030515486890.5774,591.5765591641419,576.2069668278989,1.8010000000000004,0.12704597777359777,617.9836928806109,1.5417482201417994,0.6245937128410959,0.21083210238212086,0.16457418477678326,0.04109456808985539,0.05910531818189257,0.08954900587216075,0.256
1644,19.285714285714285,2750.0,25.0,2035,modest,moderate_re,1.8,solved,1998019845110.3625,595.4843818558487,566.985557138492,1.801,0.24438990073593905,650.9974390341453,1.323636964331823,0.5821636049552307,0.25326221026798595,0.16457418477678326,0.07928166518713406,0.05910531818189257,0.08954900587216075,0.395
1645,19.285714285714285,2750.0,34.09090909090909,2035,modest,moderate_re,1.8,solved,2004065766849.0684,596.5040867342881,568.7012309411446,1.801,0.24078001694971385,644.4277345576567,1.3811614196449844,0.5847165213033423,0.2507092939198743,0.16457418477678326,0.07698404047383352,0.05910531818189257,0.08954900587216075,0.649
1646,19.285714285714285,2750.0,43.18181818181819,2035,modest,moderate_re,1.8,solved,2009237630095.558,595.990989153944,570.1688698995019,1.8010000000000002,0.21260690959311382,639.0296560100109,1.4092219801373023,0.5974191908587022,0.2380066243645143,0.16457418477678326,0.06555163787400967,0.05910531818189257,0.08954900587216075,0.497
1647,19.285714285714285,2750.0,52.27272727272727,2035,modest,moderate_re,1.8,solved,2013485592470.0728,595.7294475421259,571.3743300552214,1.8009999999999995,0.20416763695089682,631.0220230635481,1.447500001058073,0.6002545790032204,0.23517123621999617,0.16457418477678326,0.06299978854394331,0.05910531818189257,0.08954900587216075,0.938
1648,19.285714285714285,2750.0,61.36363636363637,2035,modest,moderate_re,1.8,solved,2017346985608.2483,595.7869399820738,572.4700920143117,1.8009999999999993,0.18814716787606856,627.6735979258284,1.4620879935886275,0.6051117367896554,0.23031407843356144,0.16457418477678326,0.058628346536151926,0.05910531818189257,0.08954900587216075,0.322
1649,19.285714285714285,2750.0,70.45454545454547,2035,modest,moderate_re,1.8,solved,2020571183354.8022,595.1854996728647,573.385034656212,1.8010000000000004,0.17955980660449217,625.9030070380182,1.4883614043673488,0.6075870102419769,0.22783880498123965,0.16457418477678326,0.05640060042906237,0.05910531818189257,0.08954900587216075,0.693
1650,19.285714285714285,2750.0,79.54545454545455,2035,modest,moderate_re,1.8,solved,2023509581978.9082,594.9934349304084,574.218875013234,1.8010000000000002,0.16497026957585556,629.232595084945,1.4892079453736509,0.622062243700563,0.21336357152265376,0.16457418477678326,0.043372890316335025,0.05910531818189257,0.08954900587216075,0.39
1651,19.285714285714285,2750.0,88.63636363636364,2035,modest,moderate_re,1.8,solved,2026029341190.5774,593.6643769971504,574.9339164999235,1.801,0.15243960780730603,624.3659819220796,1.5122540428216664,0.6235775116515584,0.21184830357165813,0.16457418477678326,0.04200914916043903,0.05910531818189257,0.08954900587216075,0.926
1652,19.285714285714285,2750.0,97.72727272727273,2035,modest,moderate_re,1.8,solved,2028316289540.8477,593.9268386185813,575.5828923785657,1.8009999999999995,0.14663674046500208,623.8771933107836,1.5177566196851857,0.623764325557399,0.21166148966581783,0.16457418477678326,0.041841016645182735,0.05910531818189257,0.08954900587216075,0.283
1653,19.285714285714285,2750.0,106.81818181818183,2035,modest,moderate_re,1.8,solved,2030440972175.2073,593.3743823600877,576.1858215086907,1.8010000000000002,0.14124618522326982,622.1180331414715,1.5308701172368901,0.623764325557399,0.21166148966581783,0.16457418477678326,0.041841016645182735,0.05910531818189257,0.08954900587216075,0.881
1654,19.285714285714285,2750.0,115.90909090909092,2035,modest,moderate_re,1.8,solved,2032269827200.5688,592.8433469522744,576.7048025328371,1.8010000000000002,0.1319628506484656,621.3039020169676,1.5373604735584347,0.6245937128410959,0.21083210238212086,0.16457418477678326,0.04109456808985539,0.05910531818189257,0.08954900587216075,0.492
1655,19.285714285714285,2750.0,125.0,2035,modest,moderate_re,1.8,solved,2034007263634.0132,592.9876449280762,577.1978413615653,1.8010000000000004,0.12704597777359777,620.8655183641985,1.5417482201417994,0.6245937128410959,0.21083210238212086,0.16457418477678326,0.04109456808985539,0.05910531818189257,0.08954900587216075,0.851
1656,19.285714285714285,2895.8333333333335,25.0,2035,modest,moderate_re,1.8,solved,2001420905786.5803,596.8598142887543,567.9506888347994,1.801,0.24438990073593905,653.7988241048657,1.323636964331823,0.5821636049552307,0.25326221026798595,0.16457418477678326,0.07928166518713406,0.05910531818189257,0.08954900587216075,0.356
1657,19.285714285714285,2895.8333333333335,34.09090909090909,2035,modest,moderate_re,1.8,solved,2007473640547.4907,597.8822075137822,569.6682959942201,1.801,0.24078001694971385,647.2339595322873,1.3811614196449844,0.5847165213033423,0.2507092939198743,0.16457418477678326,0.07698404047383352,0.05910531818189257,0.08954900587216075,0.708
1658,19.285714285714285,2895.8333333333335,43.18181818181819,2035,modest,moderate_re,1.8,solved,2012678841449.7349,597.3841025256779,571.1453953037185,1.8010000000000002,0.21233679547488724,642.3799628761591,1.4101270162145667,0.5970648412805696,0.23836097394264727,0.16457418477678326,0.06587055249432917,0.05910531818189257,0.08954900587216075,0.432
1659,19.285714285714285,2895.8333333333335,52.27272727272727,2035,modest,moderate_re,1.8,solved,2016934240611.1511,597.1237946601367,572.3529658242451,1.8010000000000002,0.20416763695089618,633.857705605901,1.447500001058074,0.6002545790032204,0.23517123621999617,0.16457418477678326,0.06299978854394331,0.05910531818189257,0.08954900587216075,0.364
1660,19.285714285714285,2895.8333333333335,61.36363636363637,2035,modest,moderate_re,1.8,solved,2020804821935.2395,597.5373107010302,573.4513351491838,1.801,0.19187328477626306,630.9201175575853,1.460280942302797,0.6027210280481988,0.23270478717501766,0.16457418477678326,0.06077998440346269,0.05910531818189257,0.08954900587216075,0.881
1661,19.285714285714285,2895.8333333333335,70.45454545454547,2035,modest,moderate_re,1.8,solved,2024039545145.5586,596.5876014429748,574.3692646412657,1.8010000000000004,0.17955980660449217,628.7525906479285,1.4883614043673488,0.6075870102419769,0.22783880498123965,0.16457418477678326,0.05640060042906237,0.05910531818189257,0.08954900587216075,0.471
1662,19.285714285714285,2895.8333333333335,79.54545454545455,2035,modest,moderate_re,1.8,solved,2026992538392.407,596.4014551431483,575.2072465689166,1.8010000000000002,0.16497026957585556,632.1096213249539,1.4892079453736509,0.622062243700563,0.21336357152265376,0.16457418477678326,0.043372890316335025,0.05910531818189257,0.08954900587216075,0.396
1663,19.285714285714285,2895.8333333333335,88.63636363636364,2035,modest,moderate_re,1.8,solved,2029516731707.6792,595.0740705126271,575.9235463377539,1.801,0.15243960780730603,627.2458808575789,1.5122540428216664,0.6235775116515584,0.21184830357165813,0.16457418477678326,0.04200914916043903,0.05910531818189257,0.08954900587216075,0.59
1664,19.285714285714285,2895.8333333333335,97.72727272727273,2035,modest,moderate_re,1.8,solved,2031804226728.3987,595.3367384317094,576.5726773471121,1.8009999999999995,0.14663674046500208,626.7574464143128,1.5177566196851857,0.623764325557399,0.21166148966581783,0.16457418477678326,0.041841016645182735,0.05910531818189257,0.08954900587216075,0.27
1665,19.285714285714285,2895.8333333333335,106.81818181818183,2035,modest,moderate_re,1.8,solved,2033929085719.7983,594.784309807322,577.1756565227333,1.8010000000000002,0.14124618522326982,624.9982862450006,1.5308701172368901,0.623764325557399,0.21166148966581783,0.16457418477678326,0.041841016645182735,0.05910531818189257,0.08954900587216075,0.603
1666,19.285714285714285,2895.8333333333335,115.90909090909092,2035,modest,moderate_re,1.8,solved,2035761603944.0051,594.2544327162087,577.6956770665038,1.8010000000000002,0.1319628506484656,624.1857275005553,1.5373604735584347,0.6245937128410959,0.21083210238212086,0.16457418477678326,0.04109456808985539,0.05910531818189257,0.08954900587216075,0.49
1667,19.285714285714285,2895.8333333333335,125.0,2035,modest,moderate_re,1.8,solved,2037499040377.4504,594.3987306920104,578.1887158952323,1.8010000000000004,0.12704597777359777,623.7473438477862,1.5417482201417994,0.6245937128410959,0.21083210238212086,0.16457418477678326,0.04109456808985539,0.05910531818189257,0.08954900587216075,0.396
1668,19.285714285714285,3041.666666666667,25.0,2035,modest,moderate_re,1.8,solved,2004821966462.7986,598.2352467216595,568.9158205311069,1.801,0.24438990073593905,656.6002091755864,1.323636964331823,0.5821636049552307,0.25326221026798595,0.16457418477678326,0.07928166518713406,0.05910531818189257,0.08954900587216075,0.574
1669,19.285714285714285,3041.666666666667,34.09090909090909,2035,modest,moderate_re,1.8,solved,2010881174267.3857,599.2882891299513,570.6352645703186,1.8010000000000002,0.24109448296779779,650.0910818685485,1.3808405574325933,0.584548864851202,0.2508769503720145,0.16457418477678326,0.07713493128075974,0.05910531818189257,0.08954900587216075,0.58
1670,19.285714285714285,3041.666666666667,43.18181818181819,2035,modest,moderate_re,1.8,solved,2016119379560.0972,598.7751696065426,572.1217296590223,1.8010000000000002,0.21233679547488724,645.2095982074131,1.4101270162145667,0.5970648412805696,0.23836097394264727,0.16457418477678326,0.06587055249432917,0.05910531818189257,0.08954900587216075,0.906
1671,19.285714285714285,3041.666666666667,52.27272727272727,2035,modest,moderate_re,1.8,solved,2020382888752.2302,598.5181417781478,573.3316015932688,1.8010000000000002,0.20416763695089618,636.6933881482544,1.447500001058074,0.6002545790032204,0.23517123621999617,0.16457418477678326,0.06299978854394331,0.05910531818189257,0.08954900587216075,0.559
1672,19.285714285714285,3041.666666666667,61.36363636363637,2035,modest,moderate_re,1.8,solved,2024259754328.0947,598.9341955348166,574.4317542238155,1.801,0.19187328477626306,633.7604760762529,1.460280942302797,0.6027210280481988,0.23270478717501766,0.16457418477678326,0.06077998440346269,0.05910531818189257,0.08954900587216075,0.267
1673,19.285714285714285,3041.666666666667,70.45454545454547,2035,modest,moderate_re,1.8,solved,2027506266868.0085,598.0722539022169,575.3530292180078,1.8010000000000002,0.1804581358220922,629.9704053309632,1.488619394812615,0.6065858523563261,0.2288399628668904,0.16457418477678326,0.05730164252614805,0.05910531818189257,0.08954900587216075,0.56
1674,19.285714285714285,3041.666666666667,79.54545454545455,2035,modest,moderate_re,1.8,solved,2030475494805.9065,597.809475355888,576.1956181245996,1.8010000000000002,0.16497026957585556,634.9866475649625,1.4892079453736509,0.622062243700563,0.21336357152265376,0.16457418477678326,0.043372890316335025,0.05910531818189257,0.08954900587216075,0.886
1675,19.285714285714285,3041.666666666667,88.63636363636364,2035,modest,moderate_re,1.8,solved,2033004122224.7795,596.4837640281036,576.9131761755839,1.801,0.15243960780730603,630.1257797930779,1.5122540428216664,0.6235775116515584,0.21184830357165813,0.16457418477678326,0.04200914916043903,0.05910531818189257,0.08954900587216075,0.283
1676,19.285714285714285,3041.666666666667,97.72727272727273,2035,modest,moderate_re,1.8,solved,2035292163915.949,596.7466382448378,577.5624623156583,1.8009999999999995,0.14663674046500208,629.6376995178417,1.5177566196851857,0.623764325557399,0.21166148966581783,0.16457418477678326,0.041841016645182735,0.05910531818189257,0.08954900587216075,0.275
1677,19.285714285714285,3041.666666666667,106.81818181818183,2035,modest,moderate_re,1.8,solved,2037417199264.39,596.1942372545562,578.1654915367761,1.8010000000000002,0.14124618522326982,627.8785393485294,1.5308701172368901,0.623764325557399,0.21166148966581783,0.16457418477678326,0.041841016645182735,0.05910531818189257,0.08954900587216075,0.788
1678,19.285714285714285,3041.666666666667,115.90909090909092,2035,modest,moderate_re,1.8,solved,2039253380687.4414,595.6655184801429,578.6865516001703,1.8010000000000002,0.1319628506484656,627.0675529841428,1.5373604735584347,0.6245937128410959,0.21083210238212086,0.16457418477678326,0.04109456808985539,0.05910531818189257,0.08954900587216075,0.264
1679,19.285714285714285,3041.666666666667,125.0,2035,modest,moderate_re,1.8,solved,2040990817120.8867,595.8098164559445,579.179590428899,1.8010000000000004,0.12704597777359777,626.6291693313736,1.5417482201417994,0.6245937128410959,0.21083210238212086,0.16457418477678326,0.04109456808985539,0.05910531818189257,0.08954900587216075,0.259
1680,19.285714285714285,3187.5,25.0,2035,modest,moderate_re,1.8,solved,2008223027139.0164,599.6106791545651,569.8809522274142,1.801,0.24438990073593905,659.4015942463071,1.323636964331823,0.5821636049552307,0.25326221026798595,0.16457418477678326,0.07928166518713406,0.05910531818189257,0.08954900587216075,0.491
1681,19.285714285714285,3187.5,34.09090909090909,2035,modest,moderate_re,1.8,solved,2014288600537.4656,600.6662333589479,571.6022026549815,1.8010000000000002,0.24109448296779804,652.8969889944887,1.380840557432593,0.584548864851202,0.2508769503720145,0.16457418477678326,0.07713493128075974,0.05910531818189257,0.08954900587216075,0.584
1682,19.285714285714285,3187.5,43.18181818181819,2035,modest,moderate_re,1.8,solved,2019559917670.4595,600.1662366874071,573.098064014326,1.8010000000000002,0.21233679547488724,648.0392335386674,1.4101270162145667,0.5970648412805696,0.23836097394264727,0.16457418477678326,0.06587055249432917,0.05910531818189257,0.08954900587216075,0.685
1683,19.285714285714285,3187.5,52.27272727272727,2035,modest,moderate_re,1.8,solved,2023831536893.3088,599.9124888961591,574.3102373622925,1.8010000000000002,0.20416763695089618,639.5290706906076,1.447500001058074,0.6002545790032204,0.23517123621999617,0.16457418477678326,0.06299978854394331,0.05910531818189257,0.08954900587216075,0.485
1684,19.285714285714285,3187.5,61.36363636363637,2035,modest,moderate_re,1.8,solved,2027714686720.9495,600.331080368603,575.412173298447,1.801,0.1918732847762633,636.6008345949207,1.4602809423027965,0.6027210280481988,0.23270478717501766,0.16457418477678326,0.06077998440346269,0.05910531818189257,0.08954900587216075,0.574
1685,19.285714285714285,3187.5,70.45454545454547,2035,modest,moderate_re,1.8,solved,2030971701746.1265,599.4732505733677,576.3364286221255,1.8010000000000002,0.1804581358220922,632.8180909123818,1.488619394812615,0.6065858523563261,0.2288399628668904,0.16457418477678326,0.05730164252614805,0.05910531818189257,0.08954900587216075,0.376
1686,19.285714285714285,3187.5,79.54545454545455,2035,modest,moderate_re,1.8,solved,2033956725769.9531,599.1558557671935,577.1835000430441,1.8010000000000013,0.16654467705345313,633.3601284696505,1.4974434986244538,0.6116856607064997,0.2237401545167172,0.16457418477678326,0.05271181501099212,0.05910531818189257,0.08954900587216075,0.29
1687,19.285714285714285,3187.5,88.63636363636364,2035,modest,moderate_re,1.8,solved,2036491512741.8806,597.8934575435803,577.9028060134141,1.801,0.15243960780730603,633.0056787285773,1.5122540428216664,0.6235775116515584,0.21184830357165813,0.16457418477678326,0.04200914916043903,0.05910531818189257,0.08954900587216075,0.706
1688,19.285714285714285,3187.5,97.72727272727273,2035,modest,moderate_re,1.8,solved,2038780101103.5,598.1565380579661,578.5522472842048,1.8009999999999995,0.14663674046500208,632.5179526213707,1.5177566196851857,0.623764325557399,0.21166148966581783,0.16457418477678326,0.041841016645182735,0.05910531818189257,0.08954900587216075,0.688
1689,19.285714285714285,3187.5,106.81818181818183,2035,modest,moderate_re,1.8,solved,2040905312808.9812,597.6041647017906,579.1553265508188,1.8010000000000002,0.14124618522326982,630.7587924520584,1.5308701172368901,0.623764325557399,0.21166148966581783,0.16457418477678326,0.041841016645182735,0.05910531818189257,0.08954900587216075,0.367
1690,19.285714285714285,3187.5,115.90909090909092,2035,modest,moderate_re,1.8,solved,2042745157430.8777,597.0766042440769,579.677426133837,1.8010000000000002,0.1319628506484656,629.9493784677306,1.5373604735584347,0.6245937128410959,0.21083210238212086,0.16457418477678326,0.04109456808985539,0.05910531818189257,0.08954900587216075,0.522
1691,19.285714285714285,3187.5,125.0,2035,modest,moderate_re,1.8,solved,2044482593864.323,597.2209022198787,580.1704649625656,1.8010000000000004,0.12704597777359777,629.5109948149614,1.5417482201417994,0.6245937128410959,0.21083210238212086,0.16457418477678326,0.04109456808985539,0.05910531818189257,0.08954900587216075,0.481
1692,19.285714285714285,3333.3333333333335,25.0,2035,modest,moderate_re,1.8,solved,2011624087815.2346,600.9861115874703,570.8460839237217,1.801,0.24438990073593905,662.2029793170277,1.323636964331823,0.5821636049552307,0.25326221026798595,0.16457418477678326,0.07928166518713406,0.05910531818189257,0.08954900587216075,0.985
1693,19.285714285714285,3333.3333333333335,34.09090909090909,2035,modest,moderate_re,1.8,solved,2017695466098.265,602.1337443886919,572.5689816250768,1.801,0.2421005271495424,655.8636939554104,1.3798140504545577,0.5840124959321227,0.2514133192910941,0.16457418477678326,0.07761766330793135,0.05910531818189257,0.08954900587216075,0.58
1694,19.285714285714285,3333.3333333333335,43.18181818181819,2035,modest,moderate_re,1.8,solved,2023000455780.8213,601.5573037682719,574.0743983696298,1.8010000000000002,0.21233679547488724,650.8688688699216,1.4101270162145667,0.5970648412805696,0.23836097394264727,0.16457418477678326,0.06587055249432917,0.05910531818189257,0.08954900587216075,0.372
1695,19.285714285714285,3333.3333333333335,52.27272727272727,2035,modest,moderate_re,1.8,solved,2027280185034.387,601.3068360141699,575.288873131316,1.8010000000000002,0.20416763695089618,642.3647532329612,1.447500001058074,0.6002545790032204,0.23517123621999617,0.16457418477678326,0.06299978854394331,0.05910531818189257,0.08954900587216075,1.344
1696,19.285714285714285,3333.3333333333335,61.36363636363637,2035,modest,moderate_re,1.8,solved,2031169201582.2856,601.7537982874962,576.3924738885994,1.8010000000000004,0.19214912519994587,639.4699186732081,1.4601471682410454,0.6025440464532008,0.23288176877001598,0.16457418477678326,0.06093926783896103,0.05910531818189257,0.08954900587216075,1.115
1697,19.285714285714285,3333.3333333333335,70.45454545454547,2035,modest,moderate_re,1.8,solved,2034437136624.2449,600.8742472445183,577.3198280262433,1.8010000000000002,0.1804581358220922,635.6657764938005,1.488619394812615,0.6065858523563261,0.2288399628668904,0.16457418477678326,0.05730164252614805,0.05910531818189257,0.08954900587216075,0.719
1698,19.285714285714285,3333.3333333333335,79.54545454545455,2035,modest,moderate_re,1.8,solved,2037437067093.6692,600.5624810192777,578.1711295049278,1.8010000000000013,0.16654467705345313,636.217482437733,1.4974434986244538,0.6116856607064997,0.2237401545167172,0.16457418477678326,0.05271181501099212,0.05910531818189257,0.08954900587216075,0.717
1699,19.285714285714285,3333.3333333333335,88.63636363636364,2035,modest,moderate_re,1.8,solved,2039978903258.9814,599.303151059057,578.8924358512442,1.801,0.15243960780730603,635.8855776640763,1.5122540428216664,0.6235775116515584,0.21184830357165813,0.16457418477678326,0.04200914916043903,0.05910531818189257,0.08954900587216075,0.892
1700,19.285714285714285,3333.3333333333335,97.72727272727273,2035,modest,moderate_re,1.8,solved,2042268038291.051,599.5664378710944,579.5420322527511,1.8009999999999995,0.14663674046500208,635.3982057248994,1.5177566196851857,0.623764325557399,0.21166148966581783,0.16457418477678326,0.041841016645182735,0.05910531818189257,0.08954900587216075,0.36
1701,19.285714285714285,3333.3333333333335,106.81818181818183,2035,modest,moderate_re,1.8,solved,2044393426353.572,599.014092149025,580.1451615648614,1.8010000000000002,0.14124618522326982,633.6390455555871,1.5308701172368901,0.623764325557399,0.21166148966581783,0.16457418477678326,0.041841016645182735,0.05910531818189257,0.08954900587216075,0.59
1702,19.285714285714285,3333.3333333333335,115.90909090909092,2035,modest,moderate_re,1.8,solved,2046236934174.3142,598.4876900080112,580.6683006675038,1.8010000000000002,0.1319628506484656,632.831203951318,1.5373604735584347,0.6245937128410959,0.21083210238212086,0.16457418477678326,0.04109456808985539,0.05910531818189257,0.08954900587216075,0.273
1703,19.285714285714285,3333.3333333333335,125.0,2035,modest,moderate_re,1.8,solved,2047974370607.759,598.631987983813,581.1613394962322,1.8010000000000004,0.12704597777359777,632.3928202985488,1.5417482201417994,0.6245937128410959,0.21083210238212086,0.16457418477678326,0.04109456808985539,0.05910531818189257,0.08954900587216075,0.267
1704,19.285714285714285,3479.166666666667,25.0,2035,modest,moderate_re,1.8,solved,2015025148491.4526,602.3615440203756,571.8112156200292,1.801,0.24438990073593905,665.0043643877483,1.323636964331823,0.5821636049552307,0.25326221026798595,0.16457418477678326,0.07928166518713406,0.05910531818189257,0.08954900587216075,0.687
1705,19.285714285714285,3479.166666666667,34.09090909090909,2035,modest,moderate_re,1.8,solved,2021100754443.5942,603.5019543902065,573.5353130228449,1.801,0.2421032777272597,658.645751582836,1.3800652539807758,0.5837407909464101,0.25168502427680656,0.16457418477678326,0.07786219779507268,0.05910531818189257,0.08954900587216075,0.583
1706,19.285714285714285,3479.166666666667,43.18181818181819,2035,modest,moderate_re,1.8,solved,2026440993891.184,602.9483708491365,575.0507327249336,1.8010000000000002,0.21233679547488724,653.6985042011756,1.4101270162145667,0.5970648412805696,0.23836097394264727,0.16457418477678326,0.06587055249432917,0.05910531818189257,0.08954900587216075,0.674
1707,19.285714285714285,3479.166666666667,52.27272727272727,2035,modest,moderate_re,1.8,solved,2030727314795.4338,602.7019879729389,576.2670780239646,1.8010000000000004,0.203573561290061,644.9825516507296,1.44928114020541,0.5995198065764642,0.23590600864675237,0.16457418477678326,0.06366108372802382,0.05910531818189257,0.08954900587216075,0.462
1708,19.285714285714285,3479.166666666667,61.36363636363637,2035,modest,moderate_re,1.8,solved,2034623661660.5896,603.1504967509509,577.372758932766,1.8010000000000004,0.19214912519994587,642.3099416642686,1.4601471682410454,0.6025440464532008,0.23288176877001598,0.16457418477678326,0.06093926783896103,0.05910531818189257,0.08954900587216075,0.944
1709,19.285714285714285,3479.166666666667,70.45454545454547,2035,modest,moderate_re,1.8,solved,2037902571502.362,602.2752439156691,578.3032274303608,1.8010000000000002,0.1804581358220922,638.5134620752191,1.488619394812615,0.6065858523563261,0.2288399628668904,0.16457418477678326,0.05730164252614805,0.05910531818189257,0.08954900587216075,8.111
1710,19.285714285714285,3479.166666666667,79.54545454545455,2035,modest,moderate_re,1.8,solved,2040915965260.0645,602.3210052972386,579.1583494366661,1.801,0.1696420431301527,639.4267197555218,1.4955783827059876,0.6105114387543452,0.2249143764688713,0.16457418477678326,0.05376861476793096,0.05910531818189257,0.08954900587216075,0.376
1711,19.285714285714285,3479.166666666667,88.63636363636364,2035,modest,moderate_re,1.8,solved,2043466293776.082,600.7128445745335,579.8820656890742,1.801,0.15243960780730603,638.7654765995753,1.5122540428216664,0.6235775116515584,0.21184830357165813,0.16457418477678326,0.04200914916043903,0.05910531818189257,0.08954900587216075,0.257
1712,19.285714285714285,3479.166666666667,97.72727272727273,2035,modest,moderate_re,1.8,solved,2045755975478.6023,600.9763376842227,580.5318172212976,1.8009999999999995,0.14663674046500208,638.2784588284286,1.5177566196851857,0.623764325557399,0.21166148966581783,0.16457418477678326,0.041841016645182735,0.05910531818189257,0.08954900587216075,0.263
1713,19.285714285714285,3479.166666666667,106.81818181818183,2035,modest,moderate_re,1.8,solved,2047881539898.1636,600.4240195962594,581.1349965789042,1.8010000000000002,0.14124618522326982,636.5192986591164,1.5308701172368901,0.623764325557399,0.21166148966581783,0.16457418477678326,0.041841016645182735,0.05910531818189257,0.08954900587216075,1.014
1714,19.285714285714285,3479.166666666667,115.90909090909092,2035,modest,moderate_re,1.8,solved,2049728710917.7505,599.8987757719453,581.6591752011705,1.8010000000000002,0.1319628506484656,635.7130294349057,1.5373604735584347,0.6245937128410959,0.21083210238212086,0.16457418477678326,0.04109456808985539,0.05910531818189257,0.08954900587216075,0.38
1715,19.285714285714285,3479.166666666667,125.0,2035,modest,moderate_re,1.8,solved,2051466147351.195,600.0430737477473,582.1522140298988,1.8010000000000004,0.12704597777359777,635.2746457821366,1.5417482201417994,0.6245937128410959,0.21083210238212086,0.16457418477678326,0.04109456808985539,0.05910531818189257,0.08954900587216075,0.885
1716,19.285714285714285,3625.0,25.0,2035,modest,moderate_re,1.8,solved,2018426209167.6702,603.7369764532812,572.7763473163365,1.801,0.24438990073593905,667.8057494584692,1.323636964331823,0.5821636049552307,0.25326221026798595,0.16457418477678326,0.07928166518713406,0.05910531818189257,0.08954900587216075,0.368
1717,19.285714285714285,3625.0,34.09090909090909,2035,modest,moderate_re,1.8,solved,2024506024189.6414,604.8790476776015,574.5016391426251,1.801,0.2421032777272597,661.4501267353317,1.3800652539807758,0.5837407909464101,0.25168502427680656,0.16457418477678326,0.07786219779507268,0.05910531818189257,0.08954900587216075,0.245
1718,19.285714285714285,3625.0,43.18181818181819,2035,modest,moderate_re,1.8,solved,2029881532001.5464,604.3394379300014,576.0270670802374,1.8010000000000002,0.21233679547488724,656.52813953243,1.4101270162145667,0.5970648412805696,0.23836097394264727,0.16457418477678326,0.06587055249432917,0.05910531818189257,0.08954900587216075,0.343
1719,19.285714285714285,3625.0,52.27272727272727,2035,modest,moderate_re,1.8,solved,2034171364833.2683,604.0553981194151,577.2444089720495,1.8009999999999993,0.20218313732571785,647.3641635064727,1.452878376167631,0.5982528830702378,0.23717293215297874,0.16457418477678326,0.06480131488362761,0.05910531818189257,0.08954900587216075,0.413
1720,19.285714285714285,3625.0,61.36363636363637,2035,modest,moderate_re,1.8,solved,2038074701607.709,604.8393613833015,578.352073433527,1.8010000000000002,0.19512276411435941,645.4524002625228,1.4587050454714643,0.6006361340776526,0.23478968114556392,0.16457418477678326,0.0626563889769543,0.05910531818189257,0.08954900587216075,0.578
1721,19.285714285714285,3625.0,70.45454545454547,2035,modest,moderate_re,1.8,solved,2041368006380.48,603.6762405868195,579.2866268344785,1.8010000000000002,0.1804581358220922,641.3611476566376,1.488619394812615,0.6065858523563261,0.2288399628668904,0.16457418477678326,0.05730164252614805,0.05910531818189257,0.08954900587216075,0.375
1722,19.285714285714285,3625.0,79.54545454545455,2035,modest,moderate_re,1.8,solved,2044390606062.6357,603.7938262232946,580.1443612403642,1.8010000000000002,0.17052621427424583,640.6422504332294,1.495854020794774,0.6095102808686945,0.22591553435452205,0.16457418477678326,0.054669656865016646,0.05910531818189257,0.08954900587216075,0.941
1723,19.285714285714285,3625.0,88.63636363636364,2035,modest,moderate_re,1.8,solved,2046953684293.1826,602.1225380900102,580.8716955269043,1.801,0.15243960780730603,641.6453755350743,1.5122540428216664,0.6235775116515584,0.21184830357165813,0.16457418477678326,0.04200914916043903,0.05910531818189257,0.08954900587216075,0.781
1724,19.285714285714285,3625.0,97.72727272727273,2035,modest,moderate_re,1.8,solved,2049243912666.1533,602.3862374973511,581.5216021898441,1.8009999999999995,0.14663674046500208,641.1587119319573,1.5177566196851857,0.623764325557399,0.21166148966581783,0.16457418477678326,0.041841016645182735,0.05910531818189257,0.08954900587216075,0.713
1725,19.285714285714285,3625.0,106.81818181818183,2035,modest,moderate_re,1.8,solved,2051369653442.7551,601.8339470434937,582.124831592947,1.8010000000000002,0.14124618522326982,639.3995517626453,1.5308701172368901,0.623764325557399,0.21166148966581783,0.16457418477678326,0.041841016645182735,0.05910531818189257,0.08954900587216075,0.885
1726,19.285714285714285,3625.0,115.90909090909092,2035,modest,moderate_re,1.8,solved,2053220487661.1865,601.3098615358797,582.650049734837,1.8010000000000002,0.1319628506484656,638.5948549184935,1.5373604735584347,0.6245937128410959,0.21083210238212086,0.16457418477678326,0.04109456808985539,0.05910531818189257,0.08954900587216075,0.604
1727,19.285714285714285,3625.0,125.0,2035,modest,moderate_re,1.8,solved,2054957924094.6316,601.4541595116813,583.1430885635655,1.8010000000000004,0.12704597777359777,638.1564712657241,1.5417482201417994,0.6245937128410959,0.21083210238212086,0.16457418477678326,0.04109456808985539,0.05910531818189257,0.08954900587216075,0.37
1728,19.285714285714285,3770.8333333333335,25.0,2035,modest,moderate_re,1.8,solved,2021827269843.888,605.1124088861865,573.7414790126438,1.801,0.24438990073593905,670.6071345291897,1.323636964331823,0.5821636049552307,0.25326221026798595,0.16457418477678326,0.07928166518713406,0.05910531818189257,0.08954900587216075,0.374
1729,19.285714285714285,3770.8333333333335,34.09090909090909,2035,modest,moderate_re,1.8,solved,2027911293935.6897,606.2561409649967,575.4679652624056,1.801,0.2421032777272597,664.2545018878274,1.3800652539807758,0.5837407909464101,0.25168502427680656,0.16457418477678326,0.07786219779507268,0.05910531818189257,0.08954900587216075,0.504
1730,19.285714285714285,3770.8333333333335,43.18181818181819,2035,modest,moderate_re,1.8,solved,2033312927563.9727,606.6763479168736,577.0008070205519,1.801,0.22287645865266228,656.6953058328497,1.4028387309021109,0.5910057580069318,0.24442005721628482,0.16457418477678326,0.07132372744060297,0.05910531818189257,0.08954900587216075,0.667
1731,19.285714285714285,3770.8333333333335,52.27272727272727,2035,modest,moderate_re,1.8,solved,2037610843656.3452,605.6183938536176,578.2204427294423,1.801,0.2040632419377926,650.3536669646348,1.4521298871216917,0.5970648412805696,0.23836097394264727,0.16457418477678326,0.06587055249432917,0.05910531818189257,0.08954900587216075,0.663
1732,19.285714285714285,3770.8333333333335,61.36363636363637,2035,modest,moderate_re,1.8,solved,2041524069999.641,606.2340507211024,579.3309135908266,1.8010000000000002,0.19512276411435941,648.2888061697046,1.4587050454714643,0.6006361340776526,0.23478968114556392,0.16457418477678326,0.0626563889769543,0.05910531818189257,0.08954900587216075,0.384
1733,19.285714285714285,3770.8333333333335,70.45454545454547,2035,modest,moderate_re,1.8,solved,2044833441258.5977,605.0772372579703,580.2700262385961,1.8010000000000002,0.1804581358220922,644.2088332380562,1.488619394812615,0.6065858523563261,0.2288399628668904,0.16457418477678326,0.05730164252614805,0.05910531818189257,0.08954900587216075,1.184
1734,19.285714285714285,3770.8333333333335,79.54545454545455,2035,modest,moderate_re,1.8,solved,2047864563068.9229,605.198046205805,581.1301790006358,1.8010000000000002,0.17052621427424583,643.4954802437028,1.495854020794774,0.6095102808686945,0.22591553435452205,0.16457418477678326,0.054669656865016646,0.05910531818189257,0.08954900587216075,0.899
1735,19.285714285714285,3770.8333333333335,88.63636363636364,2035,modest,moderate_re,1.8,solved,2050441074810.2837,603.5322316054869,581.8613253647344,1.801,0.15243960780730603,644.5252744705738,1.5122540428216664,0.6235775116515584,0.21184830357165813,0.16457418477678326,0.04200914916043903,0.05910531818189257,0.08954900587216075,0.453
1736,19.285714285714285,3770.8333333333335,97.72727272727273,2035,modest,moderate_re,1.8,solved,2052731849853.7036,603.7961373104793,582.5113871583903,1.8009999999999995,0.14663674046500208,644.0389650354864,1.5177566196851857,0.623764325557399,0.21166148966581783,0.16457418477678326,0.041841016645182735,0.05910531818189257,0.08954900587216075,0.478
1737,19.285714285714285,3770.8333333333335,106.81818181818183,2035,modest,moderate_re,1.8,solved,2054857766987.3464,603.2438744907282,583.1146666069897,1.8010000000000002,0.14124618522326982,642.2798048661742,1.5308701172368901,0.623764325557399,0.21166148966581783,0.16457418477678326,0.041841016645182735,0.05910531818189257,0.08954900587216075,0.365
1738,19.285714285714285,3770.8333333333335,115.90909090909092,2035,modest,moderate_re,1.8,solved,2056712264404.623,602.7209472998138,583.6409242685037,1.8010000000000002,0.1319628506484656,641.476680402081,1.5373604735584347,0.6245937128410959,0.21083210238212086,0.16457418477678326,0.04109456808985539,0.05910531818189257,0.08954900587216075,0.265
1739,19.285714285714285,3770.8333333333335,125.0,2035,modest,moderate_re,1.8,solved,2058449700838.0684,602.8652452756156,584.1339630972323,1.8010000000000004,0.12704597777359777,641.0382967493118,1.5417482201417994,0.6245937128410959,0.21083210238212086,0.16457418477678326,0.04109456808985539,0.05910531818189257,0.08954900587216075,0.47
1740,19.285714285714285,3916.666666666667,25.0,2035,modest,moderate_re,1.8,solved,2025223845327.5989,606.7502648937657,574.7053379291144,1.8010000000000002,0.25017209035989973,673.1338934244545,1.3264736399709105,0.5790696596785707,0.2563561555446458,0.16457418477678326,0.08206621593612788,0.05910531818189257,0.08954900587216075,0.661
1741,19.285714285714285,3916.666666666667,34.09090909090909,2035,modest,moderate_re,1.8,solved,2031316563681.7363,607.6332342523921,576.4342913821857,1.801,0.2421032777272597,667.058877040323,1.3800652539807758,0.5837407909464101,0.25168502427680656,0.16457418477678326,0.07786219779507268,0.05910531818189257,0.08954900587216075,0.762
1742,19.285714285714285,3916.666666666667,43.18181818181819,2035,modest,moderate_re,1.8,solved,2036736878468.3936,608.0609482781084,577.9724343624468,1.801,0.22287645865266228,659.5134541520642,1.4028387309021109,0.5910057580069318,0.24442005721628482,0.16457418477678326,0.07132372744060297,0.05910531818189257,0.08954900587216075,0.584
1743,19.285714285714285,3916.666666666667,52.27272727272727,2035,modest,moderate_re,1.8,solved,2041050317469.3467,607.0092471372315,579.1964750651072,1.801,0.2040632419377926,653.1833022958891,1.4521298871216917,0.5970648412805696,0.23836097394264727,0.16457418477678326,0.06587055249432917,0.05910531818189257,0.08954900587216075,0.468
1744,19.285714285714285,3916.666666666667,61.36363636363637,2035,modest,moderate_re,1.8,solved,2044973438391.574,607.6287400589035,580.3097537481264,1.8010000000000002,0.19512276411435941,651.1252120768867,1.4587050454714643,0.6006361340776526,0.23478968114556392,0.16457418477678326,0.0626563889769543,0.05910531818189257,0.08954900587216075,0.458
1745,19.285714285714285,3916.666666666667,70.45454545454547,2035,modest,moderate_re,1.8,solved,2048298876136.7163,606.478233929121,581.253425642714,1.8010000000000002,0.1804581358220922,647.0565188194748,1.488619394812615,0.6065858523563261,0.2288399628668904,0.16457418477678326,0.05730164252614805,0.05910531818189257,0.08954900587216075,0.692
1746,19.285714285714285,3916.666666666667,79.54545454545455,2035,modest,moderate_re,1.8,solved,2051338520075.2104,606.6022661883152,582.1159967609076,1.8010000000000002,0.17052621427424583,646.3487100541759,1.495854020794774,0.6095102808686945,0.22591553435452205,0.16457418477678326,0.054669656865016646,0.05910531818189257,0.08954900587216075,0.659
1747,19.285714285714285,3916.666666666667,88.63636363636364,2035,modest,moderate_re,1.8,solved,2053928465327.385,604.9419251209634,582.8509552025647,1.801,0.15243960780730603,647.4051734060728,1.5122540428216664,0.6235775116515584,0.21184830357165813,0.16457418477678326,0.04200914916043903,0.05910531818189257,0.08954900587216075,0.619
1748,19.285714285714285,3916.666666666667,97.72727272727273,2035,modest,moderate_re,1.8,solved,2056219527369.589,605.2550004402764,583.5010984389379,1.801,0.14704690934625433,646.9563513552841,1.5175924967961987,0.6235775116515584,0.21184830357165813,0.16457418477678326,0.04200914916043903,0.05910531818189257,0.08954900587216075,0.791
1749,19.285714285714285,3916.666666666667,106.81818181818183,2035,modest,moderate_re,1.8,solved,2058345880531.9373,604.6538019379625,584.1045016210322,1.8010000000000002,0.14124618522326982,645.1600579697032,1.5308701172368901,0.623764325557399,0.21166148966581783,0.16457418477678326,0.041841016645182735,0.05910531818189257,0.08954900587216075,0.8
1750,19.285714285714285,3916.666666666667,115.90909090909092,2035,modest,moderate_re,1.8,solved,2060204041148.0598,604.1320330637479,584.6317988021705,1.8010000000000002,0.1319628506484656,644.3585058856687,1.5373604735584347,0.6245937128410959,0.21083210238212086,0.16457418477678326,0.04109456808985539,0.05910531818189257,0.08954900587216075,0.294
1751,19.285714285714285,3916.666666666667,125.0,2035,modest,moderate_re,1.8,solved,2061941477581.5044,604.2763310395497,585.1248376308989,1.8010000000000004,0.12704597777359777,643.9201222328996,1.5417482201417994,0.6245937128410959,0.21083210238212086,0.16457418477678326,0.04109456808985539,0.05910531818189257,0.08954900587216075,0.46
1752,19.285714285714285,4062.5,25.0,2035,modest,moderate_re,1.8,solved,2028590643003.9534,607.8604223922226,575.6607466859253,1.8010000000000002,0.2704850277342075,664.873825615538,1.3317493321299356,0.5849660177340276,0.250459797489189,0.16457418477678326,0.082066215936128,0.05910531818189257,0.08424228362224959,0.577
1753,19.285714285714285,4062.5,34.09090909090909,2035,modest,moderate_re,1.8,solved,2034721833427.7842,609.0103275397873,577.4006175019662,1.801,0.2421032777272597,669.8632521928187,1.3800652539807758,0.5837407909464101,0.25168502427680656,0.16457418477678326,0.07786219779507268,0.05910531818189257,0.08954900587216075,0.676
1754,19.285714285714285,4062.5,43.18181818181819,2035,modest,moderate_re,1.8,solved,2040160829372.8135,609.4455486393433,578.9440617043415,1.801,0.22287645865266228,662.331602471279,1.4028387309021109,0.5910057580069318,0.24442005721628482,0.16457418477678326,0.07132372744060297,0.05910531818189257,0.08954900587216075,0.45
1755,19.285714285714285,4062.5,52.27272727272727,2035,modest,moderate_re,1.8,solved,2044489791282.3474,608.4001004208453,580.1725074007719,1.801,0.2040632419377926,656.0129376271432,1.4521298871216917,0.5970648412805696,0.23836097394264727,0.16457418477678326,0.06587055249432917,0.05910531818189257,0.08954900587216075,0.711
1756,19.285714285714285,4062.5,61.36363636363637,2035,modest,moderate_re,1.8,solved,2048422659579.759,609.0226566875294,581.2885521328686,1.8010000000000002,0.19499763548246632,653.9096844269275,1.459114538553698,0.6004591524826544,0.23496666274056244,0.16457418477678326,0.06281567241245285,0.05910531818189257,0.08954900587216075,0.584
1757,19.285714285714285,4062.5,70.45454545454547,2035,modest,moderate_re,1.8,solved,2051764311014.834,607.8792306002717,582.2368250468317,1.8010000000000002,0.1804581358220922,649.9042044008931,1.488619394812615,0.6065858523563261,0.2288399628668904,0.16457418477678326,0.05730164252614805,0.05910531818189257,0.08954900587216075,0.302
1758,19.285714285714285,4062.5,79.54545454545455,2035,modest,moderate_re,1.8,solved,2054812477081.4978,608.0064861708252,583.1018145211792,1.8010000000000002,0.17052621427424583,649.201939864649,1.495854020794774,0.6095102808686945,0.22591553435452205,0.16457418477678326,0.054669656865016646,0.05910531818189257,0.08954900587216075,0.381
1759,19.285714285714285,4062.5,88.63636363636364,2035,modest,moderate_re,1.8,solved,2057415855844.486,606.3516186364402,583.8405850403949,1.801,0.15243960780730603,650.285072341572,1.5122540428216664,0.6235775116515584,0.21184830357165813,0.16457418477678326,0.04200914916043903,0.05910531818189257,0.08954900587216075,0.743
1760,19.285714285714285,4062.5,97.72727272727273,2035,modest,moderate_re,1.8,solved,2059706917886.6892,606.664693955753,584.4907282767678,1.801,0.14704690934625433,649.8362502907834,1.5175924967961987,0.6235775116515584,0.21184830357165813,0.16457418477678326,0.04200914916043903,0.05910531818189257,0.08954900587216075,0.479
1761,19.285714285714285,4062.5,106.81818181818183,2035,modest,moderate_re,1.8,solved,2061833994076.5283,606.0637293851969,585.0943366350748,1.8010000000000002,0.14124618522326982,648.0403110732319,1.5308701172368901,0.623764325557399,0.21166148966581783,0.16457418477678326,0.041841016645182735,0.05910531818189257,0.08954900587216075,0.457
1762,19.285714285714285,4062.5,115.90909090909092,2035,modest,moderate_re,1.8,solved,2063695817891.4956,605.5431188276822,585.622673335837,1.8010000000000002,0.1319628506484656,647.2403313692563,1.5373604735584347,0.6245937128410959,0.21083210238212086,0.16457418477678326,0.04109456808985539,0.05910531818189257,0.08954900587216075,0.571
1763,19.285714285714285,4062.5,125.0,2035,modest,moderate_re,1.8,solved,2065433254324.941,605.687416803484,586.1157121645656,1.8010000000000004,0.12704597777359777,646.8019477164871,1.5417482201417994,0.6245937128410959,0.21083210238212086,0.16457418477678326,0.04109456808985539,0.05910531818189257,0.08954900587216075,0.371
1764,19.285714285714285,4208.333333333334,25.0,2035,modest,moderate_re,1.8,solved,2031741543105.2256,608.6708677831764,576.5548893811441,1.8010000000000006,0.271982051048915,663.331887816863,1.3310590893831171,0.5904589158861258,0.24496689933709098,0.16457418477678326,0.07928166518713409,0.05910531818189257,0.08208322603435522,0.804
1765,19.285714285714285,4208.333333333334,34.09090909090909,2035,modest,moderate_re,1.8,solved,2038123228001.3213,610.6670721933281,578.3658439495634,1.801,0.24494672064619122,673.2235655379376,1.3763160168305533,0.5820756408359925,0.25335017438722435,0.16457418477678326,0.07936083289444855,0.05910531818189257,0.08954900587216075,0.359
1766,19.285714285714285,4208.333333333334,43.18181818181819,2035,modest,moderate_re,1.8,solved,2043582396434.216,611.0224536241142,579.9150125741958,1.801,0.22507961288844944,665.4247165414746,1.4011374986623932,0.5898413768978409,0.24558443832537574,0.16457418477678326,0.07237167043878491,0.05910531818189257,0.08954900587216075,0.574
1767,19.285714285714285,4208.333333333334,52.27272727272727,2035,modest,moderate_re,1.8,solved,2047929265095.349,609.7909537044588,581.1485397364369,1.801,0.2040632419377926,658.8425729583971,1.4521298871216917,0.5970648412805696,0.23836097394264727,0.16457418477678326,0.06587055249432917,0.05910531818189257,0.08954900587216075,0.723
1768,19.285714285714285,4208.333333333334,61.36363636363637,2035,modest,moderate_re,1.8,solved,2051871522264.3943,610.4171527550284,582.2672487837191,1.8010000000000002,0.19499763548246632,656.7457548065023,1.459114538553698,0.6004591524826544,0.23496666274056244,0.16457418477678326,0.06281567241245285,0.05910531818189257,0.08954900587216075,0.456
1769,19.285714285714285,4208.333333333334,70.45454545454547,2035,modest,moderate_re,1.8,solved,2055229745892.9512,609.2802272714224,583.2202244509491,1.8010000000000002,0.1804581358220922,652.7518899823119,1.488619394812615,0.6065858523563261,0.2288399628668904,0.16457418477678326,0.05730164252614805,0.05910531818189257,0.08954900587216075,0.783
1770,19.285714285714285,4208.333333333334,79.54545454545455,2035,modest,moderate_re,1.8,solved,2058286434087.7852,609.4107061533356,584.0876322814509,1.8010000000000002,0.17052621427424583,652.0551696751224,1.495854020794774,0.6095102808686945,0.22591553435452205,0.16457418477678326,0.054669656865016646,0.05910531818189257,0.08954900587216075,0.266
1771,19.285714285714285,4208.333333333334,88.63636363636364,2035,modest,moderate_re,1.8,solved,2060903246361.5864,607.7613121519166,584.8302148782249,1.801,0.15243960780730603,653.1649712770711,1.5122540428216664,0.6235775116515584,0.21184830357165813,0.16457418477678326,0.04200914916043903,0.05910531818189257,0.08954900587216075,1.2
1772,19.285714285714285,4208.333333333334,97.72727272727273,2035,modest,moderate_re,1.8,solved,2063194308403.79,608.0743874712299,585.480358114598,1.801,0.14704690934625433,652.7161492262826,1.5175924967961987,0.6235775116515584,0.21184830357165813,0.16457418477678326,0.04200914916043903,0.05910531818189257,0.08954900587216075,0.366
1773,19.285714285714285,4208.333333333334,106.81818181818183,2035,modest,moderate_re,1.8,solved,2065322107621.12,607.4736568324313,586.0841716491177,1.8010000000000002,0.14124618522326982,650.9205641767612,1.5308701172368901,0.623764325557399,0.21166148966581783,0.16457418477678326,0.041841016645182735,0.05910531818189257,0.08954900587216075,0.856
1774,19.285714285714285,4208.333333333334,115.90909090909092,2035,modest,moderate_re,1.8,solved,2067186631315.7314,607.1505116437954,586.6132745048146,1.801,0.1335908777032412,650.2401473000732,1.5369586766499592,0.623764325557399,0.21166148966581783,0.16457418477678326,0.041841016645182735,0.05910531818189257,0.08954900587216075,0.592
1775,19.285714285714285,4208.333333333334,125.0,2035,modest,moderate_re,1.8,solved,2068925031068.3772,607.0985025674181,587.1065866982323,1.8010000000000004,0.12704597777359777,649.6837732000748,1.5417482201417994,0.6245937128410959,0.21083210238212086,0.16457418477678326,0.04109456808985539,0.05910531818189257,0.08954900587216075,0.382
1776,19.285714285714285,4354.166666666667,25.0,2035,modest,moderate_re,1.8,solved,2034862873371.6753,609.6148764839605,577.4406409338462,1.801000000000001,0.27295189091039657,662.674526588685,1.3308522780138126,0.5943397806381917,0.24108603458502484,0.16457418477678326,0.07745384590107933,0.05910531818189257,0.08041826704355053,0.8
1777,19.285714285714285,4354.166666666667,34.09090909090909,2035,modest,moderate_re,1.8,solved,2041499223738.5957,612.354671389773,579.3238628744906,1.8010000000000013,0.25869656065222485,670.8219979903462,1.357915764764539,0.5861202578887464,0.24930555733447038,0.16457418477678326,0.07960057980745366,0.05910531818189257,0.08566910361167707,0.672
1778,19.285714285714285,4354.166666666667,43.18181818181819,2035,modest,moderate_re,1.8,solved,2047003239929.9836,612.4058278347215,580.8857581151261,1.801,0.22507961288844944,668.2406573881697,1.4011374986623932,0.5898413768978409,0.24558443832537574,0.16457418477678326,0.07237167043878491,0.05910531818189257,0.08954900587216075,0.435
1779,19.285714285714285,4354.166666666667,52.27272727272727,2035,modest,moderate_re,1.8,solved,2051368738908.35,611.1818069880727,582.1245720721016,1.801,0.2040632419377926,661.6722082896512,1.4521298871216917,0.5970648412805696,0.23836097394264727,0.16457418477678326,0.06587055249432917,0.05910531818189257,0.08954900587216075,0.479
1780,19.285714285714285,4354.166666666667,61.36363636363637,2035,modest,moderate_re,1.8,solved,2055320384949.0312,611.8116488225271,583.2459454345699,1.8010000000000002,0.19499763548246632,659.581825186077,1.459114538553698,0.6004591524826544,0.23496666274056244,0.16457418477678326,0.06281567241245285,0.05910531818189257,0.08954900587216075,0.478
1781,19.285714285714285,4354.166666666667,70.45454545454547,2035,modest,moderate_re,1.8,solved,2058690987399.0247,611.0074172772146,584.202433886213,1.8010000000000002,0.18363313725964547,655.8913091726,1.4870960446457813,0.6050629900259922,0.23036282519722456,0.16457418477678326,0.058672218623448784,0.05910531818189257,0.08954900587216075,0.457
1782,19.285714285714285,4354.166666666667,79.54545454545455,2035,modest,moderate_re,1.8,solved,2061760391094.0728,610.8149261358458,585.0734500417226,1.8010000000000002,0.17052621427424583,654.9083994855955,1.495854020794774,0.6095102808686945,0.22591553435452205,0.16457418477678326,0.054669656865016646,0.05910531818189257,0.08954900587216075,0.7
1783,19.285714285714285,4354.166666666667,88.63636363636364,2035,modest,moderate_re,1.8,solved,2064390636878.687,609.1710056673934,585.819844716055,1.801,0.15243960780730603,656.0448702125702,1.5122540428216664,0.6235775116515584,0.21184830357165813,0.16457418477678326,0.04200914916043903,0.05910531818189257,0.08954900587216075,0.289
1784,19.285714285714285,4354.166666666667,97.72727272727273,2035,modest,moderate_re,1.8,solved,2066681698920.891,609.4840809867063,586.4699879524281,1.801,0.14704690934625433,655.5960481617818,1.5175924967961987,0.6235775116515584,0.21184830357165813,0.16457418477678326,0.04200914916043903,0.05910531818189257,0.08954900587216075,0.775
1785,19.285714285714285,4354.166666666667,106.81818181818183,2035,modest,moderate_re,1.8,solved,2068810221165.7112,608.8835842796658,587.0740066631603,1.8010000000000002,0.14124618522326982,653.80081728029,1.5308701172368901,0.623764325557399,0.21166148966581783,0.16457418477678326,0.041841016645182735,0.05910531818189257,0.08954900587216075,0.358
1786,19.285714285714285,4354.166666666667,115.90909090909092,2035,modest,moderate_re,1.8,solved,2070675981036.845,608.5606815195456,587.6034603132881,1.801,0.1335908777032412,653.1204004036019,1.5369586766499592,0.623764325557399,0.21166148966581783,0.16457418477678326,0.041841016645182735,0.05910531818189257,0.08954900587216075,0.697
1787,19.285714285714285,4354.166666666667,125.0,2035,modest,moderate_re,1.8,solved,2072416807811.8132,608.5095883313525,588.0974612318988,1.8010000000000004,0.12704597777359777,652.5655986836623,1.5417482201417994,0.6245937128410959,0.21083210238212086,0.16457418477678326,0.04109456808985539,0.05910531818189257,0.08954900587216075,0.372
1788,19.285714285714285,4500.0,25.0,2035,modest,moderate_re,1.8,solved,2037786950442.93,610.3390630416725,578.2704172103024,1.8010000000000002,0.31275819122726206,645.3458972278423,1.30857056438332,0.6072028491681277,0.228222966055089,0.16457418477678326,0.07730295509415307,0.05910531818189257,0.06899239617353448,0.676
1789,19.285714285714285,4500.0,34.09090909090909,2035,modest,moderate_re,1.8,solved,2044711381794.205,613.0164636375308,580.2353889683047,1.801,0.2601425888071759,666.77745991304,1.3583077375293267,0.5916631075660592,0.24376270765715732,0.16457418477678326,0.07730295509415307,0.05910531818189257,0.08297816361539603,0.827
1790,19.285714285714285,4500.0,43.18181818181819,2035,modest,moderate_re,1.8,solved,2050424083425.751,613.7892020453288,581.8565036560565,1.801,0.22507961288844944,671.0565982348649,1.4011374986623932,0.5898413768978409,0.24558443832537574,0.16457418477678326,0.07237167043878491,0.05910531818189257,0.08954900587216075,0.576
1791,19.285714285714285,4500.0,52.27272727272727,2035,modest,moderate_re,1.8,solved,2054808212721.3523,612.5726602716865,583.1006044077667,1.801,0.2040632419377926,664.5018436209054,1.4521298871216917,0.5970648412805696,0.23836097394264727,0.16457418477678326,0.06587055249432917,0.05910531818189257,0.08954900587216075,0.462
1792,19.285714285714285,4500.0,61.36363636363637,2035,modest,moderate_re,1.8,solved,2058765700504.8577,613.4867285675281,584.2236355034241,1.8010000000000004,0.19685539806111674,662.192933199936,1.4615316658861333,0.5970648412805696,0.23836097394264727,0.16457418477678326,0.06587055249432917,0.05910531818189257,0.08954900587216075,0.482
1793,19.285714285714285,4500.0,70.45454545454547,2035,modest,moderate_re,1.8,solved,2062150665171.0596,612.674459786233,585.1841995748258,1.8009999999999997,0.18640313748110385,658.9881090939823,1.4857670120823383,0.6037343830709269,0.23169143215228977,0.16457418477678326,0.05986796488300753,0.05910531818189257,0.08954900587216075,1.104
1794,19.285714285714285,4500.0,79.54545454545455,2035,modest,moderate_re,1.8,solved,2065234348100.3606,612.2191461183559,586.0592678019943,1.8010000000000002,0.17052621427424583,657.7616292960689,1.495854020794774,0.6095102808686945,0.22591553435452205,0.16457418477678326,0.054669656865016646,0.05910531818189257,0.08954900587216075,0.438
1795,19.285714285714285,4500.0,88.63636363636364,2035,modest,moderate_re,1.8,solved,2067878027395.7883,610.5806991828699,586.8094745538851,1.801,0.15243960780730603,658.9247691480695,1.5122540428216664,0.6235775116515584,0.21184830357165813,0.16457418477678326,0.04200914916043903,0.05910531818189257,0.08954900587216075,0.529
1796,19.285714285714285,4500.0,97.72727272727273,2035,modest,moderate_re,1.8,solved,2070169089437.9922,610.8937745021831,587.4596177902582,1.801,0.14704690934625433,658.4759470972808,1.5175924967961987,0.6235775116515584,0.21184830357165813,0.16457418477678326,0.04200914916043903,0.05910531818189257,0.08954900587216075,0.378
1797,19.285714285714285,4500.0,106.81818181818183,2035,modest,moderate_re,1.8,solved,2072298334710.3025,610.2935117269,588.0638416772031,1.8010000000000002,0.14124618522326982,656.6810703838189,1.5308701172368901,0.623764325557399,0.21166148966581783,0.16457418477678326,0.041841016645182735,0.05910531818189257,0.08954900587216075,0.36
1798,19.285714285714285,4500.0,115.90909090909092,2035,modest,moderate_re,1.8,solved,2074165330757.9587,609.9708513952961,588.5936461217616,1.801,0.1335908777032412,656.0006535071309,1.5369586766499592,0.623764325557399,0.21166148966581783,0.16457418477678326,0.041841016645182735,0.05910531818189257,0.08954900587216075,0.229
1799,19.285714285714285,4500.0,125.0,2035,modest,moderate_re,1.8,solved,2075908584555.2495,609.9206740952866,589.0883357655655,1.8010000000000004,0.12704597777359777,655.4474241672499,1.5417482201417994,0.6245937128410959,0.21083210238212086,0.16457418477678326,0.04109456808985539,0.05910531818189257,0.08954900587216075,0.233
1800,22.142857142857142,1000.0,25.0,2035,modest,moderate_re,1.8,solved,1965600064767.8823,580.4885688561482,557.7856749327307,1.8010000000000004,0.23852924255511626,620.1855270244719,1.3104629701709634,0.5942411835297524,0.24118463169346416,0.16457418477678326,0.06841184447006447,0.05910531818189257,0.08954900587216075,0.494
1801,22.142857142857142,1000.0,34.09090909090909,2035,modest,moderate_re,1.8,solved,1971634481383.5776,580.5395872072328,559.4980838836373,1.8010000000000006,0.22444525427454812,611.8311645719987,1.3862301419301797,0.6011775353587416,0.234248279864475,0.16457418477678326,0.06216912782397422,0.05910531818189257,0.08954900587216075,0.594
1802,22.142857142857142,1000.0,43.18181818181819,2035,modest,moderate_re,1.8,solved,1976704035161.3772,581.645616798931,560.9366901017804,1.801,0.2117776533281546,610.4601435695412,1.402519722025995,0.6028651909144969,0.23256062430871977,0.16457418477678326,0.0606502378237945,0.05910531818189257,0.08954900587216075,0.251
1803,22.142857142857142,1000.0,52.27272727272727,2035,modest,moderate_re,1.8,solved,1981098655545.2358,581.4308498783893,562.1837679488058,1.801,0.20270803793680292,605.6450498211901,1.4412062460373558,0.6063142270870036,0.22911158813621318,0.16457418477678326,0.05754610526853848,0.05910531818189257,0.08954900587216075,0.368
1804,22.142857142857142,1000.0,61.36363636363637,2035,modest,moderate_re,1.8,solved,1985004805583.221,581.9649417637811,563.2922307405911,1.8010000000000002,0.19294159234002858,603.0859459449059,1.446511393923507,0.6119737789821147,0.2234520362411021,0.16457418477678326,0.05245250856293855,0.05910531818189257,0.08954900587216075,0.38
1805,22.142857142857142,1000.0,70.45454545454547,2035,modest,moderate_re,1.8,solved,1988402831619.3381,581.542055025639,564.2565012857381,1.8010000000000002,0.1842792774525255,601.6018717264956,1.4657746186090337,0.623380440084389,0.2120453751388276,0.16457418477678326,0.04218651357089162,0.05910531818189257,0.08954900587216075,0.587
1806,22.142857142857142,1000.0,79.54545454545455,2035,modest,moderate_re,1.8,solved,1991504915151.6816,581.1412616257815,565.1367911207866,1.8010000000000004,0.17055369436168374,599.6897606182436,1.4757084461466867,0.6273526956938291,0.2080731195293877,0.16457418477678326,0.03861148352239563,0.05910531818189257,0.08954900587216075,0.48
1807,22.142857142857142,1000.0,88.63636363636364,2035,modest,moderate_re,1.8,solved,1994292760041.8787,581.0116965714474,565.9279082821863,1.8010000000000002,0.16943117311623138,596.259156141436,1.4904391230680114,0.6273526956938291,0.2080731195293877,0.16457418477678326,0.03861148352239563,0.05910531818189257,0.08954900587216075,1.015
1808,22.142857142857142,1000.0,97.72727272727273,2035,modest,moderate_re,1.8,solved,1996957208747.7844,581.6168427596508,566.6840088472943,1.801,0.16372007734781052,595.2215646898599,1.4979339593309102,0.6260051782634981,0.20942063695971863,0.16457418477678326,0.039824249209693414,0.05910531818189257,0.08954900587216075,0.381
1809,22.142857142857142,1000.0,106.81818181818183,2035,modest,moderate_re,1.8,solved,1999429512296.4976,580.6847211640339,567.3855836631867,1.8010000000000004,0.15643843616801914,592.9899104338148,1.5147289199517666,0.6253509997608463,0.21007481546237028,0.16457418477678326,0.04041300986207995,0.05910531818189257,0.08954900587216075,0.503
1810,22.142857142857142,1000.0,115.90909090909092,2035,modest,moderate_re,1.8,solved,2001582855483.3665,580.7643446214835,567.9966459053887,1.8010000000000002,0.1487565975738369,592.2248672595141,1.5216406195469987,0.6253509997608463,0.21007481546237028,0.16457418477678326,0.04041300986207995,0.05910531818189257,0.08954900587216075,0.745
1811,22.142857142857142,1000.0,125.0,2035,modest,moderate_re,1.8,solved,2003603516332.6997,580.6968685610806,568.5700563848947,1.8009999999999997,0.14066375066681397,591.3573285494068,1.5288607412000565,0.6253509997608463,0.21007481546237028,0.16457418477678326,0.04041300986207995,0.05910531818189257,0.08954900587216075,0.731
1812,22.142857142857142,1145.8333333333333,25.0,2035,modest,moderate_re,1.8,solved,1969034007277.336,582.4893701462522,558.7601376297199,1.801,0.24937069084666802,622.7208270101906,1.3154865651104128,0.5887619783571212,0.24666383686609544,0.16457418477678326,0.07334312912543262,0.05910531818189257,0.08954900587216075,0.71
1813,22.142857142857142,1145.8333333333333,34.09090909090909,2035,modest,moderate_re,1.8,solved,1975076829255.7007,582.9861781159103,560.4749318017981,1.8010000000000002,0.2352714922487939,616.563114217816,1.3751836998075704,0.5954055646388435,0.240020250584373,0.16457418477678326,0.06736390147188248,0.05910531818189257,0.08954900587216075,0.603
1814,22.142857142857142,1145.8333333333333,43.18181818181819,2035,modest,moderate_re,1.8,solved,1980160903681.1829,583.0429641193888,561.9176585983912,1.801,0.2117776533281546,613.3007753969761,1.402519722025995,0.6028651909144969,0.23256062430871977,0.16457418477678326,0.0606502378237945,0.05910531818189257,0.08954900587216075,0.26
1815,22.142857142857142,1145.8333333333333,52.27272727272727,2035,modest,moderate_re,1.8,solved,1984564712120.0752,582.83182739598,563.1673437741251,1.801,0.20270803793680292,608.4922204463688,1.4412062460373558,0.6063142270870036,0.22911158813621318,0.16457418477678326,0.05754610526853848,0.05910531818189257,0.08954900587216075,0.798
1816,22.142857142857142,1145.8333333333333,61.36363636363637,2035,modest,moderate_re,1.8,solved,1988486022842.2605,583.3718908290485,564.2801087699145,1.8010000000000002,0.19294159234002858,605.943846137219,1.446511393923507,0.6119737789821147,0.2234520362411021,0.16457418477678326,0.05245250856293855,0.05910531818189257,0.08954900587216075,0.495
1817,22.142857142857142,1145.8333333333333,70.45454545454547,2035,modest,moderate_re,1.8,solved,1991889645449.1648,582.9515309159804,565.2459674748656,1.8010000000000002,0.1842792774525255,604.4813970471484,1.4657746186090337,0.623380440084389,0.2120453751388276,0.16457418477678326,0.04218651357089162,0.05910531818189257,0.08954900587216075,0.894
1818,22.142857142857142,1145.8333333333333,79.54545454545455,2035,modest,moderate_re,1.8,solved,1995003352927.551,582.555124057908,566.129555880516,1.8010000000000004,0.17055369436168374,602.5768166734892,1.4757084461466867,0.6273526956938291,0.2080731195293877,0.16457418477678326,0.03861148352239563,0.05910531818189257,0.08954900587216075,0.452
1819,22.142857142857142,1145.8333333333333,88.63636363636364,2035,modest,moderate_re,1.8,solved,1997791197817.7478,582.425559003574,566.9206730419157,1.8010000000000002,0.16943117311623151,599.1462121966822,1.4904391230680114,0.6273526956938291,0.2080731195293877,0.16457418477678326,0.03861148352239563,0.05910531818189257,0.08954900587216075,0.999
1820,22.142857142857142,1145.8333333333333,97.72727272727273,2035,modest,moderate_re,1.8,solved,2000450573090.3845,582.9577838929733,567.6753338999079,1.8010000000000004,0.1624220238260643,597.8244356833067,1.5000825965828455,0.6253509997608463,0.21007481546237028,0.16457418477678326,0.04041300986207995,0.05910531818189257,0.08954900587216075,0.375
1821,22.142857142857142,1145.8333333333333,106.81818181818183,2035,modest,moderate_re,1.8,solved,2002923366562.2307,582.2003152361258,568.3770477431183,1.8010000000000004,0.15719502145601605,595.9672296971446,1.5141533591893825,0.6253509997608463,0.21007481546237028,0.16457418477678326,0.04041300986207995,0.05910531818189257,0.08954900587216075,0.255
1822,22.142857142857142,1145.8333333333333,115.90909090909092,2035,modest,moderate_re,1.8,solved,2005076848263.0203,582.1762666535341,568.9881492919332,1.8010000000000002,0.1487565975738369,595.108128432887,1.5216406195469987,0.6253509997608463,0.21007481546237028,0.16457418477678326,0.04041300986207995,0.05910531818189257,0.08954900587216075,0.561
1823,22.142857142857142,1145.8333333333333,125.0,2035,modest,moderate_re,1.8,solved,2007097509112.3525,582.1087905931313,569.5615597714389,1.8009999999999997,0.14066375066681397,594.2405897227798,1.5288607412000565,0.6253509997608463,0.21007481546237028,0.16457418477678326,0.04041300986207995,0.05910531818189257,0.08954900587216075,0.731
1824,22.142857142857142,1291.6666666666667,25.0,2035,modest,moderate_re,1.8,solved,1972456554971.1387,583.8730760366348,559.7313667772945,1.801,0.24937069084666802,625.5347214971524,1.3154865651104128,0.5887619783571212,0.24666383686609544,0.16457418477678326,0.07334312912543262,0.05910531818189257,0.08954900587216075,0.478
1825,22.142857142857142,1291.6666666666667,34.09090909090909,2035,modest,moderate_re,1.8,solved,1978513973226.7686,584.3757063582174,561.4503029895119,1.8010000000000002,0.2352714922487939,619.3896038371036,1.3751836998075704,0.5954055646388435,0.240020250584373,0.16457418477678326,0.06736390147188248,0.05910531818189257,0.08954900587216075,0.582
1826,22.142857142857142,1291.6666666666667,43.18181818181819,2035,modest,moderate_re,1.8,solved,1983614074840.651,584.7383825302604,562.8975778812437,1.8010000000000002,0.21471883486227902,616.572013941858,1.4001735616658133,0.601390760031294,0.23403505519192289,0.16457418477678326,0.06197722561867733,0.05910531818189257,0.08954900587216075,0.513
1827,22.142857142857142,1291.6666666666667,52.27272727272727,2035,modest,moderate_re,1.8,solved,1988028387972.4675,584.5514608293665,564.15024401294,1.8010000000000002,0.20610368668996043,611.7375213186614,1.4395594615670924,0.6041355495590227,0.2312902656641939,0.16457418477678326,0.05950691504372124,0.05910531818189257,0.08954900587216075,0.504
1828,22.142857142857142,1291.6666666666667,61.36363636363637,2035,modest,moderate_re,1.8,solved,1991967240101.3008,584.7788398943161,565.2679867992381,1.8010000000000002,0.19294159234002858,608.8017463295324,1.446511393923507,0.6119737789821147,0.2234520362411021,0.16457418477678326,0.05245250856293855,0.05910531818189257,0.08954900587216075,0.49
1829,22.142857142857142,1291.6666666666667,70.45454545454547,2035,modest,moderate_re,1.8,solved,1995376459278.9905,584.3610068063219,566.2354336639928,1.8010000000000002,0.1842792774525255,607.3609223678015,1.4657746186090337,0.623380440084389,0.2120453751388276,0.16457418477678326,0.04218651357089162,0.05910531818189257,0.08954900587216075,0.803
1830,22.142857142857142,1291.6666666666667,79.54545454545455,2035,modest,moderate_re,1.8,solved,1998501790703.421,583.9689864900348,567.1223206402457,1.8010000000000004,0.17055369436168488,605.4638727287354,1.4757084461466856,0.6273526956938291,0.2080731195293877,0.16457418477678326,0.03861148352239563,0.05910531818189257,0.08954900587216075,1.216
1831,22.142857142857142,1291.6666666666667,88.63636363636364,2035,modest,moderate_re,1.8,solved,2001289635593.6172,583.8394214357005,567.9134378016452,1.8010000000000002,0.16943117311623151,602.0332682519279,1.4904391230680114,0.6273526956938291,0.2080731195293877,0.16457418477678326,0.03861148352239563,0.05910531818189257,0.08954900587216075,0.261
1832,22.142857142857142,1291.6666666666667,97.72727272727273,2035,modest,moderate_re,1.8,solved,2003943153336.475,584.3694358624019,568.666436446525,1.8010000000000004,0.1624220238260643,600.7076968566796,1.5000825965828455,0.6253509997608463,0.21007481546237028,0.16457418477678326,0.04041300986207995,0.05910531818189257,0.08954900587216075,0.49
1833,22.142857142857142,1291.6666666666667,106.81818181818183,2035,modest,moderate_re,1.8,solved,2006417134446.308,583.6121925219585,569.3684873102046,1.8010000000000004,0.15719502145601605,598.8504908705175,1.5141533591893825,0.6253509997608463,0.21007481546237028,0.16457418477678326,0.04041300986207995,0.05910531818189257,0.08954900587216075,0.676
1834,22.142857142857142,1291.6666666666667,115.90909090909092,2035,modest,moderate_re,1.8,solved,2008570841042.674,583.5881886855848,569.9796526784776,1.8010000000000002,0.1487565975738369,597.99138960626,1.5216406195469987,0.6253509997608463,0.21007481546237028,0.16457418477678326,0.04041300986207995,0.05910531818189257,0.08954900587216075,0.407
1835,22.142857142857142,1291.6666666666667,125.0,2035,modest,moderate_re,1.8,solved,2010591501892.0068,583.5207126251822,570.5530631579834,1.8009999999999997,0.14066375066681397,597.1238508961527,1.5288607412000565,0.6253509997608463,0.21007481546237028,0.16457418477678326,0.04041300986207995,0.05910531818189257,0.08954900587216075,1.605
1836,22.142857142857142,1437.5,25.0,2035,modest,moderate_re,1.8,solved,1975879102664.9412,585.2567819270171,560.7025959248691,1.801,0.24937069084666802,628.3486159841143,1.3154865651104128,0.5887619783571212,0.24666383686609544,0.16457418477678326,0.07334312912543262,0.05910531818189257,0.08954900587216075,0.465
1837,22.142857142857142,1437.5,34.09090909090909,2035,modest,moderate_re,1.8,solved,1981951117197.8364,585.7652346005243,562.4256741772258,1.8010000000000002,0.2352714922487939,622.216093456391,1.3751836998075704,0.5954055646388435,0.240020250584373,0.16457418477678326,0.06736390147188248,0.05910531818189257,0.08954900587216075,0.577
1838,22.142857142857142,1437.5,43.18181818181819,2035,modest,moderate_re,1.8,solved,1987066897999.687,586.1341532015546,563.8773984107132,1.8010000000000002,0.21471883486227902,619.4098504940769,1.4001735616658133,0.601390760031294,0.23403505519192289,0.16457418477678326,0.06197722561867733,0.05910531818189257,0.08954900587216075,0.261
1839,22.142857142857142,1437.5,52.27272727272727,2035,modest,moderate_re,1.8,solved,1991488630264.209,585.950144092269,565.1321698974193,1.8010000000000002,0.20610368668996043,614.5805615343598,1.4395594615670924,0.6041355495590227,0.2312902656641939,0.16457418477678326,0.05950691504372124,0.05910531818189257,0.08954900587216075,0.463
1840,22.142857142857142,1437.5,61.36363636363637,2035,modest,moderate_re,1.8,solved,1995448457360.3406,586.1857889595838,566.2558648285616,1.8010000000000002,0.19294159234002858,611.6596465218456,1.446511393923507,0.6119737789821147,0.2234520362411021,0.16457418477678326,0.05245250856293855,0.05910531818189257,0.08954900587216075,0.419
1841,22.142857142857142,1437.5,70.45454545454547,2035,modest,moderate_re,1.8,solved,1998860787513.3506,585.7415725943538,567.2241945064072,1.801,0.1860543759557582,605.9719728367835,1.4741164468035712,0.6127522914604445,0.2226735237627721,0.16457418477678326,0.05175184733244164,0.05910531818189257,0.08954900587216075,0.607
1842,22.142857142857142,1437.5,79.54545454545455,2035,modest,moderate_re,1.8,solved,2002000228479.2903,585.3828489221613,568.1150853999751,1.8010000000000004,0.17055369436168374,608.3509287839813,1.4757084461466867,0.6273526956938291,0.2080731195293877,0.16457418477678326,0.03861148352239563,0.05910531818189257,0.08954900587216075,0.485
1843,22.142857142857142,1437.5,88.63636363636364,2035,modest,moderate_re,1.8,solved,2004786204130.0862,585.3755085541668,568.9056721203254,1.801,0.16963336145644003,606.0669121783235,1.491275623759284,0.6266179232670729,0.2088078919561439,0.16457418477678326,0.03927277870647617,0.05910531818189257,0.08954900587216075,0.714
1844,22.142857142857142,1437.5,97.72727272727273,2035,modest,moderate_re,1.8,solved,2007435733582.5662,585.7810878318307,569.6575389931423,1.8010000000000004,0.1624220238260643,603.5909580300525,1.5000825965828455,0.6253509997608463,0.21007481546237028,0.16457418477678326,0.04041300986207995,0.05910531818189257,0.08954900587216075,1.044
1845,22.142857142857142,1437.5,106.81818181818183,2035,modest,moderate_re,1.8,solved,2009910902330.3853,585.0240698077911,570.359926877291,1.8010000000000004,0.15719502145601605,601.7337520438905,1.5141533591893825,0.6253509997608463,0.21007481546237028,0.16457418477678326,0.04041300986207995,0.05910531818189257,0.08954900587216075,0.784
1846,22.142857142857142,1437.5,115.90909090909092,2035,modest,moderate_re,1.8,solved,2012064833822.3267,585.0001107176355,570.9711560650217,1.8010000000000002,0.1487565975738369,600.8746507796332,1.5216406195469987,0.6253509997608463,0.21007481546237028,0.16457418477678326,0.04041300986207995,0.05910531818189257,0.08954900587216075,0.38
1847,22.142857142857142,1437.5,125.0,2035,modest,moderate_re,1.8,solved,2014085494671.66,584.9326346572328,571.5445665445276,1.8009999999999997,0.14066375066681397,600.0071120695256,1.5288607412000565,0.6253509997608463,0.21007481546237028,0.16457418477678326,0.04041300986207995,0.05910531818189257,0.08954900587216075,0.366
1848,22.142857142857142,1583.3333333333335,25.0,2035,modest,moderate_re,1.8,solved,1979301650358.7432,586.6404878173995,561.6738250724436,1.801,0.24937069084666802,631.162510471076,1.3154865651104128,0.5887619783571212,0.24666383686609544,0.16457418477678326,0.07334312912543262,0.05910531818189257,0.08954900587216075,0.588
1849,22.142857142857142,1583.3333333333335,34.09090909090909,2035,modest,moderate_re,1.8,solved,1985385564324.6792,587.3585135560468,563.400280071377,1.8010000000000004,0.23745547196585592,625.4181421173347,1.372955298252121,0.5942411835297524,0.24118463169346416,0.16457418477678326,0.06841184447006447,0.05910531818189257,0.08954900587216075,0.71
1850,22.142857142857142,1583.3333333333335,43.18181818181819,2035,modest,moderate_re,1.8,solved,1990519721158.7212,587.5299238728486,564.8572189401823,1.8010000000000002,0.21471883486227902,622.2476870462962,1.4001735616658133,0.601390760031294,0.23403505519192289,0.16457418477678326,0.06197722561867733,0.05910531818189257,0.08954900587216075,0.774
1851,22.142857142857142,1583.3333333333335,52.27272727272727,2035,modest,moderate_re,1.8,solved,1994948406306.4614,587.4847873003432,566.1139634725389,1.8010000000000006,0.2074848009951531,617.5821735822825,1.4388896639069746,0.6032494147085022,0.23217640051471441,0.16457418477678326,0.06030443640918968,0.05910531818189257,0.08954900587216075,0.865
1852,22.142857142857142,1583.3333333333335,61.36363636363637,2035,modest,moderate_re,1.8,solved,1998929674619.381,587.5927380248513,567.2437428578853,1.8010000000000002,0.19294159234002858,614.517546714159,1.446511393923507,0.6119737789821147,0.2234520362411021,0.16457418477678326,0.05245250856293855,0.05910531818189257,0.08954900587216075,0.801
1853,22.142857142857142,1583.3333333333335,70.45454545454547,2035,modest,moderate_re,1.8,solved,2002344250101.0415,587.1493757213863,568.2127097010318,1.801,0.1860543759557582,608.8313489590037,1.4741164468035712,0.6127522914604445,0.2226735237627721,0.16457418477678326,0.05175184733244164,0.05910531818189257,0.08954900587216075,0.702
1854,22.142857142857142,1583.3333333333335,79.54545454545455,2035,modest,moderate_re,1.8,solved,2005498666255.1592,586.796711354288,569.1078501597044,1.8010000000000004,0.17055369436168488,611.2379848392272,1.4757084461466856,0.6273526956938291,0.2080731195293877,0.16457418477678326,0.03861148352239563,0.05910531818189257,0.08954900587216075,0.391
1855,22.142857142857142,1583.3333333333335,88.63636363636364,2035,modest,moderate_re,1.8,solved,2008282491753.5278,586.7885595808175,569.8978267232663,1.801,0.16963336145644003,608.9525752275104,1.491275623759284,0.6266179232670729,0.2088078919561439,0.16457418477678326,0.03927277870647617,0.05910531818189257,0.08954900587216075,0.595
1856,22.142857142857142,1583.3333333333335,97.72727272727273,2035,modest,moderate_re,1.8,solved,2010928313828.6562,587.1927398012593,570.6486415397594,1.8010000000000004,0.1624220238260643,606.4742192034255,1.5000825965828455,0.6253509997608463,0.21007481546237028,0.16457418477678326,0.04041300986207995,0.05910531818189257,0.08954900587216075,0.488
1857,22.142857142857142,1583.3333333333335,106.81818181818183,2035,modest,moderate_re,1.8,solved,2013404670214.4636,586.4359470936237,571.3513664443776,1.8010000000000004,0.15719502145601605,604.6170132172634,1.5141533591893825,0.6253509997608463,0.21007481546237028,0.16457418477678326,0.04041300986207995,0.05910531818189257,0.08954900587216075,0.628
1858,22.142857142857142,1583.3333333333335,115.90909090909092,2035,modest,moderate_re,1.8,solved,2015558826601.981,586.4120327496862,571.9626594515662,1.8010000000000002,0.1487565975738369,603.7579119530061,1.5216406195469987,0.6253509997608463,0.21007481546237028,0.16457418477678326,0.04041300986207995,0.05910531818189257,0.08954900587216075,1.34
1859,22.142857142857142,1583.3333333333335,125.0,2035,modest,moderate_re,1.8,solved,2017579487451.314,586.3445566892834,572.5360699310721,1.8009999999999997,0.14066375066681397,602.8903732428986,1.5288607412000565,0.6253509997608463,0.21007481546237028,0.16457418477678326,0.04041300986207995,0.05910531818189257,0.08954900587216075,0.565
1860,22.142857142857142,1729.1666666666667,25.0,2035,modest,moderate_re,1.8,solved,1982724073940.0315,588.0266232067369,562.6450190001462,1.8010000000000002,0.249232872590233,634.0144709546586,1.3155211941391134,0.5887619783571214,0.24666383686609544,0.16457418477678326,0.07334312912543256,0.05910531818189257,0.08954900587216075,0.899
1861,22.142857142857142,1729.1666666666667,34.09090909090909,2035,modest,moderate_re,1.8,solved,1988819600887.0942,588.746815647726,564.3747694581265,1.8010000000000004,0.23745547196585592,628.242424264103,1.372955298252121,0.5942411835297524,0.24118463169346416,0.16457418477678326,0.06841184447006447,0.05910531818189257,0.08954900587216075,0.615
1862,22.142857142857142,1729.1666666666667,43.18181818181819,2035,modest,moderate_re,1.8,solved,1993972544317.7576,588.9256945441426,565.8370394696519,1.8010000000000002,0.21471883486227902,625.0855235985154,1.4001735616658133,0.601390760031294,0.23403505519192289,0.16457418477678326,0.06197722561867733,0.05910531818189257,0.08954900587216075,0.542
1863,22.142857142857142,1729.1666666666667,52.27272727272727,2035,modest,moderate_re,1.8,solved,1998406283751.2634,588.8825374196259,567.0952182755659,1.8010000000000006,0.2074848009951531,620.4235338339938,1.4388896639069746,0.6032494147085022,0.23217640051471441,0.16457418477678326,0.06030443640918968,0.05910531818189257,0.08954900587216075,0.59
1864,22.142857142857142,1729.1666666666667,61.36363636363637,2035,modest,moderate_re,1.8,solved,2002410891878.421,588.9996870901188,568.2316208872088,1.8010000000000002,0.1929415923400287,617.3754469064721,1.446511393923507,0.6119737789821147,0.2234520362411021,0.16457418477678326,0.05245250856293855,0.05910531818189257,0.08954900587216075,0.261
1865,22.142857142857142,1729.1666666666667,70.45454545454547,2035,modest,moderate_re,1.8,solved,2005827712688.7332,588.5571788484187,569.2012248956565,1.801,0.1860543759557582,611.6907250812238,1.4741164468035712,0.6127522914604445,0.2226735237627721,0.16457418477678326,0.05175184733244164,0.05910531818189257,0.08954900587216075,0.563
1866,22.142857142857142,1729.1666666666667,79.54545454545455,2035,modest,moderate_re,1.8,solved,2008997104031.028,588.2105737864142,570.1006149194337,1.8010000000000004,0.17055369436168374,614.125040894473,1.4757084461466867,0.6273526956938291,0.2080731195293877,0.16457418477678326,0.03861148352239563,0.05910531818189257,0.08954900587216075,0.256
1867,22.142857142857142,1729.1666666666667,88.63636363636364,2035,modest,moderate_re,1.8,solved,2011777218046.3232,588.2128692531097,570.8895382615758,1.801,0.16832328172735356,611.4762514859668,1.4942696303993364,0.6253509997608463,0.21007481546237028,0.16457418477678326,0.04041300986207995,0.05910531818189257,0.08954900587216075,0.38
1868,22.142857142857142,1729.1666666666667,97.72727272727273,2035,modest,moderate_re,1.8,solved,2014420894074.7476,588.6043917706877,571.6397440863768,1.8010000000000004,0.1624220238260643,609.3574803767984,1.5000825965828455,0.6253509997608463,0.21007481546237028,0.16457418477678326,0.04041300986207995,0.05910531818189257,0.08954900587216075,0.567
1869,22.142857142857142,1729.1666666666667,106.81818181818183,2035,modest,moderate_re,1.8,solved,2016898438098.5405,587.8478243794564,572.3428060114638,1.8010000000000004,0.15719502145601605,607.5002743906364,1.5141533591893825,0.6253509997608463,0.21007481546237028,0.16457418477678326,0.04041300986207995,0.05910531818189257,0.08954900587216075,0.613
1870,22.142857142857142,1729.1666666666667,115.90909090909092,2035,modest,moderate_re,1.8,solved,2019052819381.6345,587.823954781737,572.9541628381105,1.8010000000000002,0.1487565975738369,606.641173126379,1.5216406195469987,0.6253509997608463,0.21007481546237028,0.16457418477678326,0.04041300986207995,0.05910531818189257,0.08954900587216075,0.354
1871,22.142857142857142,1729.1666666666667,125.0,2035,modest,moderate_re,1.8,solved,2021073480230.967,587.756478721334,573.5275733176163,1.8009999999999997,0.14066375066681397,605.7736344162716,1.5288607412000565,0.6253509997608463,0.21007481546237028,0.16457418477678326,0.04041300986207995,0.05910531818189257,0.08954900587216075,0.273
1872,22.142857142857142,1875.0,25.0,2035,modest,moderate_re,1.8,solved,1986146484332.4692,589.4102793027679,563.6162091851996,1.8010000000000002,0.249232872590233,636.8283654416202,1.3155211941391134,0.5887619783571214,0.24666383686609544,0.16457418477678326,0.07334312912543256,0.05910531818189257,0.08954900587216075,0.586
1873,22.142857142857142,1875.0,34.09090909090909,2035,modest,moderate_re,1.8,solved,1992253637449.5093,590.1351177394055,565.3492588448759,1.8010000000000004,0.23745547196585592,631.066706410871,1.372955298252121,0.5942411835297524,0.24118463169346416,0.16457418477678326,0.06841184447006447,0.05910531818189257,0.08954900587216075,0.798
1874,22.142857142857142,1875.0,43.18181818181819,2035,modest,moderate_re,1.8,solved,1997425367476.7932,590.3214652154365,566.8168599991214,1.8010000000000002,0.21471883486227902,627.9233601507341,1.4001735616658133,0.601390760031294,0.23403505519192289,0.16457418477678326,0.06197722561867733,0.05910531818189257,0.08954900587216075,0.475
1875,22.142857142857142,1875.0,52.27272727272727,2035,modest,moderate_re,1.8,solved,2001864161196.0654,590.2802875389087,568.0764730785928,1.8010000000000006,0.2074848009951531,623.264894085705,1.4388896639069746,0.6032494147085022,0.23217640051471441,0.16457418477678326,0.06030443640918968,0.05910531818189257,0.08954900587216075,0.474
1876,22.142857142857142,1875.0,61.36363636363637,2035,modest,moderate_re,1.8,solved,2005891341554.6733,590.578054919594,569.2192810966966,1.8010000000000002,0.19451393072826878,619.8051846611572,1.4461881878196068,0.6106456025894806,0.22478021263373615,0.16457418477678326,0.05364786731630925,0.05910531818189257,0.08954900587216075,0.287
1877,22.142857142857142,1875.0,70.45454545454547,2035,modest,moderate_re,1.8,solved,2009311175276.4246,589.9649819754511,570.1897400902812,1.801,0.1860543759557582,614.5501012034439,1.4741164468035712,0.6127522914604445,0.2226735237627721,0.16457418477678326,0.05175184733244164,0.05910531818189257,0.08954900587216075,0.37
1878,22.142857142857142,1875.0,79.54545454545455,2035,modest,moderate_re,1.8,solved,2012495541806.8975,589.6244362185406,571.0933796791631,1.8010000000000004,0.17055369436168374,617.012096949719,1.4757084461466867,0.6273526956938291,0.2080731195293877,0.16457418477678326,0.03861148352239563,0.05910531818189257,0.08954900587216075,0.475
1879,22.142857142857142,1875.0,88.63636363636364,2035,modest,moderate_re,1.8,solved,2015269798292.4128,589.6245212225383,571.8806408081927,1.801,0.16832328172735356,614.35951265934,1.4942696303993364,0.6253509997608463,0.21007481546237028,0.16457418477678326,0.04041300986207995,0.05910531818189257,0.08954900587216075,0.928
1880,22.142857142857142,1875.0,97.72727272727273,2035,modest,moderate_re,1.8,solved,2017913474320.8381,590.0160437401166,572.630846632994,1.8010000000000004,0.1624220238260643,612.2407415501715,1.5000825965828455,0.6253509997608463,0.21007481546237028,0.16457418477678326,0.04041300986207995,0.05910531818189257,0.08954900587216075,1.265
1881,22.142857142857142,1875.0,106.81818181818183,2035,modest,moderate_re,1.8,solved,2020391788422.8875,589.8165900287903,573.3341270860652,1.801,0.16129003828350316,610.892624846136,1.5110381373570305,0.6253509997608463,0.21007481546237028,0.16457418477678326,0.04041300986207995,0.05910531818189257,0.08954900587216075,1.023
1882,22.142857142857142,1875.0,115.90909090909092,2035,modest,moderate_re,1.8,solved,2022546812161.2876,589.2358768137876,573.9456662246547,1.8010000000000002,0.1487565975738369,609.524434299752,1.5216406195469987,0.6253509997608463,0.21007481546237028,0.16457418477678326,0.04041300986207995,0.05910531818189257,0.08954900587216075,0.395
1883,22.142857142857142,1875.0,125.0,2035,modest,moderate_re,1.8,solved,2024567473010.6206,589.168400753385,574.5190767041606,1.8009999999999997,0.14066375066681397,608.6568955896446,1.5288607412000565,0.6253509997608463,0.21007481546237028,0.16457418477678326,0.04041300986207995,0.05910531818189257,0.08954900587216075,0.473
1884,22.142857142857142,2020.8333333333335,25.0,2035,modest,moderate_re,1.8,solved,1989567057386.1807,590.8721428419078,564.5868779817772,1.8010000000000004,0.2470608191844737,640.5225085728662,1.3164854597555702,0.5885943219049808,0.2468314933182357,0.16457418477678326,0.07349401993235888,0.05910531818189257,0.08954900587216075,0.463
1885,22.142857142857142,2020.8333333333335,34.09090909090909,2035,modest,moderate_re,1.8,solved,1995687674011.9238,591.5234198310849,566.3237482316252,1.8010000000000004,0.23745547196585592,633.8909885576393,1.372955298252121,0.5942411835297524,0.24118463169346416,0.16457418477678326,0.06841184447006447,0.05910531818189257,0.08954900587216075,0.387
1886,22.142857142857142,2020.8333333333335,43.18181818181819,2035,modest,moderate_re,1.8,solved,2000878190635.828,591.7172358867307,567.7966805285906,1.8010000000000002,0.21471883486227902,630.7611967029533,1.4001735616658133,0.601390760031294,0.23403505519192289,0.16457418477678326,0.06197722561867733,0.05910531818189257,0.08954900587216075,0.784
1887,22.142857142857142,2020.8333333333335,52.27272727272727,2035,modest,moderate_re,1.8,solved,2005322038640.868,591.6780376581916,569.0577278816199,1.8010000000000006,0.2074848009951531,626.1062543374162,1.4388896639069746,0.6032494147085022,0.23217640051471441,0.16457418477678326,0.06030443640918968,0.05910531818189257,0.08954900587216075,0.498
1888,22.142857142857142,2020.8333333333335,61.36363636363637,2035,modest,moderate_re,1.8,solved,2009366983953.596,591.9865300313814,570.2055771271339,1.8010000000000004,0.19329743943685876,624.3281151937349,1.4493595005638904,0.6094084490617913,0.2260173661614253,0.16457418477678326,0.05476130549122954,0.05910531818189257,0.08954900587216075,0.979
1889,22.142857142857142,2020.8333333333335,70.45454545454547,2035,modest,moderate_re,1.8,solved,2012792107373.0095,591.6274575595193,571.1775371979894,1.8010000000000004,0.18832072551512674,617.6654937614392,1.472873952963009,0.6117792943155909,0.22364652090762568,0.16457418477678326,0.0526275447628099,0.05910531818189257,0.08954900587216075,0.368
1890,22.142857142857142,2020.8333333333335,79.54545454545455,2035,modest,moderate_re,1.8,solved,2015993979582.7666,591.0382986506671,572.0861444388926,1.8010000000000004,0.17055369436168374,619.899153004965,1.4757084461466867,0.6273526956938291,0.2080731195293877,0.16457418477678326,0.03861148352239563,0.05910531818189257,0.08954900587216075,0.511
1891,22.142857142857142,2020.8333333333335,88.63636363636364,2035,modest,moderate_re,1.8,solved,2018762378538.504,591.0361731919669,572.8717433548101,1.801,0.16832328172735356,617.2427738327129,1.4942696303993364,0.6253509997608463,0.21007481546237028,0.16457418477678326,0.04041300986207995,0.05910531818189257,0.08954900587216075,0.689
1892,22.142857142857142,2020.8333333333335,97.72727272727273,2035,modest,moderate_re,1.8,solved,2021406054566.9287,591.4276957095452,573.6219491796112,1.8010000000000004,0.1624220238260643,615.1240027235444,1.5000825965828455,0.6253509997608463,0.21007481546237028,0.16457418477678326,0.04041300986207995,0.05910531818189257,0.08954900587216075,0.49
1893,22.142857142857142,2020.8333333333335,106.81818181818183,2035,modest,moderate_re,1.8,solved,2023884494470.6477,591.228261710597,574.3252653318923,1.801,0.16129003828350316,613.7758860195091,1.5110381373570305,0.6253509997608463,0.21007481546237028,0.16457418477678326,0.04041300986207995,0.05910531818189257,0.08954900587216075,1.148
1894,22.142857142857142,2020.8333333333335,115.90909090909092,2035,modest,moderate_re,1.8,solved,2026040804940.9414,590.6477988458383,574.9371696111991,1.8010000000000002,0.1487565975738369,612.4076954731249,1.5216406195469987,0.6253509997608463,0.21007481546237028,0.16457418477678326,0.04041300986207995,0.05910531818189257,0.08954900587216075,0.382
1895,22.142857142857142,2020.8333333333335,125.0,2035,modest,moderate_re,1.8,solved,2028061465790.2744,590.5803227854356,575.510580090705,1.8009999999999997,0.14066375066681397,611.5401567630174,1.5288607412000565,0.6253509997608463,0.21007481546237028,0.16457418477678326,0.04041300986207995,0.05910531818189257,0.08954900587216075,0.26
1896,22.142857142857142,2166.666666666667,25.0,2035,modest,moderate_re,1.8,solved,1992986024048.7673,592.2544985103149,565.5570909267431,1.8010000000000004,0.2470608191844737,643.3360852111375,1.3164854597555702,0.5885943219049808,0.2468314933182357,0.16457418477678326,0.07349401993235888,0.05910531818189257,0.08954900587216075,0.51
1897,22.142857142857142,2166.666666666667,34.09090909090909,2035,modest,moderate_re,1.8,solved,1999120385994.5918,593.2394552776863,567.2978617374305,1.8010000000000002,0.24095988701655763,637.3037245019799,1.3693796038952013,0.5923728169640871,0.24305299825912946,0.16457418477678326,0.07009337437916331,0.05910531818189257,0.08954900587216075,0.366
1898,22.142857142857142,2166.666666666667,43.18181818181819,2035,modest,moderate_re,1.8,solved,2004331013794.8638,593.1130065580248,568.7765010580601,1.8010000000000002,0.21471883486227902,633.5990332551721,1.4001735616658133,0.601390760031294,0.23403505519192289,0.16457418477678326,0.06197722561867733,0.05910531818189257,0.08954900587216075,0.491
1899,22.142857142857142,2166.666666666667,52.27272727272727,2035,modest,moderate_re,1.8,solved,2008779074483.2837,593.3762887827633,570.038743859993,1.8010000000000002,0.21045105695109997,629.3081280687926,1.4369822955073313,0.6018460821090423,0.23357973311417426,0.16457418477678326,0.061567435748703485,0.05910531818189257,0.08954900587216075,0.413
1900,22.142857142857142,2166.666666666667,61.36363636363637,2035,modest,moderate_re,1.8,solved,2012840935373.303,593.4648682165307,571.1913933020808,1.8010000000000002,0.1939648452071194,627.2658525821854,1.448917132156557,0.6091067858362894,0.22631902938692725,0.16457418477678326,0.05503280239418133,0.05910531818189257,0.08954900587216075,0.289
1901,22.142857142857142,2166.666666666667,70.45454545454547,2035,modest,moderate_re,1.8,solved,2016272751112.9497,593.0341910991493,572.165252477655,1.8010000000000004,0.18832072551512674,620.5230252432387,1.472873952963009,0.6117792943155909,0.22364652090762568,0.16457418477678326,0.0526275447628099,0.05910531818189257,0.08954900587216075,0.957
1902,22.142857142857142,2166.666666666667,79.54545454545455,2035,modest,moderate_re,1.8,solved,2019492417358.6365,592.4521610827937,573.0789091986221,1.8010000000000004,0.17055369436168374,622.786209060211,1.4757084461466867,0.6273526956938291,0.2080731195293877,0.16457418477678326,0.03861148352239563,0.05910531818189257,0.08954900587216075,7.446
1903,22.142857142857142,2166.666666666667,88.63636363636364,2035,modest,moderate_re,1.8,solved,2022254958784.595,592.4478251613957,573.8628459014274,1.801,0.16832328172735356,620.126035006086,1.4942696303993364,0.6253509997608463,0.21007481546237028,0.16457418477678326,0.04041300986207995,0.05910531818189257,0.08954900587216075,0.591
1904,22.142857142857142,2166.666666666667,97.72727272727273,2035,modest,moderate_re,1.8,solved,2024898634813.0193,592.839347678974,574.6130517262284,1.8010000000000004,0.1624220238260643,618.0072638969174,1.5000825965828455,0.6253509997608463,0.21007481546237028,0.16457418477678326,0.04041300986207995,0.05910531818189257,0.08954900587216075,0.729
1905,22.142857142857142,2166.666666666667,106.81818181818183,2035,modest,moderate_re,1.8,solved,2027377200518.408,592.6399333924039,575.3164035777194,1.801,0.16129003828350316,616.6591471928821,1.5110381373570305,0.6253509997608463,0.21007481546237028,0.16457418477678326,0.04041300986207995,0.05910531818189257,0.08954900587216075,0.482
1906,22.142857142857142,2166.666666666667,115.90909090909092,2035,modest,moderate_re,1.8,solved,2029534797720.595,592.059720877889,575.9286729977435,1.8010000000000002,0.1487565975738369,615.290956646498,1.5216406195469987,0.6253509997608463,0.21007481546237028,0.16457418477678326,0.04041300986207995,0.05910531818189257,0.08954900587216075,0.597
1907,22.142857142857142,2166.666666666667,125.0,2035,modest,moderate_re,1.8,solved,2031555458569.928,591.9922448174863,576.5020834772494,1.8009999999999997,0.14066375066681397,614.4234179363906,1.5288607412000565,0.6253509997608463,0.21007481546237028,0.16457418477678326,0.04041300986207995,0.05910531818189257,0.08954900587216075,0.675
1908,22.142857142857142,2312.5,25.0,2035,modest,moderate_re,1.8,solved,1996402783146.31,593.8828878736208,566.5266774227276,1.8010000000000004,0.25178042193876654,645.9876829349072,1.3186723790559327,0.5862090620090097,0.2492167532142071,0.16457418477678326,0.07564075383873306,0.05910531818189257,0.08954900587216075,1.073
1909,22.142857142857142,2312.5,34.09090909090909,2035,modest,moderate_re,1.8,solved,2002549436407.379,594.6257898873969,568.2709361858691,1.8010000000000002,0.24095988701655763,640.124464537134,1.3693796038952013,0.5923728169640871,0.24305299825912946,0.16457418477678326,0.07009337437916331,0.05910531818189257,0.08954900587216075,0.618
1910,22.142857142857142,2312.5,43.18181818181819,2035,modest,moderate_re,1.8,solved,2007783836953.8984,594.5087772293188,569.7563215875293,1.8010000000000002,0.21471883486227902,636.4368698073914,1.4001735616658133,0.601390760031294,0.23403505519192289,0.16457418477678326,0.06197722561867733,0.05910531818189257,0.08954900587216075,0.587
1911,22.142857142857142,2312.5,52.27272727272727,2035,modest,moderate_re,1.8,solved,2012233001422.873,594.7916895054608,571.0188776133945,1.801,0.21055267948697798,632.1624854143506,1.4368718557928606,0.6018460821090423,0.23357973311417426,0.16457418477678326,0.061567435748703485,0.05910531818189257,0.08954900587216075,0.474
1912,22.142857142857142,2312.5,61.36363636363637,2035,modest,moderate_re,1.8,solved,2016314355598.846,594.868768745973,572.1770587380748,1.8010000000000002,0.1939648452071194,630.1183174333265,1.448917132156557,0.6091067858362894,0.22631902938692725,0.16457418477678326,0.05503280239418133,0.05910531818189257,0.08954900587216075,0.389
1913,22.142857142857142,2312.5,70.45454545454547,2035,modest,moderate_re,1.8,solved,2019753394852.8901,594.4409246387796,573.1529677573207,1.8010000000000004,0.18832072551512674,623.3805567250386,1.472873952963009,0.6117792943155909,0.22364652090762568,0.16457418477678326,0.0526275447628099,0.05910531818189257,0.08954900587216075,0.383
1914,22.142857142857142,2312.5,79.54545454545455,2035,modest,moderate_re,1.8,solved,2022989807852.7068,593.9285310521234,574.0713767672822,1.801,0.17068361396851556,626.2565806153809,1.4760813930473446,0.6269812355028558,0.20844457972036085,0.16457418477678326,0.03894579769427146,0.05910531818189257,0.08954900587216075,0.603
1915,22.142857142857142,2312.5,88.63636363636364,2035,modest,moderate_re,1.8,solved,2025747539030.685,593.8594771308243,574.8539484480444,1.801,0.16832328172735356,623.0092961794589,1.4942696303993364,0.6253509997608463,0.21007481546237028,0.16457418477678326,0.04041300986207995,0.05910531818189257,0.08954900587216075,0.24
1916,22.142857142857142,2312.5,97.72727272727273,2035,modest,moderate_re,1.8,solved,2028391215059.1104,594.2509996484026,575.6041542728457,1.8010000000000004,0.1624220238260643,620.8905250702903,1.5000825965828455,0.6253509997608463,0.21007481546237028,0.16457418477678326,0.04041300986207995,0.05910531818189257,0.08954900587216075,0.362
1917,22.142857142857142,2312.5,106.81818181818183,2035,modest,moderate_re,1.8,solved,2030869906566.1682,594.0516050742109,576.3075418235464,1.801,0.16129003828350316,619.5424083662551,1.5110381373570305,0.6253509997608463,0.21007481546237028,0.16457418477678326,0.04041300986207995,0.05910531818189257,0.08954900587216075,0.259
1918,22.142857142857142,2312.5,115.90909090909092,2035,modest,moderate_re,1.8,solved,2033028790500.2488,593.4716429099398,576.920176384288,1.8010000000000002,0.1487565975738369,618.1742178198708,1.5216406195469987,0.6253509997608463,0.21007481546237028,0.16457418477678326,0.04041300986207995,0.05910531818189257,0.08954900587216075,0.378
1919,22.142857142857142,2312.5,125.0,2035,modest,moderate_re,1.8,solved,2035049451349.5818,593.4041668495371,577.4935868637938,1.8009999999999997,0.14066375066681397,617.3066791097635,1.5288607412000565,0.6253509997608463,0.21007481546237028,0.16457418477678326,0.04041300986207995,0.05910531818189257,0.08954900587216075,0.254
1920,22.142857142857142,2458.3333333333335,25.0,2035,modest,moderate_re,1.8,solved,1999815384215.0352,595.2627317459368,567.495083979338,1.8010000000000004,0.25178042193876654,648.7967375179588,1.3186723790559327,0.5862090620090097,0.2492167532142071,0.16457418477678326,0.07564075383873306,0.05910531818189257,0.08954900587216075,0.482
1921,22.142857142857142,2458.3333333333335,34.09090909090909,2035,modest,moderate_re,1.8,solved,2005977677880.1838,596.0511717196175,569.2437810783863,1.8009999999999997,0.24101471670498484,642.8803133585353,1.3700837074577938,0.5918163054002764,0.24360950982294013,0.16457418477678326,0.07059423478659288,0.05910531818189257,0.08954900587216075,0.471
1922,22.142857142857142,2458.3333333333335,43.18181818181819,2035,modest,moderate_re,1.8,solved,2011236660112.9338,595.9045479006128,570.7361421169987,1.8010000000000002,0.21471883486227902,639.2747063596103,1.4001735616658133,0.601390760031294,0.23403505519192289,0.16457418477678326,0.06197722561867733,0.05910531818189257,0.08954900587216075,0.3
1923,22.142857142857142,2458.3333333333335,52.27272727272727,2035,modest,moderate_re,1.8,solved,2015686918260.9258,596.1879173478324,571.9990085002453,1.801,0.21055267948697798,635.0011851813421,1.4368718557928606,0.6018460821090423,0.23357973311417426,0.16457418477678326,0.061567435748703485,0.05910531818189257,0.08954900587216075,0.808
1924,22.142857142857142,2458.3333333333335,61.36363636363637,2035,modest,moderate_re,1.8,solved,2019787775824.3882,596.2726692754154,573.1627241740688,1.8010000000000002,0.1939648452071194,632.9707822844675,1.448917132156557,0.6091067858362894,0.22631902938692725,0.16457418477678326,0.05503280239418133,0.05910531818189257,0.08954900587216075,0.412
1925,22.142857142857142,2458.3333333333335,70.45454545454547,2035,modest,moderate_re,1.8,solved,2023234038592.83,595.8476581784097,574.1406830369862,1.8010000000000004,0.18832072551512674,626.2380882068381,1.472873952963009,0.6117792943155909,0.22364652090762568,0.16457418477678326,0.0526275447628099,0.05910531818189257,0.08954900587216075,0.9
1926,22.142857142857142,2458.3333333333335,79.54545454545455,2035,modest,moderate_re,1.8,solved,2026486470251.2273,596.4826655328696,575.0636377215476,1.8010000000000004,0.18024672668007788,630.2442639551604,1.470688786627193,0.6230352408454166,0.21239057437780018,0.16457418477678326,0.04249719288596676,0.05910531818189257,0.08954900587216075,0.657
1927,22.142857142857142,2458.3333333333335,88.63636363636364,2035,modest,moderate_re,1.8,solved,2029240119276.776,595.2711291002529,575.8450509946616,1.801,0.16832328172735356,625.8925573528319,1.4942696303993364,0.6253509997608463,0.21007481546237028,0.16457418477678326,0.04041300986207995,0.05910531818189257,0.08954900587216075,0.591
1928,22.142857142857142,2458.3333333333335,97.72727272727273,2035,modest,moderate_re,1.8,solved,2031883795305.2002,595.6626516178311,576.5952568194626,1.8010000000000004,0.1624220238260643,623.7737862436633,1.5000825965828455,0.6253509997608463,0.21007481546237028,0.16457418477678326,0.04041300986207995,0.05910531818189257,0.08954900587216075,0.579
1929,22.142857142857142,2458.3333333333335,106.81818181818183,2035,modest,moderate_re,1.8,solved,2034362612613.9292,595.4632767560179,577.2986800693737,1.801,0.16129003828350316,622.4256695396281,1.5110381373570305,0.6253509997608463,0.21007481546237028,0.16457418477678326,0.04041300986207995,0.05910531818189257,0.08954900587216075,1.447
1930,22.142857142857142,2458.3333333333335,115.90909090909092,2035,modest,moderate_re,1.8,solved,2036522783279.9026,594.8835649419906,577.9116797708324,1.8010000000000002,0.1487565975738369,621.0574789932438,1.5216406195469987,0.6253509997608463,0.21007481546237028,0.16457418477678326,0.04041300986207995,0.05910531818189257,0.08954900587216075,0.605
1931,22.142857142857142,2458.3333333333335,125.0,2035,modest,moderate_re,1.8,solved,2038543444129.2349,594.8160888815877,578.4850902503381,1.8009999999999997,0.14066375066681397,620.1899402831365,1.5288607412000565,0.6253509997608463,0.21007481546237028,0.16457418477678326,0.04041300986207995,0.05910531818189257,0.08954900587216075,0.908
1932,22.142857142857142,2604.166666666667,25.0,2035,modest,moderate_re,1.8,solved,2003227985283.7605,596.6425756182527,568.4634905359485,1.8010000000000004,0.25178042193876654,651.6057921010108,1.3186723790559327,0.5862090620090097,0.2492167532142071,0.16457418477678326,0.07564075383873306,0.05910531818189257,0.08954900587216075,0.674
1933,22.142857142857142,2604.166666666667,34.09090909090909,2035,modest,moderate_re,1.8,solved,2009401982495.0771,597.520506811588,570.2155087940235,1.8010000000000002,0.24123792096124522,645.5694811898287,1.3715227933498506,0.5905964080191344,0.2448294072040821,0.16457418477678326,0.07169214242962058,0.05910531818189257,0.08954900587216075,0.454
1934,22.142857142857142,2604.166666666667,43.18181818181819,2035,modest,moderate_re,1.8,solved,2014689483271.9697,597.3003185719068,571.7159626464683,1.8010000000000002,0.21471883486227902,642.1125429118293,1.4001735616658133,0.601390760031294,0.23403505519192289,0.16457418477678326,0.06197722561867733,0.05910531818189257,0.08954900587216075,0.571
1935,22.142857142857142,2604.166666666667,52.27272727272727,2035,modest,moderate_re,1.8,solved,2019140835098.9775,597.5841451902039,572.9791393870956,1.801,0.21055267948697798,637.8398849483335,1.4368718557928606,0.6018460821090423,0.23357973311417426,0.16457418477678326,0.061567435748703485,0.05910531818189257,0.08954900587216075,0.471
1936,22.142857142857142,2604.166666666667,61.36363636363637,2035,modest,moderate_re,1.8,solved,2023259077663.941,598.1270595000105,574.1477884677549,1.8010000000000002,0.19833931366552585,636.3054020982667,1.4467956504466895,0.6063000891429596,0.22912572608025697,0.16457418477678326,0.05755882941817804,0.05910531818189257,0.08954900587216075,0.276
1937,22.142857142857142,2604.166666666667,70.45454545454547,2035,modest,moderate_re,1.8,solved,2026714682332.7705,597.25439171804,575.1283983166519,1.8010000000000004,0.18832072551512674,629.095619688638,1.472873952963009,0.6117792943155909,0.22364652090762568,0.16457418477678326,0.0526275447628099,0.05910531818189257,0.08954900587216075,0.511
1938,22.142857142857142,2604.166666666667,79.54545454545455,2035,modest,moderate_re,1.8,solved,2029972273930.2166,597.8917602214368,576.0528172563975,1.8010000000000004,0.18024672668007788,633.1231348355894,1.470688786627193,0.6230352408454166,0.21239057437780018,0.16457418477678326,0.04249719288596676,0.05910531818189257,0.08954900587216075,0.484
1939,22.142857142857142,2604.166666666667,88.63636363636364,2035,modest,moderate_re,1.8,solved,2032732699522.8672,596.6827810696817,576.836153541279,1.801,0.16832328172735356,628.7758185262048,1.4942696303993364,0.6253509997608463,0.21007481546237028,0.16457418477678326,0.04041300986207995,0.05910531818189257,0.08954900587216075,0.702
1940,22.142857142857142,2604.166666666667,97.72727272727273,2035,modest,moderate_re,1.8,solved,2035376375551.2913,597.0743035872597,577.58635936608,1.8010000000000004,0.1624220238260643,626.6570474170364,1.5000825965828455,0.6253509997608463,0.21007481546237028,0.16457418477678326,0.04041300986207995,0.05910531818189257,0.08954900587216075,0.284
1941,22.142857142857142,2604.166666666667,106.81818181818183,2035,modest,moderate_re,1.8,solved,2037855318661.689,596.8749484378246,578.2898183152006,1.801,0.16129003828350316,625.308930713001,1.5110381373570305,0.6253509997608463,0.21007481546237028,0.16457418477678326,0.04041300986207995,0.05910531818189257,0.08954900587216075,0.391
1942,22.142857142857142,2604.166666666667,115.90909090909092,2035,modest,moderate_re,1.8,solved,2040016776059.5557,596.2954869740413,578.9031831573766,1.8010000000000002,0.1487565975738369,623.9407401666167,1.5216406195469987,0.6253509997608463,0.21007481546237028,0.16457418477678326,0.04041300986207995,0.05910531818189257,0.08954900587216075,0.578
1943,22.142857142857142,2604.166666666667,125.0,2035,modest,moderate_re,1.8,solved,2042037436908.889,596.2280109136385,579.4765936368825,1.8009999999999997,0.14066375066681397,623.0732014565094,1.5288607412000565,0.6253509997608463,0.21007481546237028,0.16457418477678326,0.04041300986207995,0.05910531818189257,0.08954900587216075,0.234
1944,22.142857142857142,2750.0,25.0,2035,modest,moderate_re,1.8,solved,2006640586352.4866,598.022419490569,569.4318970925591,1.8010000000000004,0.25178042193876654,654.4148466840626,1.3186723790559327,0.5862090620090097,0.2492167532142071,0.16457418477678326,0.07564075383873306,0.05910531818189257,0.08954900587216075,0.67
1945,22.142857142857142,2750.0,34.09090909090909,2035,modest,moderate_re,1.8,solved,2012826141803.2812,598.9049408094594,571.1871952754389,1.8010000000000002,0.24123792096124522,648.3868534496916,1.3715227933498506,0.5905964080191344,0.2448294072040821,0.16457418477678326,0.07169214242962058,0.05910531818189257,0.08954900587216075,0.791
1946,22.142857142857142,2750.0,43.18181818181819,2035,modest,moderate_re,1.8,solved,2018139555516.6787,599.0054005716868,572.6950025387002,1.8010000000000004,0.21796440927043345,645.3879643375884,1.397667393132596,0.599675453191846,0.23575036203137084,0.16457418477678326,0.0635210017741804,0.05910531818189257,0.08954900587216075,0.803
1947,22.142857142857142,2750.0,52.27272727272727,2035,modest,moderate_re,1.8,solved,2022594751937.03,598.9803730325756,573.9592702739463,1.801,0.21055267948697798,640.6785847153249,1.4368718557928606,0.6018460821090423,0.23357973311417426,0.16457418477678326,0.061567435748703485,0.05910531818189257,0.08954900587216075,0.911
1948,22.142857142857142,2750.0,61.36363636363637,2035,modest,moderate_re,1.8,solved,2026725007598.2705,599.5280044396678,575.1313283558236,1.8010000000000002,0.19833931366552585,639.1525459202599,1.4467956504466895,0.6063000891429596,0.22912572608025697,0.16457418477678326,0.05755882941817804,0.05910531818189257,0.08954900587216075,0.483
1949,22.142857142857142,2750.0,70.45454545454547,2035,modest,moderate_re,1.8,solved,2030195259521.8108,598.6997449377329,576.1160947109199,1.8010000000000004,0.18867177680717448,631.9913787612305,1.4726814940961552,0.6116285797431421,0.22379723548007469,0.16457418477678326,0.05276318787801383,0.05910531818189257,0.08954900587216075,0.363
1950,22.142857142857142,2750.0,79.54545454545455,2035,modest,moderate_re,1.8,solved,2033458077609.2053,599.3008549100042,577.0419967912472,1.8010000000000004,0.18024672668007788,636.0020057160185,1.470688786627193,0.6230352408454166,0.21239057437780018,0.16457418477678326,0.04249719288596676,0.05910531818189257,0.08954900587216075,0.484
1951,22.142857142857142,2750.0,88.63636363636364,2035,modest,moderate_re,1.8,solved,2036225279768.9575,598.0944330391103,577.8272560878961,1.801,0.16832328172735356,631.6590796995778,1.4942696303993364,0.6253509997608463,0.21007481546237028,0.16457418477678326,0.04041300986207995,0.05910531818189257,0.08954900587216075,0.692
1952,22.142857142857142,2750.0,97.72727272727273,2035,modest,moderate_re,1.8,solved,2038868955797.3818,598.4859555566885,578.5774619126972,1.8010000000000004,0.1624220238260643,629.5403085904094,1.5000825965828455,0.6253509997608463,0.21007481546237028,0.16457418477678326,0.04041300986207995,0.05910531818189257,0.08954900587216075,0.7
1953,22.142857142857142,2750.0,106.81818181818183,2035,modest,moderate_re,1.8,solved,2041348024709.4492,598.2866201196317,579.2809565610277,1.801,0.16129003828350316,628.192191886374,1.5110381373570305,0.6253509997608463,0.21007481546237028,0.16457418477678326,0.04041300986207995,0.05910531818189257,0.08954900587216075,0.771
1954,22.142857142857142,2750.0,115.90909090909092,2035,modest,moderate_re,1.8,solved,2043510768839.209,597.7074090060918,579.8946865439209,1.8010000000000002,0.1487565975738369,626.8240013399896,1.5216406195469987,0.6253509997608463,0.21007481546237028,0.16457418477678326,0.04041300986207995,0.05910531818189257,0.08954900587216075,0.579
1955,22.142857142857142,2750.0,125.0,2035,modest,moderate_re,1.8,solved,2045531429688.5422,597.6399329456892,580.4680970234268,1.8009999999999997,0.14066375066681397,625.9564626298824,1.5288607412000565,0.6253509997608463,0.21007481546237028,0.16457418477678326,0.04041300986207995,0.05910531818189257,0.08954900587216075,0.372
1956,22.142857142857142,2895.8333333333335,25.0,2035,modest,moderate_re,1.8,solved,2010053187421.212,599.4022633628849,570.4003036491695,1.8010000000000004,0.25178042193876654,657.2239012671145,1.3186723790559327,0.5862090620090097,0.2492167532142071,0.16457418477678326,0.07564075383873306,0.05910531818189257,0.08954900587216075,0.355
1957,22.142857142857142,2895.8333333333335,34.09090909090909,2035,modest,moderate_re,1.8,solved,2016249710482.022,600.4324719941076,572.1587141517243,1.8010000000000004,0.24148856153331014,650.9466954402022,1.374200903782358,0.5884519985359649,0.24697381668725185,0.16457418477678326,0.07362211096447335,0.05910531818189257,0.08954900587216075,0.39
1958,22.142857142857142,2895.8333333333335,43.18181818181819,2035,modest,moderate_re,1.8,solved,2021587800999.8364,600.3993649404387,573.6735240439812,1.8010000000000004,0.21796440927043345,648.2225489539244,1.397667393132596,0.599675453191846,0.23575036203137084,0.16457418477678326,0.0635210017741804,0.05910531818189257,0.08954900587216075,0.799
1959,22.142857142857142,2895.8333333333335,52.27272727272727,2035,modest,moderate_re,1.8,solved,2026048668775.0825,600.3766008749473,574.9394011607969,1.801,0.21055267948697798,643.5172844823165,1.4368718557928606,0.6018460821090423,0.23357973311417426,0.16457418477678326,0.061567435748703485,0.05910531818189257,0.08954900587216075,0.462
1960,22.142857142857142,2895.8333333333335,61.36363636363637,2035,modest,moderate_re,1.8,solved,2030189159211.3281,601.1084943633764,576.1143636030201,1.801,0.20024548439908343,642.205151070261,1.4458712166816319,0.6050770735593145,0.23034874166390232,0.16457418477678326,0.05865954344345872,0.05910531818189257,0.08954900587216075,0.278
1961,22.142857142857142,2895.8333333333335,70.45454545454547,2035,modest,moderate_re,1.8,solved,2033675466630.0137,600.1063128012263,577.1036860859659,1.8010000000000004,0.18867177680717448,634.84862451332,1.4726814940961552,0.6116285797431421,0.22379723548007469,0.16457418477678326,0.05276318787801383,0.05910531818189257,0.08954900587216075,0.979
1962,22.142857142857142,2895.8333333333335,79.54545454545455,2035,modest,moderate_re,1.8,solved,2036943881288.1943,600.7099495985714,578.031176326097,1.8010000000000004,0.18024672668007788,638.8808765964478,1.470688786627193,0.6230352408454166,0.21239057437780018,0.16457418477678326,0.04249719288596676,0.05910531818189257,0.08954900587216075,0.794
1963,22.142857142857142,2895.8333333333335,88.63636363636364,2035,modest,moderate_re,1.8,solved,2039717860015.048,599.5060850085388,578.8183586345133,1.801,0.16832328172735356,634.542340872951,1.4942696303993364,0.6253509997608463,0.21007481546237028,0.16457418477678326,0.04041300986207995,0.05910531818189257,0.08954900587216075,0.266
1964,22.142857142857142,2895.8333333333335,97.72727272727273,2035,modest,moderate_re,1.8,solved,2042361536043.473,599.8976075261172,579.5685644593145,1.8010000000000004,0.1624220238260643,632.4235697637824,1.5000825965828455,0.6253509997608463,0.21007481546237028,0.16457418477678326,0.04041300986207995,0.05910531818189257,0.08954900587216075,0.391
1965,22.142857142857142,2895.8333333333335,106.81818181818183,2035,modest,moderate_re,1.8,solved,2044840730757.2104,599.6982918014386,580.272094806855,1.801,0.16129003828350316,631.0754530597469,1.5110381373570305,0.6253509997608463,0.21007481546237028,0.16457418477678326,0.04041300986207995,0.05910531818189257,0.08954900587216075,0.366
1966,22.142857142857142,2895.8333333333335,115.90909090909092,2035,modest,moderate_re,1.8,solved,2047004324891.5095,599.1059385396785,580.8860659987124,1.8010000000000006,0.14796439024719163,629.4845914922979,1.52332925566405,0.6245937128410959,0.21083210238212086,0.16457418477678326,0.04109456808985539,0.05910531818189257,0.08954900587216075,0.473
1967,22.142857142857142,2895.8333333333335,125.0,2035,modest,moderate_re,1.8,solved,2049025422468.196,599.0518549777398,581.4596004099712,1.8009999999999997,0.14066375066681397,628.8397238032554,1.5288607412000565,0.6253509997608463,0.21007481546237028,0.16457418477678326,0.04041300986207995,0.05910531818189257,0.08954900587216075,0.375
1968,22.142857142857142,3041.666666666667,25.0,2035,modest,moderate_re,1.8,solved,2013465788489.9377,600.782107235201,571.3687102057801,1.8010000000000004,0.25178042193876654,660.0329558501663,1.3186723790559327,0.5862090620090097,0.2492167532142071,0.16457418477678326,0.07564075383873306,0.05910531818189257,0.08954900587216075,0.463
1969,22.142857142857142,3041.666666666667,34.09090909090909,2035,modest,moderate_re,1.8,solved,2019665081226.7224,602.092650927245,573.1279066696352,1.801,0.2442391531550411,654.3441843732909,1.370365807183228,0.5869727836364862,0.2484530315867306,0.16457418477678326,0.07495340437400425,0.05910531818189257,0.08954900587216075,0.814
1970,22.142857142857142,3041.666666666667,43.18181818181819,2035,modest,moderate_re,1.8,solved,2025036046482.9941,601.7933293091902,574.6520455492621,1.8010000000000004,0.21796440927043345,651.0571335702604,1.397667393132596,0.599675453191846,0.23575036203137084,0.16457418477678326,0.0635210017741804,0.05910531818189257,0.08954900587216075,0.594
1971,22.142857142857142,3041.666666666667,52.27272727272727,2035,modest,moderate_re,1.8,solved,2029502585613.1355,601.7728287173188,575.9195320476477,1.801,0.21055267948697798,646.3559842493078,1.4368718557928606,0.6018460821090423,0.23357973311417426,0.16457418477678326,0.061567435748703485,0.05910531818189257,0.08954900587216075,0.583
1972,22.142857142857142,3041.666666666667,61.36363636363637,2035,modest,moderate_re,1.8,solved,2033651825257.9326,602.5081514074182,577.0969772854735,1.801,0.20024548439908343,645.0499762585436,1.4458712166816319,0.6050770735593145,0.23034874166390232,0.16457418477678326,0.05865954344345872,0.05910531818189257,0.08954900587216075,0.605
1973,22.142857142857142,3041.666666666667,70.45454545454547,2035,modest,moderate_re,1.8,solved,2037155673738.2168,601.5128806647194,578.091277461012,1.8010000000000004,0.18867177680717448,637.7058702654093,1.4726814940961552,0.6116285797431421,0.22379723548007469,0.16457418477678326,0.05276318787801383,0.05910531818189257,0.08954900587216075,0.659
1974,22.142857142857142,3041.666666666667,79.54545454545455,2035,modest,moderate_re,1.8,solved,2040429684967.1836,602.1190442871385,579.020355860947,1.8010000000000004,0.18024672668007788,641.7597474768767,1.470688786627193,0.6230352408454166,0.21239057437780018,0.16457418477678326,0.04249719288596676,0.05910531818189257,0.08954900587216075,0.483
1975,22.142857142857142,3041.666666666667,88.63636363636364,2035,modest,moderate_re,1.8,solved,2043210440261.1387,600.9177369779677,579.8094611811305,1.801,0.16832328172735356,637.4256020463239,1.4942696303993364,0.6253509997608463,0.21007481546237028,0.16457418477678326,0.04041300986207995,0.05910531818189257,0.08954900587216075,0.247
1976,22.142857142857142,3041.666666666667,97.72727272727273,2035,modest,moderate_re,1.8,solved,2045854116289.563,601.3092594955459,580.5596670059316,1.8010000000000004,0.1624220238260643,635.3068309371554,1.5000825965828455,0.6253509997608463,0.21007481546237028,0.16457418477678326,0.04041300986207995,0.05910531818189257,0.08954900587216075,0.835
1977,22.142857142857142,3041.666666666667,106.81818181818183,2035,modest,moderate_re,1.8,solved,2048333436804.97,601.1099634832456,581.2632330526818,1.801,0.16129003828350316,633.9587142331201,1.5110381373570305,0.6253509997608463,0.21007481546237028,0.16457418477678326,0.04041300986207995,0.05910531818189257,0.08954900587216075,0.262
1978,22.142857142857142,3041.666666666667,115.90909090909092,2035,modest,moderate_re,1.8,solved,2050496101634.946,600.5170243036126,581.8769405323791,1.8010000000000006,0.14796439024719163,632.3664169758854,1.52332925566405,0.6245937128410959,0.21083210238212086,0.16457418477678326,0.04109456808985539,0.05910531818189257,0.08954900587216075,0.577
1979,22.142857142857142,3041.666666666667,125.0,2035,modest,moderate_re,1.8,solved,2052519415247.849,600.4637770097905,582.4511037965154,1.8009999999999997,0.14066375066681397,631.7229849766284,1.5288607412000565,0.6253509997608463,0.21007481546237028,0.16457418477678326,0.04041300986207995,0.05910531818189257,0.08954900587216075,0.688
1980,22.142857142857142,3187.5,25.0,2035,modest,moderate_re,1.8,solved,2016878389558.663,602.1619511075171,572.3371167623906,1.8010000000000004,0.25178042193876654,662.842010433218,1.3186723790559327,0.5862090620090097,0.2492167532142071,0.16457418477678326,0.07564075383873306,0.05910531818189257,0.08954900587216075,0.718
1981,22.142857142857142,3187.5,34.09090909090909,2035,modest,moderate_re,1.8,solved,2023079426825.2244,603.4732387596331,574.0968082779789,1.801,0.2442391531550411,657.1546868452615,1.370365807183228,0.5869727836364862,0.2484530315867306,0.16457418477678326,0.07495340437400425,0.05910531818189257,0.08954900587216075,0.276
1982,22.142857142857142,3187.5,43.18181818181819,2035,modest,moderate_re,1.8,solved,2028484291966.1511,603.1872936779419,575.6305670545427,1.8010000000000004,0.21796440927043345,653.8917181865962,1.397667393132596,0.599675453191846,0.23575036203137084,0.16457418477678326,0.0635210017741804,0.05910531818189257,0.08954900587216075,0.678
1983,22.142857142857142,3187.5,52.27272727272727,2035,modest,moderate_re,1.8,solved,2032956502451.1875,603.1690565596904,576.8996629344982,1.801,0.21055267948697798,649.1946840162992,1.4368718557928606,0.6018460821090423,0.23357973311417426,0.16457418477678326,0.061567435748703485,0.05910531818189257,0.08954900587216075,0.263
1984,22.142857142857142,3187.5,61.36363636363637,2035,modest,moderate_re,1.8,solved,2037114491304.5383,603.9078084514598,578.0795909679271,1.801,0.20024548439908343,647.8948014468261,1.4458712166816319,0.6050770735593145,0.23034874166390232,0.16457418477678326,0.05865954344345872,0.05910531818189257,0.08954900587216075,0.367
1985,22.142857142857142,3187.5,70.45454545454547,2035,modest,moderate_re,1.8,solved,2040635880846.4207,602.9194485282129,579.0788688360583,1.8010000000000004,0.18867177680717448,640.5631160174988,1.4726814940961552,0.6116285797431421,0.22379723548007469,0.16457418477678326,0.05276318787801383,0.05910531818189257,0.08954900587216075,0.483
1986,22.142857142857142,3187.5,79.54545454545455,2035,modest,moderate_re,1.8,solved,2043913861537.0364,603.4412518920706,580.0090736649574,1.8010000000000006,0.18159421323277444,640.1098273458147,1.4790522998083435,0.6127522914604445,0.2226735237627721,0.16457418477678326,0.05175184733244164,0.05910531818189257,0.08954900587216075,0.247
1987,22.142857142857142,3187.5,88.63636363636364,2035,modest,moderate_re,1.8,solved,2046703020507.2292,602.3293889473963,580.8005637277477,1.801,0.16832328172735356,640.3088632196971,1.4942696303993364,0.6253509997608463,0.21007481546237028,0.16457418477678326,0.04041300986207995,0.05910531818189257,0.08954900587216075,0.682
1988,22.142857142857142,3187.5,97.72727272727273,2035,modest,moderate_re,1.8,solved,2049346696535.654,602.7209114649745,581.5507695525489,1.8010000000000004,0.1624220238260643,638.1900921105283,1.5000825965828455,0.6253509997608463,0.21007481546237028,0.16457418477678326,0.04041300986207995,0.05910531818189257,0.08954900587216075,0.248
1989,22.142857142857142,3187.5,106.81818181818183,2035,modest,moderate_re,1.8,solved,2051826142852.731,602.5216351650523,582.2543712985091,1.801,0.16129003828350316,636.841975406493,1.5110381373570305,0.6253509997608463,0.21007481546237028,0.16457418477678326,0.04041300986207995,0.05910531818189257,0.08954900587216075,0.696
1990,22.142857142857142,3187.5,115.90909090909092,2035,modest,moderate_re,1.8,solved,2053987878378.3818,601.9281100675468,582.8678150660456,1.8010000000000006,0.14796439024719163,635.2482424594731,1.52332925566405,0.6245937128410959,0.21083210238212086,0.16457418477678326,0.04109456808985539,0.05910531818189257,0.08954900587216075,0.51
1991,22.142857142857142,3187.5,125.0,2035,modest,moderate_re,1.8,solved,2056013408027.5034,601.8756990418414,583.44260718306,1.8009999999999997,0.14066375066681397,634.6062461500013,1.5288607412000565,0.6253509997608463,0.21007481546237028,0.16457418477678326,0.04041300986207995,0.05910531818189257,0.08954900587216075,0.778
1992,22.142857142857142,3333.3333333333335,25.0,2035,modest,moderate_re,1.8,solved,2020290990627.3884,603.5417949798328,573.3055233190009,1.8010000000000004,0.25178042193876654,665.6510650162697,1.3186723790559327,0.5862090620090097,0.2492167532142071,0.16457418477678326,0.07564075383873306,0.05910531818189257,0.08954900587216075,0.295
1993,22.142857142857142,3333.3333333333335,34.09090909090909,2035,modest,moderate_re,1.8,solved,2026493772423.7273,604.853826592021,575.0657098863228,1.801,0.2442391531550411,659.9651893172321,1.370365807183228,0.5869727836364862,0.2484530315867306,0.16457418477678326,0.07495340437400425,0.05910531818189257,0.08954900587216075,0.346
1994,22.142857142857142,3333.3333333333335,43.18181818181819,2035,modest,moderate_re,1.8,solved,2031932537449.309,604.5812580466935,576.6090885598237,1.8010000000000004,0.21796440927043345,656.7263028029321,1.397667393132596,0.599675453191846,0.23575036203137084,0.16457418477678326,0.0635210017741804,0.05910531818189257,0.08954900587216075,0.479
1995,22.142857142857142,3333.3333333333335,52.27272727272727,2035,modest,moderate_re,1.8,solved,2036410419289.2402,604.565284402062,577.8797938213489,1.801,0.21055267948697798,652.0333837832906,1.4368718557928606,0.6018460821090423,0.23357973311417426,0.16457418477678326,0.061567435748703485,0.05910531818189257,0.08954900587216075,0.355
1996,22.142857142857142,3333.3333333333335,61.36363636363637,2035,modest,moderate_re,1.8,solved,2040572238710.0483,605.6117866503706,579.0608088692182,1.801000000000001,0.20349496373717926,651.0780219696795,1.444295319850301,0.602992179588768,0.23243363563444858,0.16457418477678326,0.06053594801695046,0.05910531818189257,0.08954900587216075,0.663
1997,22.142857142857142,3333.3333333333335,70.45454545454547,2035,modest,moderate_re,1.8,solved,2044116087954.6226,604.3260163917065,580.0664602111041,1.8010000000000004,0.18867177680717448,643.4203617695883,1.4726814940961552,0.6116285797431421,0.22379723548007469,0.16457418477678326,0.05276318787801383,0.05910531818189257,0.08954900587216075,0.343
1998,22.142857142857142,3333.3333333333335,79.54545454545455,2035,modest,moderate_re,1.8,solved,2047396762250.1372,604.74267459934,580.9974294143301,1.8009999999999997,0.17968778657496198,642.4990889957784,1.4825104346327043,0.6117792943155909,0.22364652090762568,0.16457418477678326,0.0526275447628099,0.05910531818189257,0.08954900587216075,0.312
1999,22.142857142857142,3333.3333333333335,88.63636363636364,2035,modest,moderate_re,1.8,solved,2050195600753.32,603.741040916825,581.791666274365,1.801,0.16832328172735356,643.19212439307,1.4942696303993364,0.6253509997608463,0.21007481546237028,0.16457418477678326,0.04041300986207995,0.05910531818189257,0.08954900587216075,0.43
2000,22.142857142857142,3333.3333333333335,97.72727272727273,2035,modest,moderate_re,1.8,solved,2052839276781.745,604.1325634344031,582.5418720991662,1.8010000000000004,0.1624220238260643,641.0733532839012,1.5000825965828455,0.6253509997608463,0.21007481546237028,0.16457418477678326,0.04041300986207995,0.05910531818189257,0.08954900587216075,0.481
2001,22.142857142857142,3333.3333333333335,106.81818181818183,2035,modest,moderate_re,1.8,solved,2055318848900.4915,603.9333068468592,583.2455095443362,1.801,0.16129003828350316,639.7252365798662,1.5110381373570305,0.6253509997608463,0.21007481546237028,0.16457418477678326,0.04041300986207995,0.05910531818189257,0.08954900587216075,0.483
2002,22.142857142857142,3333.3333333333335,115.90909090909092,2035,modest,moderate_re,1.8,solved,2057479655121.8186,603.3391958314811,583.8586895997124,1.8010000000000006,0.14796439024719163,638.1300679430607,1.52332925566405,0.6245937128410959,0.21083210238212086,0.16457418477678326,0.04109456808985539,0.05910531818189257,0.08954900587216075,0.718
2003,22.142857142857142,3333.3333333333335,125.0,2035,modest,moderate_re,1.8,solved,2059507400807.156,603.287621073892,584.4341105696041,1.8009999999999997,0.14066375066681397,637.4895073233743,1.5288607412000565,0.6253509997608463,0.21007481546237028,0.16457418477678326,0.04041300986207995,0.05910531818189257,0.08954900587216075,0.52
2004,22.142857142857142,3479.166666666667,25.0,2035,modest,moderate_re,1.8,solved,2023703591696.114,604.9216388521489,574.2739298756115,1.8010000000000004,0.25178042193876654,668.4601195993215,1.3186723790559327,0.5862090620090097,0.2492167532142071,0.16457418477678326,0.07564075383873306,0.05910531818189257,0.08954900587216075,0.258
2005,22.142857142857142,3479.166666666667,34.09090909090909,2035,modest,moderate_re,1.8,solved,2029908118022.2295,606.2344144244091,576.0346114946666,1.801,0.2442391531550411,662.7756917892026,1.370365807183228,0.5869727836364862,0.2484530315867306,0.16457418477678326,0.07495340437400425,0.05910531818189257,0.08954900587216075,0.809
2006,22.142857142857142,3479.166666666667,43.18181818181819,2035,modest,moderate_re,1.8,solved,2035380782932.4673,605.9752224154454,577.5876100651047,1.8010000000000004,0.21796440927043345,659.5608874192682,1.397667393132596,0.599675453191846,0.23575036203137084,0.16457418477678326,0.0635210017741804,0.05910531818189257,0.08954900587216075,0.613
2007,22.142857142857142,3479.166666666667,52.27272727272727,2035,modest,moderate_re,1.8,solved,2039864336127.2927,605.9615122444336,578.8599247081996,1.801,0.21055267948697798,654.8720835502822,1.4368718557928606,0.6018460821090423,0.23357973311417426,0.16457418477678326,0.061567435748703485,0.05910531818189257,0.08954900587216075,0.736
2008,22.142857142857142,3479.166666666667,61.36363636363637,2035,modest,moderate_re,1.8,solved,2044029340755.731,607.0092481984269,580.0418436343397,1.801000000000001,0.20349496373717926,653.918894546476,1.444295319850301,0.602992179588768,0.23243363563444858,0.16457418477678326,0.06053594801695046,0.05910531818189257,0.08954900587216075,0.294
2009,22.142857142857142,3479.166666666667,70.45454545454547,2035,modest,moderate_re,1.8,solved,2047596295062.826,605.7325842551996,581.0540515861502,1.8010000000000004,0.18867177680717448,646.2776075216776,1.4726814940961552,0.6116285797431421,0.22379723548007469,0.16457418477678326,0.05276318787801383,0.05910531818189257,0.08954900587216075,0.512
2010,22.142857142857142,3479.166666666667,79.54545454545455,2035,modest,moderate_re,1.8,solved,2050877377572.3386,606.1494032505451,581.9851366297878,1.8009999999999997,0.17968778657496198,645.356620477578,1.4825104346327043,0.6117792943155909,0.22364652090762568,0.16457418477678326,0.0526275447628099,0.05910531818189257,0.08954900587216075,0.913
2011,22.142857142857142,3479.166666666667,88.63636363636364,2035,modest,moderate_re,1.8,solved,2053688180999.4111,605.1526928862536,582.7827688209823,1.801,0.16832328172735356,646.075385566443,1.4942696303993364,0.6253509997608463,0.21007481546237028,0.16457418477678326,0.04041300986207995,0.05910531818189257,0.08954900587216075,0.283
2012,22.142857142857142,3479.166666666667,97.72727272727273,2035,modest,moderate_re,1.8,solved,2056331857027.8357,605.5442154038318,583.5329746457834,1.8010000000000004,0.1624220238260643,643.9566144572741,1.5000825965828455,0.6253509997608463,0.21007481546237028,0.16457418477678326,0.04041300986207995,0.05910531818189257,0.08954900587216075,0.397
2013,22.142857142857142,3479.166666666667,106.81818181818183,2035,modest,moderate_re,1.8,solved,2058811054328.876,605.4397225552528,584.2365057275324,1.8010000000000006,0.16206490666432094,642.6710262067562,1.510798706687216,0.6250040203778474,0.21042179484536938,0.16457418477678326,0.04072529130677909,0.05910531818189257,0.08954900587216075,0.268
2014,22.142857142857142,3479.166666666667,115.90909090909092,2035,modest,moderate_re,1.8,solved,2060971431865.2551,604.7502815954153,584.8495641333791,1.8010000000000006,0.14796439024719163,641.0118934266484,1.52332925566405,0.6245937128410959,0.21083210238212086,0.16457418477678326,0.04109456808985539,0.05910531818189257,0.08954900587216075,0.677
2015,22.142857142857142,3479.166666666667,125.0,2035,modest,moderate_re,1.8,solved,2063001393586.8098,604.6995431059427,585.4256139561485,1.8009999999999997,0.14066375066681397,640.3727684967472,1.5288607412000565,0.6253509997608463,0.21007481546237028,0.16457418477678326,0.04041300986207995,0.05910531818189257,0.08954900587216075,0.675
2016,22.142857142857142,3625.0,25.0,2035,modest,moderate_re,1.8,solved,2027116192764.8396,606.3014827244649,575.242336432222,1.8010000000000004,0.25178042193876654,671.2691741823734,1.3186723790559327,0.5862090620090097,0.2492167532142071,0.16457418477678326,0.07564075383873306,0.05910531818189257,0.08954900587216075,0.504
2017,22.142857142857142,3625.0,34.09090909090909,2035,modest,moderate_re,1.8,solved,2033322463620.7322,607.6150022567969,577.0035131030104,1.801,0.2442391531550411,665.5861942611731,1.370365807183228,0.5869727836364862,0.2484530315867306,0.16457418477678326,0.07495340437400425,0.05910531818189257,0.08954900587216075,0.275
2018,22.142857142857142,3625.0,43.18181818181819,2035,modest,moderate_re,1.8,solved,2038829028415.6243,607.3691867841968,578.5661315703853,1.8010000000000004,0.21796440927043345,662.395472035604,1.397667393132596,0.599675453191846,0.23575036203137084,0.16457418477678326,0.0635210017741804,0.05910531818189257,0.08954900587216075,0.603
2019,22.142857142857142,3625.0,52.27272727272727,2035,modest,moderate_re,1.8,solved,2043318252965.3445,607.3577400868053,579.8400555950501,1.801,0.21055267948697798,657.7107833172737,1.4368718557928606,0.6018460821090423,0.23357973311417426,0.16457418477678326,0.061567435748703485,0.05910531818189257,0.08954900587216075,0.68
2020,22.142857142857142,3625.0,61.36363636363637,2035,modest,moderate_re,1.8,solved,2047486442801.4138,608.4067097464833,581.0228783994613,1.801000000000001,0.20349496373717926,656.7597671232729,1.444295319850301,0.602992179588768,0.23243363563444858,0.16457418477678326,0.06053594801695046,0.05910531818189257,0.08954900587216075,0.37
2021,22.142857142857142,3625.0,70.45454545454547,2035,modest,moderate_re,1.8,solved,2051076502171.0288,607.139152118693,582.0416429611962,1.8010000000000004,0.18867177680717448,649.1348532737671,1.4726814940961552,0.6116285797431421,0.22379723548007469,0.16457418477678326,0.05276318787801383,0.05910531818189257,0.08954900587216075,1.216
2022,22.142857142857142,3625.0,79.54545454545455,2035,modest,moderate_re,1.8,solved,2054357992894.5408,607.5561319017502,582.9728438452456,1.8009999999999997,0.17968778657496198,648.2141519593777,1.4825104346327043,0.6117792943155909,0.22364652090762568,0.16457418477678326,0.0526275447628099,0.05910531818189257,0.08954900587216075,0.68
2023,22.142857142857142,3625.0,88.63636363636364,2035,modest,moderate_re,1.8,solved,2057180761245.5017,606.5643448556822,583.7738713675994,1.801,0.16832328172735356,648.9586467398159,1.4942696303993364,0.6253509997608463,0.21007481546237028,0.16457418477678326,0.04041300986207995,0.05910531818189257,0.08954900587216075,0.596
2024,22.142857142857142,3625.0,97.72727272727273,2035,modest,moderate_re,1.8,solved,2059824437273.926,606.9558673732604,584.5240771924005,1.8010000000000004,0.1624220238260643,646.8398756306473,1.5000825965828455,0.6253509997608463,0.21007481546237028,0.16457418477678326,0.04041300986207995,0.05910531818189257,0.08954900587216075,0.504
2025,22.142857142857142,3625.0,106.81818181818183,2035,modest,moderate_re,1.8,solved,2062302732111.3428,606.851009047305,585.227352178675,1.8010000000000006,0.16206490666432094,645.5536295650487,1.510798706687216,0.6250040203778474,0.21042179484536938,0.16457418477678326,0.04072529130677909,0.05910531818189257,0.08954900587216075,0.896
2026,22.142857142857142,3625.0,115.90909090909092,2035,modest,moderate_re,1.8,solved,2064463208608.6914,606.1613673593492,585.8404386670458,1.8010000000000006,0.14796439024719163,643.8937189102359,1.52332925566405,0.6245937128410959,0.21083210238212086,0.16457418477678326,0.04109456808985539,0.05910531818189257,0.08954900587216075,0.715
2027,22.142857142857142,3625.0,125.0,2035,modest,moderate_re,1.8,solved,2066493310662.0117,606.2816109589551,586.4165283122846,1.8010000000000004,0.14195935771596102,643.3440333851391,1.528665926072015,0.6245937128410959,0.21083210238212086,0.16457418477678326,0.04109456808985539,0.05910531818189257,0.08954900587216075,0.274
2028,22.142857142857142,3770.8333333333335,25.0,2035,modest,moderate_re,1.8,solved,2030528793833.5647,607.681326596781,576.2107429888324,1.8010000000000004,0.25178042193876654,674.0782287654253,1.3186723790559327,0.5862090620090097,0.2492167532142071,0.16457418477678326,0.07564075383873306,0.05910531818189257,0.08954900587216075,0.471
2029,22.142857142857142,3770.8333333333335,34.09090909090909,2035,modest,moderate_re,1.8,solved,2036736704292.4827,609.0258313005123,577.9723849358977,1.8010000000000002,0.2445509093662236,668.4613195735742,1.3699311315389704,0.5868051271843457,0.24862068803887108,0.16457418477678326,0.0751042951809306,0.05910531818189257,0.08954900587216075,0.584
2030,22.142857142857142,3770.8333333333335,43.18181818181819,2035,modest,moderate_re,1.8,solved,2042268807383.425,609.5256652893006,579.5422505009678,1.8010000000000002,0.2251981195352129,665.8649290297712,1.3947105168625482,0.594012146797123,0.24141366842609382,0.16457418477678326,0.06861797752943119,0.05910531818189257,0.08954900587216075,0.458
2031,22.142857142857142,3770.8333333333335,52.27272727272727,2035,modest,moderate_re,1.8,solved,2046770638560.6526,609.0356852344956,580.8197519554255,1.8010000000000002,0.21352002321639646,660.8745263148412,1.4350299916728606,0.6003716512258394,0.23505416399737739,0.16457418477678326,0.06289442354358629,0.05910531818189257,0.08954900587216075,0.259
2032,22.142857142857142,3770.8333333333335,61.36363636363637,2035,modest,moderate_re,1.8,solved,2050943544847.0972,609.8041712945397,582.0039131645831,1.801000000000001,0.20349496373717915,659.6006397000695,1.444295319850301,0.602992179588768,0.23243363563444858,0.16457418477678326,0.06053594801695046,0.05910531818189257,0.08954900587216075,0.895
2033,22.142857142857142,3770.8333333333335,70.45454545454547,2035,modest,moderate_re,1.8,solved,2054556709279.232,608.5457199821863,583.0292343362422,1.8010000000000004,0.18867177680717448,651.9920990258566,1.4726814940961552,0.6116285797431421,0.22379723548007469,0.16457418477678326,0.05276318787801383,0.05910531818189257,0.08954900587216075,0.672
2034,22.142857142857142,3770.8333333333335,79.54545454545455,2035,modest,moderate_re,1.8,solved,2057838608216.7424,608.9628605529551,583.9605510607034,1.8009999999999997,0.17968778657496198,651.0716834411772,1.4825104346327043,0.6117792943155909,0.22364652090762568,0.16457418477678326,0.0526275447628099,0.05910531818189257,0.08954900587216075,0.255
2035,22.142857142857142,3770.8333333333335,88.63636363636364,2035,modest,moderate_re,1.8,solved,2060673341491.592,607.9759968251109,584.7649739142166,1.801,0.16832328172735356,651.8419079131887,1.4942696303993364,0.6253509997608463,0.21007481546237028,0.16457418477678326,0.04041300986207995,0.05910531818189257,0.08954900587216075,0.36
2036,22.142857142857142,3770.8333333333335,97.72727272727273,2035,modest,moderate_re,1.8,solved,2063317017520.017,608.3675193426891,585.5151797390179,1.8010000000000004,0.1624220238260643,649.7231368040202,1.5000825965828455,0.6253509997608463,0.21007481546237028,0.16457418477678326,0.04041300986207995,0.05910531818189257,0.08954900587216075,1.019
2037,22.142857142857142,3770.8333333333335,106.81818181818183,2035,modest,moderate_re,1.8,solved,2065794409893.8103,608.2622955393572,586.2181986298178,1.8010000000000006,0.16206490666432094,648.4362329233415,1.510798706687216,0.6250040203778474,0.21042179484536938,0.16457418477678326,0.04072529130677909,0.05910531818189257,0.08954900587216075,0.26
2038,22.142857142857142,3770.8333333333335,115.90909090909092,2035,modest,moderate_re,1.8,solved,2067954985352.1274,607.5724531232836,586.8313132007123,1.8010000000000006,0.14796439024719163,646.7755443938236,1.52332925566405,0.6245937128410959,0.21083210238212086,0.16457418477678326,0.04109456808985539,0.05910531818189257,0.08954900587216075,0.78
2039,22.142857142857142,3770.8333333333335,125.0,2035,modest,moderate_re,1.8,solved,2069985087405.4482,607.6926967228894,587.4074028459513,1.8010000000000004,0.14195935771596102,646.2258588687268,1.528665926072015,0.6245937128410959,0.21083210238212086,0.16457418477678326,0.04109456808985539,0.05910531818189257,0.08954900587216075,0.688
2040,22.142857142857142,3916.666666666667,25.0,2035,modest,moderate_re,1.8,solved,2033936909709.783,609.3235940437708,577.1778767656059,1.8009999999999997,0.2575626115627278,676.6126571730206,1.32150905469502,0.5831151167323496,0.25231069849086696,0.16457418477678326,0.07842530458772702,0.05910531818189257,0.08954900587216075,0.469
2041,22.142857142857142,3916.666666666667,34.09090909090909,2035,modest,moderate_re,1.8,solved,2040150602462.642,610.4062425824028,578.9411595758288,1.8010000000000002,0.2445509093662236,671.2715041968544,1.3699311315389704,0.5868051271843457,0.24862068803887108,0.16457418477678326,0.0751042951809306,0.05910531818189257,0.08954900587216075,0.774
2042,22.142857142857142,3916.666666666667,43.18181818181819,2035,modest,moderate_re,1.8,solved,2045700910933.812,610.9342393378589,580.5161913496713,1.8010000000000004,0.2253537818850119,668.6557518752137,1.3950504797858836,0.5936457857094137,0.24178002951380317,0.16457418477678326,0.06894770250836955,0.05910531818189257,0.08954900587216075,0.268
2043,22.142857142857142,3916.666666666667,52.27272727272727,2035,modest,moderate_re,1.8,solved,2050220510037.9348,610.4303364277034,581.7987348751348,1.8010000000000002,0.21352002321639646,663.7104308066166,1.4350299916728606,0.6003716512258394,0.23505416399737739,0.16457418477678326,0.06289442354358629,0.05910531818189257,0.08954900587216075,0.687
2044,22.142857142857142,3916.666666666667,61.36363636363637,2035,modest,moderate_re,1.8,solved,2054400646892.7798,611.2016328425962,582.9849479297045,1.801000000000001,0.20349496373717926,662.4415122768665,1.444295319850301,0.602992179588768,0.23243363563444858,0.16457418477678326,0.06053594801695046,0.05910531818189257,0.08954900587216075,0.38
2045,22.142857142857142,3916.666666666667,70.45454545454547,2035,modest,moderate_re,1.8,solved,2058036916387.4355,609.9522878456796,584.0168257112884,1.8010000000000004,0.18867177680717448,654.8493447779458,1.4726814940961552,0.6116285797431421,0.22379723548007469,0.16457418477678326,0.05276318787801383,0.05910531818189257,0.08954900587216075,0.571
2046,22.142857142857142,3916.666666666667,79.54545454545455,2035,modest,moderate_re,1.8,solved,2061319223538.9438,610.3695892041604,584.9482582761611,1.8009999999999997,0.1796877865749622,653.929214922977,1.482510434632704,0.6117792943155909,0.22364652090762568,0.16457418477678326,0.0526275447628099,0.05910531818189257,0.08954900587216075,0.758
2047,22.142857142857142,3916.666666666667,88.63636363636364,2035,modest,moderate_re,1.8,solved,2064165921737.6829,609.3876487945395,585.7560764608338,1.801,0.16832328172735356,654.7251690865618,1.4942696303993364,0.6253509997608463,0.21007481546237028,0.16457418477678326,0.04041300986207995,0.05910531818189257,0.08954900587216075,0.488
2048,22.142857142857142,3916.666666666667,97.72727272727273,2035,modest,moderate_re,1.8,solved,2066809597766.1072,609.7791713121178,586.5062822856348,1.8010000000000004,0.1624220238260643,652.6063979773934,1.5000825965828455,0.6253509997608463,0.21007481546237028,0.16457418477678326,0.04041300986207995,0.05910531818189257,0.08954900587216075,0.268
2049,22.142857142857142,3916.666666666667,106.81818181818183,2035,modest,moderate_re,1.8,solved,2069286087676.2769,609.6735820314093,587.2090450809603,1.8010000000000006,0.16206490666432094,651.3188362816344,1.510798706687216,0.6250040203778474,0.21042179484536938,0.16457418477678326,0.04072529130677909,0.05910531818189257,0.08954900587216075,0.381
2050,22.142857142857142,3916.666666666667,115.90909090909092,2035,modest,moderate_re,1.8,solved,2071446762095.5637,608.9835388872178,587.822187734379,1.8010000000000006,0.14796439024719163,649.6573698774112,1.52332925566405,0.6245937128410959,0.21083210238212086,0.16457418477678326,0.04109456808985539,0.05910531818189257,0.08954900587216075,0.705
2051,22.142857142857142,3916.666666666667,125.0,2035,modest,moderate_re,1.8,solved,2073476864148.884,609.1037824868234,588.3982773796179,1.8010000000000004,0.14195935771596102,649.1076843523144,1.528665926072015,0.6245937128410959,0.21083210238212086,0.16457418477678326,0.04109456808985539,0.05910531818189257,0.08954900587216075,0.479
2052,22.142857142857142,4062.5,25.0,2035,modest,moderate_re,1.8,solved,2037327863968.5818,610.5726277336586,578.1401405260792,1.8010000000000004,0.2676708343263789,673.5985112538184,1.3247192926153013,0.585906577365858,0.24951923785735863,0.16457418477678326,0.07868048716536273,0.05910531818189257,0.08678150872436743,0.262
2053,22.142857142857142,4062.5,34.09090909090909,2035,modest,moderate_re,1.8,solved,2043564500632.8018,611.7866538642934,579.9099342157599,1.8010000000000002,0.2445509093662236,674.0816888201343,1.3699311315389704,0.5868051271843457,0.24862068803887108,0.16457418477678326,0.0751042951809306,0.05910531818189257,0.08954900587216075,0.259
2054,22.142857142857142,4062.5,43.18181818181819,2035,modest,moderate_re,1.8,solved,2049132832950.6113,612.3218078635798,581.4900806839104,1.8010000000000004,0.2253537818850119,671.4789052469474,1.3950504797858836,0.5936457857094137,0.24178002951380317,0.16457418477678326,0.06894770250836955,0.05910531818189257,0.08954900587216075,0.783
2055,22.142857142857142,4062.5,52.27272727272727,2035,modest,moderate_re,1.8,solved,2053670381515.217,611.8249876209112,582.777717794844,1.8010000000000002,0.21352002321639646,666.5463352983918,1.4350299916728606,0.6003716512258394,0.23505416399737739,0.16457418477678326,0.06289442354358629,0.05910531818189257,0.08954900587216075,0.274
2056,22.142857142857142,4062.5,61.36363636363637,2035,modest,moderate_re,1.8,solved,2057857624951.312,612.6201463195893,583.9659475105291,1.801,0.20370865076208167,665.4551070010135,1.4441322396102112,0.6029042154695298,0.2325215997536868,0.16457418477678326,0.060615115724264826,0.05910531818189257,0.08954900587216075,0.35
2057,22.142857142857142,4062.5,70.45454545454547,2035,modest,moderate_re,1.8,solved,2061517123495.6384,611.358855709173,585.0044170863345,1.8010000000000004,0.18867177680717448,657.7065905300353,1.4726814940961552,0.6116285797431421,0.22379723548007469,0.16457418477678326,0.05276318787801383,0.05910531818189257,0.08954900587216075,0.474
2058,22.142857142857142,4062.5,79.54545454545455,2035,modest,moderate_re,1.8,solved,2064799838861.1453,611.7763178553653,585.9359654916187,1.8009999999999997,0.17968778657496198,656.7867464047769,1.4825104346327043,0.6117792943155909,0.22364652090762568,0.16457418477678326,0.0526275447628099,0.05910531818189257,0.08954900587216075,0.772
2059,22.142857142857142,4062.5,88.63636363636364,2035,modest,moderate_re,1.8,solved,2067658501983.7737,610.7993007639682,586.7471790074511,1.801,0.16832328172735356,657.6084302599347,1.4942696303993364,0.6253509997608463,0.21007481546237028,0.16457418477678326,0.04041300986207995,0.05910531818189257,0.08954900587216075,1.183
2060,22.142857142857142,4062.5,97.72727272727273,2035,modest,moderate_re,1.8,solved,2070302178012.1982,611.1908232815464,587.4973848322522,1.8010000000000004,0.1624220238260643,655.4896591507663,1.5000825965828455,0.6253509997608463,0.21007481546237028,0.16457418477678326,0.04041300986207995,0.05910531818189257,0.08954900587216075,0.606
2061,22.142857142857142,4062.5,106.81818181818183,2035,modest,moderate_re,1.8,solved,2072777765458.7437,611.0848685234614,588.1998915321028,1.8010000000000006,0.16206490666432094,654.2014396399269,1.510798706687216,0.6250040203778474,0.21042179484536938,0.16457418477678326,0.04072529130677909,0.05910531818189257,0.08954900587216075,0.475
2062,22.142857142857142,4062.5,115.90909090909092,2035,modest,moderate_re,1.8,solved,2074938538839.0005,610.394624651152,588.8130622680458,1.8010000000000006,0.14796439024719163,652.5391953609989,1.52332925566405,0.6245937128410959,0.21083210238212086,0.16457418477678326,0.04109456808985539,0.05910531818189257,0.08954900587216075,0.589
2063,22.142857142857142,4062.5,125.0,2035,modest,moderate_re,1.8,solved,2076968640892.3208,610.5148682507577,589.3891519132846,1.8010000000000004,0.14195935771596102,651.9895098359021,1.528665926072015,0.6245937128410959,0.21083210238212086,0.16457418477678326,0.04109456808985539,0.05910531818189257,0.08954900587216075,0.598
2064,22.142857142857142,4208.333333333334,25.0,2035,modest,moderate_re,1.8,solved,2040563472041.2515,611.4403840035301,579.0583211188566,1.8010000000000002,0.26993558159275644,669.9735379607704,1.3273442770137613,0.5908753488778803,0.2445504663453363,0.16457418477678326,0.07725102908730481,0.05910531818189257,0.0837390724416054,0.363
2065,22.142857142857142,4208.333333333334,34.09090909090909,2035,modest,moderate_re,1.8,solved,2046972883804.175,613.5953045211999,580.8771438438785,1.801,0.24898628646242765,677.7977008810252,1.363746971199382,0.584419867288374,0.2510059479348425,0.16457418477678326,0.07725102908730493,0.05910531818189257,0.08954900587216075,0.89
2066,22.142857142857142,4208.333333333334,43.18181818181819,2035,modest,moderate_re,1.8,solved,2052564466390.5803,613.7965655141004,582.4638881276239,1.8010000000000004,0.22623280202110504,674.4420444221649,1.3941535805046141,0.5931771392137601,0.24224867600945643,0.16457418477678326,0.06936948435445754,0.05910531818189257,0.08954900587216075,0.467
2067,22.142857142857142,4208.333333333334,52.27272727272727,2035,modest,moderate_re,1.8,solved,2057120252992.4995,613.2196388141188,583.7567007145532,1.8010000000000002,0.21352002321639646,669.3822397901672,1.4350299916728606,0.6003716512258394,0.23505416399737739,0.16457418477678326,0.06289442354358629,0.05910531818189257,0.08954900587216075,0.375
2068,22.142857142857142,4208.333333333334,61.36363636363637,2035,modest,moderate_re,1.8,solved,2061314492245.2776,614.0175152370979,584.9469156592787,1.801,0.20370865076208167,668.2958128125007,1.4441322396102112,0.6029042154695298,0.2325215997536868,0.16457418477678326,0.060615115724264826,0.05910531818189257,0.08954900587216075,0.263
2069,22.142857142857142,4208.333333333334,70.45454545454547,2035,modest,moderate_re,1.8,solved,2064995054253.7852,613.3823236420144,585.9913624930193,1.8010000000000002,0.19459337644125768,665.0464459118784,1.4688610183880826,0.6093204849425531,0.2261053302806635,0.16457418477678326,0.0548404731985439,0.05910531818189257,0.08954900587216075,0.469
2070,22.142857142857142,4208.333333333334,79.54545454545455,2035,modest,moderate_re,1.8,solved,2068280412205.9744,613.1797810297339,586.9236607950006,1.8009999999999997,0.1796326102702386,659.6303513807133,1.4826105208857272,0.6117511335747937,0.22367468164842286,0.16457418477678326,0.05265288942952732,0.05910531818189257,0.08954900587216075,0.374
2071,22.142857142857142,4208.333333333334,88.63636363636364,2035,modest,moderate_re,1.8,solved,2071151082229.8638,612.2109527333969,587.7382815540682,1.801,0.16832328172735356,660.4916914333077,1.4942696303993364,0.6253509997608463,0.21007481546237028,0.16457418477678326,0.04041300986207995,0.05910531818189257,0.08954900587216075,0.357
2072,22.142857142857142,4208.333333333334,97.72727272727273,2035,modest,moderate_re,1.8,solved,2073794173670.9604,612.5670140330318,588.4883214883389,1.8010000000000004,0.1618203036930228,658.2236330126058,1.5011352363278643,0.6250040203778474,0.21042179484536938,0.16457418477678326,0.04072529130677909,0.05910531818189257,0.08954900587216075,0.295
2073,22.142857142857142,4208.333333333334,106.81818181818183,2035,modest,moderate_re,1.8,solved,2076268934394.1562,612.4737387631203,589.1905935858156,1.8010000000000002,0.16076804639386288,656.7041511519789,1.5135630399845872,0.623764325557399,0.21166148966581783,0.16457418477678326,0.041841016645182735,0.05910531818189257,0.08954900587216075,0.567
2074,22.142857142857142,4208.333333333334,115.90909090909092,2035,modest,moderate_re,1.8,solved,2078430315582.436,611.8057104150862,589.8039368017122,1.8010000000000006,0.14796439024719163,655.4210208445863,1.52332925566405,0.6245937128410959,0.21083210238212086,0.16457418477678326,0.04109456808985539,0.05910531818189257,0.08954900587216075,0.468
2075,22.142857142857142,4208.333333333334,125.0,2035,modest,moderate_re,1.8,solved,2080460417635.7568,611.9259540146918,590.3800264469512,1.8010000000000004,0.14195935771596102,654.8713353194896,1.528665926072015,0.6245937128410959,0.21083210238212086,0.16457418477678326,0.04109456808985539,0.05910531818189257,0.08954900587216075,0.604
2076,22.142857142857142,4354.166666666667,25.0,2035,modest,moderate_re,1.8,solved,2043754127072.6086,612.4281208614888,579.9637452191317,1.8009999999999995,0.27052942876975544,669.9678789063775,1.3265373711316122,0.5948029757258737,0.24062283949734292,0.16457418477678326,0.07510429518093055,0.05910531818189257,0.08235094218478556,0.473
2077,22.142857142857142,4354.166666666667,34.09090909090909,2035,modest,moderate_re,1.8,solved,2050366543809.6782,615.1529333421004,581.8401754242042,1.8009999999999995,0.25670297242546003,677.8260070561362,1.3530297475378918,0.5867863866316945,0.24863942859152213,0.16457418477678326,0.07725102908730484,0.05910531818189257,0.08741913846317254,0.602
2078,22.142857142857142,4354.166666666667,43.18181818181819,2035,modest,moderate_re,1.8,solved,2055993721821.4802,615.2868791675735,583.4370207548184,1.801,0.2273204545096933,677.4364209099705,1.3930438053183218,0.5925972611127539,0.2428285541104627,0.16457418477678326,0.0698913746453632,0.05910531818189257,0.08954900587216075,0.58
2079,22.142857142857142,4354.166666666667,52.27272727272727,2035,modest,moderate_re,1.8,solved,2060570124469.7822,614.6142900073265,584.7356836342625,1.8010000000000002,0.21352002321639646,672.2181442819426,1.4350299916728606,0.6003716512258394,0.23505416399737739,0.16457418477678326,0.06289442354358629,0.05910531818189257,0.08954900587216075,0.456
2080,22.142857142857142,4354.166666666667,61.36363636363637,2035,modest,moderate_re,1.8,solved,2064771359539.2427,615.4148841546064,585.9278838080282,1.801,0.20370865076208167,671.1365186239881,1.4441322396102112,0.6029042154695298,0.2325215997536868,0.16457418477678326,0.060615115724264826,0.05910531818189257,0.08954900587216075,0.391
2081,22.142857142857142,4354.166666666667,70.45454545454547,2035,modest,moderate_re,1.8,solved,2068469101700.2595,614.7864609680605,586.9772059178408,1.8010000000000002,0.19459337644125768,667.8993159009082,1.4688610183880826,0.6093204849425531,0.2261053302806635,0.16457418477678326,0.0548404731985439,0.05910531818189257,0.08954900587216075,0.291
2082,22.142857142857142,4354.166666666667,79.54545454545455,2035,modest,moderate_re,1.8,solved,2071760945121.8647,614.5864785831752,587.9113446257115,1.8009999999999997,0.1796326102702386,662.4878294744418,1.4826105208857272,0.6117511335747937,0.22367468164842286,0.16457418477678326,0.05265288942952732,0.05910531818189257,0.08954900587216075,0.358
2083,22.142857142857142,4354.166666666667,88.63636363636364,2035,modest,moderate_re,1.8,solved,2074643662475.955,613.6226047028256,588.7293841006856,1.801,0.16832328172735356,663.3749526066806,1.4942696303993364,0.6253509997608463,0.21007481546237028,0.16457418477678326,0.04041300986207995,0.05910531818189257,0.08954900587216075,0.358
2084,22.142857142857142,4354.166666666667,97.72727272727273,2035,modest,moderate_re,1.8,solved,2077283016834.022,614.3269638979801,589.4783635489412,1.8010000000000004,0.16474492728471468,661.3634310549206,1.4999649923259237,0.623671982816616,0.21175383240660078,0.16457418477678326,0.041924125111887325,0.05910531818189257,0.08954900587216075,0.953
2085,22.142857142857142,4354.166666666667,106.81818181818183,2035,modest,moderate_re,1.8,solved,2079756984478.126,613.8836562664504,590.1804105914006,1.8010000000000002,0.16076804639386288,659.5844042555078,1.5135630399845872,0.623764325557399,0.21166148966581783,0.16457418477678326,0.041841016645182735,0.05910531818189257,0.08954900587216075,0.517
2086,22.142857142857142,4354.166666666667,115.90909090909092,2035,modest,moderate_re,1.8,solved,2081922092325.873,613.2167961790204,590.7948113353791,1.8010000000000006,0.14796439024719163,658.3028463281742,1.52332925566405,0.6245937128410959,0.21083210238212086,0.16457418477678326,0.04109456808985539,0.05910531818189257,0.08954900587216075,0.469
2087,22.142857142857142,4354.166666666667,125.0,2035,modest,moderate_re,1.8,solved,2083952194379.1934,613.3370397786261,591.370900980618,1.8010000000000004,0.14195935771596102,657.7531608030774,1.528665926072015,0.6245937128410959,0.21083210238212086,0.16457418477678326,0.04109456808985539,0.05910531818189257,0.08954900587216075,0.383
2088,22.142857142857142,4500.0,25.0,2035,modest,moderate_re,1.8,solved,2046743845527.0947,613.0947610104577,580.8121487961795,1.8010000000000006,0.31468185981798447,649.2909725383339,1.306375851214823,0.6087943522739498,0.22663146294926687,0.16457418477678326,0.0754962835289517,0.05910531818189257,0.06936671494349603,0.605
2089,22.142857142857142,4500.0,34.09090909090909,2035,modest,moderate_re,1.8,solved,2053654725928.8496,615.927926068375,582.7732751506027,1.801,0.2576579877990356,676.0737577692262,1.3529556620034362,0.5918211878237931,0.24360462739942343,0.16457418477678326,0.07495340437400429,0.05910531818189257,0.08518544210358432,0.481
2090,22.142857142857142,4500.0,43.18181818181819,2035,modest,moderate_re,1.8,solved,2059422845618.3677,616.6733435452776,584.4101160277373,1.801,0.2273204545096933,680.2575864538233,1.3930438053183218,0.5925972611127539,0.2428285541104627,0.16457418477678326,0.0698913746453632,0.05910531818189257,0.08954900587216075,0.391
2091,22.142857142857142,4500.0,52.27272727272727,2035,modest,moderate_re,1.8,solved,2064019995947.065,616.0089412005343,585.7146665539719,1.8010000000000002,0.21352002321639646,675.0540487737179,1.4350299916728606,0.6003716512258394,0.23505416399737739,0.16457418477678326,0.06289442354358629,0.05910531818189257,0.08954900587216075,0.584
2092,22.142857142857142,4500.0,61.36363636363637,2035,modest,moderate_re,1.8,solved,2068228212548.3381,616.813458484052,586.9088479031069,1.8010000000000004,0.20372095144063473,673.9785911400108,1.444124330000955,0.6028983960313335,0.23252741919188305,0.16457418477678326,0.060620353218641516,0.05910531818189257,0.08954900587216075,0.243
2093,22.142857142857142,4500.0,70.45454545454547,2035,modest,moderate_re,1.8,solved,2071935258757.3386,616.6408627231035,587.9608102573808,1.8010000000000004,0.19934316256548681,671.1257745775359,1.4671773304912485,0.6063000891429596,0.22912572608025697,0.16457418477678326,0.05755882941817804,0.05910531818189257,0.08954900587216075,0.776
2094,22.142857142857142,4500.0,79.54545454545455,2035,modest,moderate_re,1.8,solved,2075241478037.7559,615.9931761366166,588.8990284564227,1.8009999999999997,0.1796326102702386,665.3453075681704,1.4826105208857272,0.6117511335747937,0.22367468164842286,0.16457418477678326,0.05265288942952732,0.05910531818189257,0.08954900587216075,0.968
2095,22.142857142857142,4500.0,88.63636363636364,2035,modest,moderate_re,1.8,solved,2078135794772.7046,615.0428500536474,589.7203595310444,1.8010000000000002,0.16790276301429774,666.1066450522693,1.4954027268582701,0.6248146107685263,0.21061120445469034,0.16457418477678326,0.04089575995516804,0.05910531818189257,0.08954900587216075,0.365
2096,22.142857142857142,4500.0,97.72727272727273,2035,modest,moderate_re,1.8,solved,2080770683800.5344,615.7367617374866,590.4680718358537,1.8010000000000004,0.16474492728471468,664.2435090920037,1.4999649923259237,0.623671982816616,0.21175383240660078,0.16457418477678326,0.041924125111887325,0.05910531818189257,0.08954900587216075,1.275
2097,22.142857142857142,4500.0,106.81818181818183,2035,modest,moderate_re,1.8,solved,2083245034562.0962,615.2935737697806,591.1702275969857,1.8010000000000002,0.16076804639386288,662.464657359037,1.5135630399845872,0.623764325557399,0.21166148966581783,0.16457418477678326,0.041841016645182735,0.05910531818189257,0.08954900587216075,0.733
2098,22.142857142857142,4500.0,115.90909090909092,2035,modest,moderate_re,1.8,solved,2085413869069.3096,614.6278819429546,591.7856858690459,1.8010000000000006,0.14796439024719163,661.1846718117619,1.52332925566405,0.6245937128410959,0.21083210238212086,0.16457418477678326,0.04109456808985539,0.05910531818189257,0.08954900587216075,0.99
2099,22.142857142857142,4500.0,125.0,2035,modest,moderate_re,1.8,solved,2087443971122.6296,614.7481255425602,592.3617755142847,1.8010000000000004,0.14195935771596102,660.6349862866649,1.528665926072015,0.6245937128410959,0.21083210238212086,0.16457418477678326,0.04109456808985539,0.05910531818189257,0.08954900587216075,0.825
2100,25.0,1000.0,25.0,2035,modest,moderate_re,1.8,solved,1973421247442.6765,582.6880391822104,560.0051211645599,1.8010000000000002,0.2556957586777328,615.2639995217523,1.3136695876295899,0.6007072842457962,0.23471853097742032,0.16457418477678326,0.06841184447006447,0.05328582753745303,0.08954900587216075,0.269
2101,25.0,1000.0,34.09090909090909,2035,modest,moderate_re,1.8,solved,1979617857927.0425,583.2916162724949,561.7635564756238,1.8010000000000002,0.2332196773105726,614.0466466851738,1.3701062414237994,0.6035132986108146,0.23191251661240228,0.16457418477678326,0.06191072652560871,0.05726153255339254,0.08954900587216075,0.372
2102,25.0,1000.0,43.18181818181819,2035,modest,moderate_re,1.8,solved,1984922322338.3784,584.3881499169388,563.2688241619998,1.8009999999999997,0.21896835860902503,612.6460466033158,1.388199267785796,0.6046543856351322,0.23077142958808458,0.16457418477678326,0.05903996257522278,0.05910531818189257,0.08954900587216075,0.387
2103,25.0,1000.0,52.27272727272727,2035,modest,moderate_re,1.8,solved,1989555985722.327,584.3325226739395,564.5837361343557,1.8010000000000004,0.21019257545506723,610.1171010190003,1.427578896307059,0.6091225306130932,0.2263032846101235,0.16457418477678326,0.05501863209505786,0.05910531818189257,0.08954900587216075,0.914
2104,25.0,1000.0,61.36363636363637,2035,modest,moderate_re,1.8,solved,1993703832823.2612,584.788102554956,565.7607862048061,1.8010000000000004,0.1957896043052219,607.7855209376763,1.44110871967682,0.6131163223571476,0.2223094928660692,0.16457418477678326,0.05142421952540892,0.05910531818189257,0.08954900587216075,1.001
2105,25.0,1000.0,70.45454545454547,2035,modest,moderate_re,1.8,solved,1997259412767.1577,584.8743524972917,566.7697664110709,1.801,0.1928339007404591,608.5253843486162,1.454566265528564,0.624522983459422,0.21090283176379468,0.16457418477678326,0.04115822453336186,0.05910531818189257,0.08954900587216075,1.017
2106,25.0,1000.0,79.54545454545455,2035,modest,moderate_re,1.8,solved,2000549057629.1318,584.5315891751158,567.7032812254602,1.8010000000000006,0.17787662955189568,607.0847530725489,1.4654058038140794,0.628944198799651,0.2064816164235658,0.16457418477678326,0.03717913072715584,0.05910531818189257,0.08954900587216075,0.754
2107,25.0,1000.0,88.63636363636364,2035,modest,moderate_re,1.8,solved,2003497422089.0664,584.4177928323372,568.5399496249529,1.8010000000000002,0.17690537236322038,602.7996878165216,1.4810487913786652,0.628944198799651,0.2064816164235658,0.16457418477678326,0.03717913072715584,0.05910531818189257,0.08954900587216075,8.15
2108,25.0,1000.0,97.72727272727273,2035,modest,moderate_re,1.8,solved,2006359178467.3452,585.3879922990668,569.3520409254992,1.8010000000000004,0.1745556527831591,602.1516821847046,1.4850375367937816,0.6277070452719619,0.20771876995125474,0.16457418477678326,0.038292568902075996,0.05910531818189257,0.08954900587216075,0.441
2109,25.0,1000.0,106.81818181818183,2035,modest,moderate_re,1.8,solved,2009094005443.4746,584.3898148384997,570.1281129953202,1.801,0.16804919155393294,599.4241573996575,1.5011273870640245,0.6278747017241022,0.20755111349911448,0.16457418477678326,0.03814167809514976,0.05910531818189257,0.08954900587216075,0.927
2110,25.0,1000.0,115.90909090909092,2035,modest,moderate_re,1.8,solved,2011564348957.9958,584.8689251693622,570.8291316049862,1.8009999999999997,0.16466225759791236,597.8486711676106,1.504106877306482,0.6278747017241022,0.20755111349911448,0.16457418477678326,0.03814167809514976,0.05910531818189257,0.08954900587216075,0.354
2111,25.0,1000.0,125.0,2035,modest,moderate_re,1.8,solved,2013932688405.5469,585.4014863536892,571.5012041394251,1.8010000000000006,0.1606092319608747,597.6045219068367,1.5082153288610198,0.6275203521459694,0.20790546307724725,0.16457418477678326,0.03846059271546929,0.05910531818189257,0.08954900587216075,0.267
2112,25.0,1145.8333333333333,25.0,2035,modest,moderate_re,1.8,solved,1976872031854.2844,584.7551163776861,560.9843631510539,1.8010000000000004,0.2626710017810126,618.0677222876982,1.317976654204158,0.5937832093208484,0.24164260590236844,0.16457418477678326,0.07334312912543256,0.054586210314538225,0.08954900587216075,0.877
2113,25.0,1145.8333333333333,34.09090909090909,2035,modest,moderate_re,1.8,solved,1983074752650.4402,585.262731290336,562.7445324081258,1.8009999999999995,0.23908658586279383,617.9151759417934,1.3641200007818584,0.6003853769393815,0.2350404382838351,0.16457418477678326,0.06472585602989836,0.05726153255339254,0.08954900587216075,0.573
2114,25.0,1145.8333333333333,43.18181818181819,2035,modest,moderate_re,1.8,solved,1988387718926.5105,585.7886757422142,564.2522127004252,1.8009999999999997,0.21896835860902536,615.490070445742,1.3881992677857955,0.6046543856351322,0.23077142958808458,0.16457418477678326,0.05903996257522278,0.05910531818189257,0.08954900587216075,0.476
2115,25.0,1145.8333333333333,52.27272727272727,2035,modest,moderate_re,1.8,solved,1993030599111.8894,585.7367793671174,565.5697401589618,1.8010000000000004,0.21019257545506723,612.9695957196142,1.427578896307059,0.6091225306130932,0.2263032846101235,0.16457418477678326,0.05501863209505786,0.05910531818189257,0.08954900587216075,0.487
2116,25.0,1145.8333333333333,61.36363636363637,2035,modest,moderate_re,1.8,solved,1997188526022.726,586.1963396947657,566.749650614732,1.8010000000000004,0.1957896043052219,610.6455872018048,1.44110871967682,0.6131163223571476,0.2223094928660692,0.16457418477678326,0.05142421952540892,0.05910531818189257,0.08954900587216075,0.488
2117,25.0,1145.8333333333333,70.45454545454547,2035,modest,moderate_re,1.8,solved,2000749570002.8086,586.2850900925052,567.760181370962,1.801,0.1928339007404591,611.4070757410844,1.454566265528564,0.624522983459422,0.21090283176379468,0.16457418477678326,0.04115822453336186,0.05910531818189257,0.08954900587216075,0.267
2118,25.0,1145.8333333333333,79.54545454545455,2035,modest,moderate_re,1.8,solved,2004052152594.278,585.9472090960752,568.6973675731924,1.8010000000000006,0.17787662955189568,609.9748263524332,1.4654058038140794,0.628944198799651,0.2064816164235658,0.16457418477678326,0.03717913072715584,0.05910531818189257,0.08954900587216075,1.052
2119,25.0,1145.8333333333333,88.63636363636364,2035,modest,moderate_re,1.8,solved,2007000517054.2124,585.8334127532966,569.5340359726852,1.8010000000000002,0.17690537236322038,605.6897610964056,1.4810487913786652,0.628944198799651,0.2064816164235658,0.16457418477678326,0.03717913072715584,0.05910531818189257,0.08954900587216075,0.496
2120,25.0,1145.8333333333333,97.72727272727273,2035,modest,moderate_re,1.8,solved,2009858653170.537,586.8022460376408,570.3450999379695,1.8010000000000004,0.1745556527831591,605.0394100276922,1.4850375367937816,0.6277070452719619,0.20771876995125474,0.16457418477678326,0.038292568902075996,0.05910531818189257,0.08954900587216075,0.466
2121,25.0,1145.8333333333333,106.81818181818183,2035,modest,moderate_re,1.8,solved,2012594763651.598,586.444385933911,571.1215362327807,1.8010000000000002,0.1727184821771633,602.8926856416066,1.497575295167003,0.6278747017241022,0.20755111349911448,0.16457418477678326,0.03814167809514976,0.05910531818189257,0.08954900587216075,0.504
2122,25.0,1145.8333333333333,115.90909090909092,2035,modest,moderate_re,1.8,solved,2015065726805.0605,586.2836341127307,571.8227306797044,1.8009999999999997,0.16466225759791236,600.7367168592888,1.504106877306482,0.6278747017241022,0.20755111349911448,0.16457418477678326,0.03814167809514976,0.05910531818189257,0.08954900587216075,0.817
2123,25.0,1145.8333333333333,125.0,2035,modest,moderate_re,1.8,solved,2017433029325.2878,586.8158039906102,572.4945089614022,1.8010000000000006,0.1606092319608747,600.4918958107733,1.5082153288610198,0.6275203521459694,0.20790546307724725,0.16457418477678326,0.03846059271546929,0.05910531818189257,0.08954900587216075,0.584
2124,25.0,1291.6666666666667,25.0,2035,modest,moderate_re,1.8,solved,1980308757019.1338,586.1442551257459,561.9596154925622,1.8010000000000004,0.2626710017810126,620.8911361916952,1.317976654204158,0.5937832093208484,0.24164260590236844,0.16457418477678326,0.07334312912543256,0.054586210314538225,0.08954900587216075,1.214
2125,25.0,1291.6666666666667,34.09090909090909,2035,modest,moderate_re,1.8,solved,1986529077841.1655,586.6596031156158,563.7247791747403,1.8009999999999997,0.23909039628497705,620.7506243246436,1.3641280183066016,0.6003767050808347,0.23504911014238214,0.16457418477678326,0.0647336607025906,0.05726153255339254,0.08954900587216075,0.348
2126,25.0,1291.6666666666667,43.18181818181819,2035,modest,moderate_re,1.8,solved,1991849418154.3066,587.4872726579034,565.2345520250926,1.8009999999999997,0.2219095401431505,618.7647010056153,1.385853107425613,0.6031799547519289,0.23224586047128773,0.16457418477678326,0.06036695037010571,0.05910531818189257,0.08954900587216075,0.876
2127,25.0,1291.6666666666667,52.27272727272727,2035,modest,moderate_re,1.8,solved,1996502831779.003,587.4596919760908,566.5550685970632,1.8010000000000002,0.2135882242082222,616.2202206673402,1.425932111836798,0.6069438530851125,0.2284819621381042,0.16457418477678326,0.05697944187024052,0.05910531818189257,0.08954900587216075,0.562
2128,25.0,1291.6666666666667,61.36363636363637,2035,modest,moderate_re,1.8,solved,2000673219222.192,587.6045768345754,567.7385150246582,1.8010000000000004,0.1957896043052219,613.5056534659334,1.44110871967682,0.6131163223571476,0.2223094928660692,0.16457418477678326,0.05142421952540892,0.05910531818189257,0.08954900587216075,0.729
2129,25.0,1291.6666666666667,70.45454545454547,2035,modest,moderate_re,1.8,solved,2004239727238.4595,587.6958276877186,568.7505963308529,1.8010000000000002,0.1928339007404582,614.2887671335526,1.454566265528565,0.624522983459422,0.21090283176379468,0.16457418477678326,0.04115822453336186,0.05910531818189257,0.08954900587216075,0.399
2130,25.0,1291.6666666666667,79.54545454545455,2035,modest,moderate_re,1.8,solved,2007555247559.4246,587.3628290170345,569.6914539209248,1.8010000000000006,0.17787662955189568,612.864899632317,1.4654058038140794,0.628944198799651,0.2064816164235658,0.16457418477678326,0.03717913072715584,0.05910531818189257,0.08954900587216075,0.252
2131,25.0,1291.6666666666667,88.63636363636364,2035,modest,moderate_re,1.8,solved,2010503612019.3591,587.249032674256,570.5281223204177,1.8010000000000002,0.17690537236322038,608.5798343762898,1.4810487913786652,0.628944198799651,0.2064816164235658,0.16457418477678326,0.03717913072715584,0.05910531818189257,0.08954900587216075,0.716
2132,25.0,1291.6666666666667,97.72727272727273,2035,modest,moderate_re,1.8,solved,2013358127873.7302,588.2164997762148,571.3381589504402,1.8010000000000004,0.1745556527831591,607.92713787068,1.4850375367937816,0.6277070452719619,0.20771876995125474,0.16457418477678326,0.038292568902075996,0.05910531818189257,0.08954900587216075,0.366
2133,25.0,1291.6666666666667,106.81818181818183,2035,modest,moderate_re,1.8,solved,2016094988752.5325,587.858865521813,572.1148081884223,1.8010000000000002,0.1727184821771633,605.7807313332851,1.497575295167003,0.6278747017241022,0.20755111349911448,0.16457418477678326,0.03814167809514976,0.05910531818189257,0.08954900587216075,0.548
2134,25.0,1291.6666666666667,115.90909090909092,2035,modest,moderate_re,1.8,solved,2018567104652.1255,587.6983430560991,572.8163297544227,1.8009999999999997,0.16466225759791236,603.6247625509674,1.504106877306482,0.6278747017241022,0.20755111349911448,0.16457418477678326,0.03814167809514976,0.05910531818189257,0.08954900587216075,0.462
2135,25.0,1291.6666666666667,125.0,2035,modest,moderate_re,1.8,solved,2020933370245.0303,588.2301216275312,573.4878137833797,1.8010000000000006,0.1606092319608747,603.3792697147097,1.5082153288610198,0.6275203521459694,0.20790546307724725,0.16457418477678326,0.03846059271546929,0.05910531818189257,0.08954900587216075,0.253
2136,25.0,1437.5,25.0,2035,modest,moderate_re,1.8,solved,1983745482183.984,587.533393873806,562.9348678340708,1.8010000000000004,0.2626710017810126,623.7145500956924,1.317976654204158,0.5937832093208484,0.24164260590236844,0.16457418477678326,0.07334312912543256,0.054586210314538225,0.08954900587216075,0.566
2137,25.0,1437.5,34.09090909090909,2035,modest,moderate_re,1.8,solved,1989982056473.4673,588.3269812065814,564.7046438234394,1.8009999999999995,0.23951747785446292,623.7369666772943,1.36509204729004,0.5970282216720231,0.23839759355119353,0.16457418477678326,0.06642030797563808,0.05858852034827541,0.08954900587216075,0.559
2138,25.0,1437.5,43.18181818181819,2035,modest,moderate_re,1.8,solved,1995310769381.6682,588.886221834015,566.2167925963764,1.8009999999999997,0.2219095401431505,621.6059295728255,1.385853107425613,0.6031799547519289,0.23224586047128773,0.16457418477678326,0.06036695037010571,0.05910531818189257,0.08954900587216075,1.007
2139,25.0,1437.5,52.27272727272727,2035,modest,moderate_re,1.8,solved,1999971630885.4673,588.8616544145808,567.5394226808293,1.8010000000000002,0.21358822420822252,619.0685849584739,1.4259321118367978,0.6069438530851125,0.2284819621381042,0.16457418477678326,0.05697944187024052,0.05910531818189257,0.08954900587216075,0.338
2140,25.0,1437.5,61.36363636363637,2035,modest,moderate_re,1.8,solved,2004157912421.6567,589.0128139743852,568.7273794345841,1.8010000000000004,0.1957896043052219,616.3657197300616,1.44110871967682,0.6131163223571476,0.2223094928660692,0.16457418477678326,0.05142421952540892,0.05910531818189257,0.08954900587216075,0.791
2141,25.0,1437.5,70.45454545454547,2035,modest,moderate_re,1.8,solved,2007728345635.7378,589.0245038406193,569.7405746088291,1.8009999999999997,0.19418138729315576,612.8709821386444,1.4629297787097144,0.6142400340744499,0.2211857811487666,0.16457418477678326,0.05041287897983671,0.05910531818189257,0.08954900587216075,0.366
2142,25.0,1437.5,79.54545454545455,2035,modest,moderate_re,1.8,solved,2011058342524.5706,588.778448937994,570.6855402686571,1.8010000000000006,0.17787662955189568,615.7549729122012,1.4654058038140794,0.628944198799651,0.2064816164235658,0.16457418477678326,0.03717913072715584,0.05910531818189257,0.08954900587216075,0.501
2143,25.0,1437.5,88.63636363636364,2035,modest,moderate_re,1.8,solved,2014006706984.5059,588.6646525952154,571.5222086681501,1.8010000000000002,0.17690537236322038,611.4699076561739,1.4810487913786652,0.628944198799651,0.2064816164235658,0.16457418477678326,0.03717913072715584,0.05910531818189257,0.08954900587216075,0.382
2144,25.0,1437.5,97.72727272727273,2035,modest,moderate_re,1.8,solved,2016857602576.9229,589.6307535147887,572.3312179629106,1.8010000000000004,0.1745556527831591,610.8148657136679,1.4850375367937816,0.6277070452719619,0.20771876995125474,0.16457418477678326,0.038292568902075996,0.05910531818189257,0.08954900587216075,0.359
2145,25.0,1437.5,106.81818181818183,2035,modest,moderate_re,1.8,solved,2019595213853.467,589.2733451097148,573.1080801440639,1.8010000000000002,0.1727184821771633,608.6687770249632,1.497575295167003,0.6278747017241022,0.20755111349911448,0.16457418477678326,0.03814167809514976,0.05910531818189257,0.08954900587216075,0.389
2146,25.0,1437.5,115.90909090909092,2035,modest,moderate_re,1.8,solved,2022068482499.1902,589.1130519994676,573.809928829141,1.8009999999999997,0.16466225759791236,606.5128082426455,1.504106877306482,0.6278747017241022,0.20755111349911448,0.16457418477678326,0.03814167809514976,0.05910531818189257,0.08954900587216075,0.5
2147,25.0,1437.5,125.0,2035,modest,moderate_re,1.8,solved,2024433711164.7715,589.644439264452,574.4811186053569,1.8010000000000006,0.1606092319608747,606.2666436186462,1.5082153288610198,0.6275203521459694,0.20790546307724725,0.16457418477678326,0.03846059271546929,0.05910531818189257,0.08954900587216075,0.7
2148,25.0,1583.3333333333335,25.0,2035,modest,moderate_re,1.8,solved,1987182144014.871,588.9234658962156,563.9101022030641,1.8010000000000002,0.2626027817685938,626.5425355170264,1.3179634431981095,0.5937565695059115,0.24166924571730516,0.16457418477678326,0.0733431291254326,0.05461018614798135,0.08954900587216075,0.448
2149,25.0,1583.3333333333335,34.09090909090909,2035,modest,moderate_re,1.8,solved,1993427302573.5857,589.7773647396315,565.6823141825879,1.8010000000000002,0.2396640134452039,626.582854856211,1.3653923736629392,0.5963047645818095,0.23912105064140737,0.16457418477678326,0.06684201118097696,0.0588179285241289,0.08954900587216075,0.475
2150,25.0,1583.3333333333335,43.18181818181819,2035,modest,moderate_re,1.8,solved,1998772120609.0303,590.2851710101266,567.1990331676603,1.8009999999999997,0.2219095401431505,624.4471581400358,1.385853107425613,0.6031799547519289,0.23224586047128773,0.16457418477678326,0.06036695037010571,0.05910531818189257,0.08954900587216075,0.367
2151,25.0,1583.3333333333335,52.27272727272727,2035,modest,moderate_re,1.8,solved,2003439225363.7341,590.6148905545718,568.5234349227507,1.8009999999999997,0.21715654819930216,622.3266442843403,1.4242015852244927,0.6046543856351322,0.23077142958808458,0.16457418477678326,0.05903996257522278,0.05910531818189257,0.08954900587216075,0.274
2152,25.0,1583.3333333333335,61.36363636363637,2035,modest,moderate_re,1.8,solved,2007642605621.1228,590.4210511141948,569.7162438445104,1.8010000000000004,0.1957896043052219,619.2257859941906,1.44110871967682,0.6131163223571476,0.2223094928660692,0.16457418477678326,0.05142421952540892,0.05910531818189257,0.08954900587216075,0.805
2153,25.0,1583.3333333333335,70.45454545454547,2035,modest,moderate_re,1.8,solved,2011216161780.0906,590.4339498742983,570.7303252284948,1.8009999999999997,0.19418138729315576,615.7331787729038,1.4629297787097144,0.6142400340744499,0.2211857811487666,0.16457418477678326,0.05041287897983671,0.05910531818189257,0.08954900587216075,0.712
2154,25.0,1583.3333333333335,79.54545454545455,2035,modest,moderate_re,1.8,solved,2014561437489.7175,590.1940688589532,571.6796266163897,1.8010000000000006,0.17787662955189568,618.6450461920853,1.4654058038140794,0.628944198799651,0.2064816164235658,0.16457418477678326,0.03717913072715584,0.05910531818189257,0.08954900587216075,0.675
2155,25.0,1583.3333333333335,88.63636363636364,2035,modest,moderate_re,1.8,solved,2017508986595.1106,590.0937336492425,572.5160636396776,1.8010000000000004,0.1756666118016681,614.0488393588884,1.483566014397274,0.6279823933885065,0.20744342183471007,0.16457418477678326,0.03804475559718577,0.05910531818189257,0.08954900587216075,0.384
2156,25.0,1583.3333333333335,97.72727272727273,2035,modest,moderate_re,1.8,solved,2020357077280.1155,591.0450072533629,573.324276975381,1.8010000000000004,0.1745556527831591,613.7025935566555,1.4850375367937816,0.6277070452719619,0.20771876995125474,0.16457418477678326,0.038292568902075996,0.05910531818189257,0.08954900587216075,0.993
2157,25.0,1583.3333333333335,106.81818181818183,2035,modest,moderate_re,1.8,solved,2023095438954.4016,590.6878246976167,574.1013520997055,1.8010000000000004,0.17271848217716312,611.5568227166416,1.4975752951670032,0.6278747017241022,0.20755111349911448,0.16457418477678326,0.03814167809514976,0.05910531818189257,0.08954900587216075,0.658
2158,25.0,1583.3333333333335,115.90909090909092,2035,modest,moderate_re,1.8,solved,2025569860346.2551,590.5277609428362,574.8035279038593,1.8009999999999997,0.16466225759791236,609.400853934324,1.504106877306482,0.6278747017241022,0.20755111349911448,0.16457418477678326,0.03814167809514976,0.05910531818189257,0.08954900587216075,0.384
2159,25.0,1583.3333333333335,125.0,2035,modest,moderate_re,1.8,solved,2027934052084.5132,591.0587569013728,575.4744234273342,1.8010000000000006,0.1606092319608747,609.1540175225828,1.5082153288610198,0.6275203521459694,0.20790546307724725,0.16457418477678326,0.03846059271546929,0.05910531818189257,0.08954900587216075,0.476
2160,25.0,1729.1666666666667,25.0,2035,modest,moderate_re,1.8,solved,1990618793059.1006,590.3125755526339,564.8853329435397,1.8010000000000002,0.2626027817685938,629.3658989163742,1.3179634431981095,0.5937565695059115,0.24166924571730516,0.16457418477678326,0.0733431291254326,0.05461018614798135,0.08954900587216075,0.568
2161,25.0,1729.1666666666667,34.09090909090909,2035,modest,moderate_re,1.8,solved,1996869554578.4204,591.2262613571745,566.6591348961301,1.801,0.2397978080599047,629.4351203677068,1.3656642316789942,0.5955293821545937,0.23989643306862282,0.16457418477678326,0.06726284304258642,0.05909494084701333,0.08954900587216075,0.251
2162,25.0,1729.1666666666667,43.18181818181819,2035,modest,moderate_re,1.8,solved,2002233471836.3928,591.6841201862383,568.1812737389445,1.8009999999999997,0.2219095401431505,627.288386707246,1.385853107425613,0.6031799547519289,0.23224586047128773,0.16457418477678326,0.06036695037010571,0.05910531818189257,0.08954900587216075,0.896
2163,25.0,1729.1666666666667,52.27272727272727,2035,modest,moderate_re,1.8,solved,2006901914519.676,592.0144420711318,569.506055163027,1.8009999999999997,0.21715654819930216,625.1706681267664,1.4242015852244927,0.6046543856351322,0.23077142958808458,0.16457418477678326,0.05903996257522278,0.05910531818189257,0.08954900587216075,0.265
2164,25.0,1729.1666666666667,61.36363636363637,2035,modest,moderate_re,1.8,solved,2011127298820.5876,591.8292882540046,570.7051082544363,1.8010000000000004,0.1957896043052219,622.0858522583188,1.44110871967682,0.6131163223571476,0.2223094928660692,0.16457418477678326,0.05142421952540892,0.05910531818189257,0.08954900587216075,0.389
2165,25.0,1729.1666666666667,70.45454545454547,2035,modest,moderate_re,1.8,solved,2014703977924.444,591.8433959079771,571.7200758481608,1.8009999999999997,0.19418138729315576,618.5953754071628,1.4629297787097144,0.6142400340744499,0.2211857811487666,0.16457418477678326,0.05041287897983671,0.05910531818189257,0.08954900587216075,0.599
2166,25.0,1729.1666666666667,79.54545454545455,2035,modest,moderate_re,1.8,solved,2018064532454.8633,591.6096887799127,572.6737129641218,1.8010000000000006,0.17787662955189568,621.5351194719692,1.4654058038140794,0.628944198799651,0.2064816164235658,0.16457418477678326,0.03717913072715584,0.05910531818189257,0.08954900587216075,0.46
2167,25.0,1729.1666666666667,88.63636363636364,2035,modest,moderate_re,1.8,solved,2021009267044.9531,591.5082914533496,573.5093513018857,1.8010000000000004,0.1756666118016681,616.9370892160136,1.483566014397274,0.6279823933885065,0.20744342183471007,0.16457418477678326,0.03804475559718577,0.05910531818189257,0.08954900587216075,0.456
2168,25.0,1729.1666666666667,97.72727272727273,2035,modest,moderate_re,1.8,solved,2023856551983.3086,592.4592609919368,574.3173359878517,1.8010000000000004,0.1745556527831591,616.5903213996434,1.4850375367937816,0.6277070452719619,0.20771876995125474,0.16457418477678326,0.038292568902075996,0.05910531818189257,0.08954900587216075,0.788
2169,25.0,1729.1666666666667,106.81818181818183,2035,modest,moderate_re,1.8,solved,2026595664055.336,592.1023042855186,575.094624055347,1.8010000000000004,0.17271848217716312,614.44486840832,1.4975752951670032,0.6278747017241022,0.20755111349911448,0.16457418477678326,0.03814167809514976,0.05910531818189257,0.08954900587216075,0.596
2170,25.0,1729.1666666666667,115.90909090909092,2035,modest,moderate_re,1.8,solved,2029071238193.3198,591.9424698862047,575.7971269785775,1.8009999999999997,0.16466225759791236,612.2888996260023,1.504106877306482,0.6278747017241022,0.20755111349911448,0.16457418477678326,0.03814167809514976,0.05910531818189257,0.08954900587216075,0.465
2171,25.0,1729.1666666666667,125.0,2035,modest,moderate_re,1.8,solved,2031434393004.2542,592.473074538294,576.4677282493112,1.8010000000000006,0.1606092319608747,612.041391426519,1.5082153288610198,0.6275203521459694,0.20790546307724725,0.16457418477678326,0.03846059271546929,0.05910531818189257,0.08954900587216075,0.399
2172,25.0,1875.0,25.0,2035,modest,moderate_re,1.8,solved,1994051571298.3184,591.8332465009994,565.8594652512136,1.8010000000000002,0.25647801393822683,637.7487809824327,1.3165025157403807,0.5908106290554546,0.24461518616776204,0.16457418477678326,0.07334312912543256,0.05726153255339254,0.08954900587216075,0.506
2173,25.0,1875.0,34.09090909090909,2035,modest,moderate_re,1.8,solved,2000310687567.5215,592.6171867312481,567.6356380623964,1.801,0.2397978080599047,632.2618447243677,1.3656642316789942,0.5955293821545937,0.23989643306862282,0.16457418477678326,0.06726284304258642,0.05909494084701333,0.08954900587216075,0.481
2174,25.0,1875.0,43.18181818181819,2035,modest,moderate_re,1.8,solved,2005694823063.7546,593.0830693623499,569.1635143102283,1.8009999999999997,0.2219095401431505,630.129615274456,1.385853107425613,0.6031799547519289,0.23224586047128773,0.16457418477678326,0.06036695037010571,0.05910531818189257,0.08954900587216075,0.563
2175,25.0,1875.0,52.27272727272727,2035,modest,moderate_re,1.8,solved,2010364603675.6187,593.4139935876918,570.4886754033034,1.8009999999999997,0.21715654819930216,628.0146919691929,1.4242015852244927,0.6046543856351322,0.23077142958808458,0.16457418477678326,0.05903996257522278,0.05910531818189257,0.08954900587216075,0.476
2176,25.0,1875.0,61.36363636363637,2035,modest,moderate_re,1.8,solved,2014610801893.8518,593.5665205240869,571.6936349378032,1.8010000000000004,0.19888264705800343,625.8901295566113,1.4393776167889254,0.6113228007138546,0.224103014509362,0.16457418477678326,0.053038389004372535,0.05910531818189257,0.08954900587216075,0.633
2177,25.0,1875.0,70.45454545454547,2035,modest,moderate_re,1.8,solved,2018191794068.7966,593.2528419416559,572.7098264678265,1.801,0.1941813872931552,621.457572041422,1.4629297787097149,0.6142400340744499,0.2211857811487666,0.16457418477678326,0.05041287897983671,0.05910531818189257,0.08954900587216075,0.562
2178,25.0,1875.0,79.54545454545455,2035,modest,moderate_re,1.8,solved,2021567627420.0103,593.025308700872,573.6677993118544,1.8010000000000006,0.17787662955189568,624.4251927518534,1.4654058038140794,0.628944198799651,0.2064816164235658,0.16457418477678326,0.03717913072715584,0.05910531818189257,0.08954900587216075,0.26
2179,25.0,1875.0,88.63636363636364,2035,modest,moderate_re,1.8,solved,2024509547494.7952,592.9228492574564,574.5026389640935,1.8010000000000004,0.1756666118016681,619.8253390731389,1.483566014397274,0.6279823933885065,0.20744342183471007,0.16457418477678326,0.03804475559718577,0.05910531818189257,0.08954900587216075,0.468
2180,25.0,1875.0,97.72727272727273,2035,modest,moderate_re,1.8,solved,2027356026686.5005,593.8735147305109,575.310395000322,1.8010000000000004,0.1745556527831591,619.4780492426313,1.4850375367937816,0.6277070452719619,0.20771876995125474,0.16457418477678326,0.038292568902075996,0.05910531818189257,0.08954900587216075,1.355
2181,25.0,1875.0,106.81818181818183,2035,modest,moderate_re,1.8,solved,2030095889156.2708,593.5167838734206,576.0878960109887,1.8010000000000002,0.1727184821771633,617.3329140999981,1.497575295167003,0.6278747017241022,0.20755111349911448,0.16457418477678326,0.03814167809514976,0.05910531818189257,0.08954900587216075,0.262
2182,25.0,1875.0,115.90909090909092,2035,modest,moderate_re,1.8,solved,2032572495560.362,593.3465832891397,576.7906918642296,1.8010000000000004,0.16446322515993378,615.1365680609294,1.5043968998875148,0.6277867376048638,0.2076390776183527,0.16457418477678326,0.03822084580246412,0.05910531818189257,0.08954900587216075,0.823
2183,25.0,1875.0,125.0,2035,modest,moderate_re,1.8,solved,2034934733923.996,593.8873921752149,577.4610330712885,1.8010000000000006,0.1606092319608747,614.9287653304556,1.5082153288610198,0.6275203521459694,0.20790546307724725,0.16457418477678326,0.03846059271546929,0.05910531818189257,0.08954900587216075,0.278
2184,25.0,2020.8333333333335,25.0,2035,modest,moderate_re,1.8,solved,1997480038568.1719,593.2365116254339,566.832374219003,1.8010000000000006,0.25680974795791656,640.555809804524,1.3166562311202585,0.5906429726033143,0.2447828426199025,0.16457418477678326,0.0734940199323589,0.05726153255339254,0.08954900587216075,0.355
2185,25.0,2020.8333333333335,34.09090909090909,2035,modest,moderate_re,1.8,solved,2003751559319.5835,594.0278228729445,568.612067096452,1.8010000000000004,0.23997382123383892,635.1453423600572,1.3654416473493192,0.5954055646388435,0.240020250584373,0.16457418477678326,0.06736390147188248,0.05910531818189257,0.08954900587216075,0.609
2186,25.0,2020.8333333333335,43.18181818181819,2035,modest,moderate_re,1.8,solved,2009156174291.1172,594.4820185384615,570.1457548815124,1.8009999999999997,0.2219095401431505,632.9708438416664,1.385853107425613,0.6031799547519289,0.23224586047128773,0.16457418477678326,0.06036695037010571,0.05910531818189257,0.08954900587216075,0.263
2187,25.0,2020.8333333333335,52.27272727272727,2035,modest,moderate_re,1.8,solved,2013827292831.5618,594.8135451042521,571.4712956435801,1.8009999999999997,0.21715654819930216,630.858715811619,1.4242015852244927,0.6046543856351322,0.23077142958808458,0.16457418477678326,0.05903996257522278,0.05910531818189257,0.08954900587216075,0.843
2188,25.0,2020.8333333333335,61.36363636363637,2035,modest,moderate_re,1.8,solved,2018090708683.9272,594.9728689973153,572.681141090452,1.8010000000000004,0.19888264705800343,628.7467956026244,1.4393776167889254,0.6113228007138546,0.224103014509362,0.16457418477678326,0.053038389004372535,0.05910531818189257,0.08954900587216075,0.998
2189,25.0,2020.8333333333335,70.45454545454547,2035,modest,moderate_re,1.8,solved,2021679078425.045,594.715807935481,573.6994261799948,1.801,0.1946576654879284,624.3735710758265,1.4626686659784711,0.6140355566487345,0.22139025857448205,0.16457418477678326,0.050596908662980625,0.05910531818189257,0.08954900587216075,0.262
2190,25.0,2020.8333333333335,79.54545454545455,2035,modest,moderate_re,1.8,solved,2025070722385.1567,594.4409286218313,574.6618856595868,1.8010000000000006,0.17787662955189568,627.3152660317373,1.4654058038140794,0.628944198799651,0.2064816164235658,0.16457418477678326,0.03717913072715584,0.05910531818189257,0.08954900587216075,0.712
2191,25.0,2020.8333333333335,88.63636363636364,2035,modest,moderate_re,1.8,solved,2028009827944.6382,594.3374070615633,575.4959266263018,1.8010000000000004,0.1756666118016681,622.7135889302647,1.483566014397274,0.6279823933885065,0.20744342183471007,0.16457418477678326,0.03804475559718577,0.05910531818189257,0.08954900587216075,1.158
2192,25.0,2020.8333333333335,97.72727272727273,2035,modest,moderate_re,1.8,solved,2030855501389.693,595.287768469085,576.3034540127925,1.8010000000000004,0.1745556527831591,622.365777085619,1.4850375367937816,0.6277070452719619,0.20771876995125474,0.16457418477678326,0.038292568902075996,0.05910531818189257,0.08954900587216075,0.466
2193,25.0,2020.8333333333335,106.81818181818183,2035,modest,moderate_re,1.8,solved,2033596114257.205,594.9312634613227,577.0811679666303,1.8010000000000002,0.1727184821771633,620.2209597916767,1.497575295167003,0.6278747017241022,0.20755111349911448,0.16457418477678326,0.03814167809514976,0.05910531818189257,0.08954900587216075,0.572
2194,25.0,2020.8333333333335,115.90909090909092,2035,modest,moderate_re,1.8,solved,2036073400510.5876,594.7675020473371,577.7841567432448,1.8009999999999997,0.164255585346542,618.3692294022408,1.5048892279438213,0.6275414488731943,0.20788436635002247,0.16457418477678326,0.038441605660966875,0.05910531818189257,0.08954900587216075,0.658
2195,25.0,2020.8333333333335,125.0,2035,modest,moderate_re,1.8,solved,2038435074843.7373,595.301709812136,578.4543378932657,1.8010000000000006,0.1606092319608747,617.816139234392,1.5082153288610198,0.6275203521459694,0.20790546307724725,0.16457418477678326,0.03846059271546929,0.05910531818189257,0.08954900587216075,0.258
2196,25.0,2166.666666666667,25.0,2035,modest,moderate_re,1.8,solved,2000908378290.0657,594.622342511039,567.8052469920312,1.8010000000000006,0.25680974795791656,643.3732703430775,1.3166562311202585,0.5906429726033143,0.2447828426199025,0.16457418477678326,0.0734940199323589,0.05726153255339254,0.08954900587216075,0.261
2197,25.0,2166.666666666667,34.09090909090909,2035,modest,moderate_re,1.8,solved,2007192358475.6064,595.4186172029985,569.5884755296584,1.8010000000000004,0.23997382123383892,637.9718319793445,1.3654416473493192,0.5954055646388435,0.240020250584373,0.16457418477678326,0.06736390147188248,0.05910531818189257,0.08954900587216075,0.554
2198,25.0,2166.666666666667,43.18181818181819,2035,modest,moderate_re,1.8,solved,2012617525518.4795,595.8809677145732,571.1279954527964,1.8009999999999997,0.2219095401431505,635.8120724088766,1.385853107425613,0.6031799547519289,0.23224586047128773,0.16457418477678326,0.06036695037010571,0.05910531818189257,0.08954900587216075,0.338
2199,25.0,2166.666666666667,52.27272727272727,2035,modest,moderate_re,1.8,solved,2017289496742.5984,596.1965159831182,572.4537781840964,1.8009999999999997,0.2164449103315477,633.7456220287239,1.4252557741459033,0.6046543856351322,0.23077142958808458,0.16457418477678326,0.05903996257522278,0.05910531818189257,0.08954900587216075,0.24
2200,25.0,2166.666666666667,61.36363636363637,2035,modest,moderate_re,1.8,solved,2021570284695.5178,596.4533256990986,573.6685533768542,1.8010000000000002,0.19955005282826377,631.6881622827491,1.438935248381592,0.6110211374883526,0.22440467773486397,0.16457418477678326,0.05330988590732434,0.05910531818189257,0.08954900587216075,0.691
2201,25.0,2166.666666666667,70.45454545454547,2035,modest,moderate_re,1.8,solved,2025166244702.3535,596.1241859835217,574.6889923844612,1.8009999999999997,0.1946153062274468,627.2254195116672,1.4627455745854383,0.6140144480029586,0.22141136722025823,0.16457418477678326,0.05061590644417903,0.05910531818189257,0.08954900587216075,0.693
2202,25.0,2166.666666666667,79.54545454545455,2035,modest,moderate_re,1.8,solved,2028573817350.3032,595.8565485427906,575.6559720073192,1.8010000000000006,0.17787662955189568,630.2053393116215,1.4654058038140794,0.628944198799651,0.2064816164235658,0.16457418477678326,0.03717913072715584,0.05910531818189257,0.08954900587216075,1.222
2203,25.0,2166.666666666667,88.63636363636364,2035,modest,moderate_re,1.8,solved,2031510108394.4807,595.7519648656702,576.4892142885097,1.8010000000000004,0.1756666118016681,625.6018387873897,1.483566014397274,0.6279823933885065,0.20744342183471007,0.16457418477678326,0.03804475559718577,0.05910531818189257,0.08954900587216075,0.276
2204,25.0,2166.666666666667,97.72727272727273,2035,modest,moderate_re,1.8,solved,2034354976092.8862,596.702022207659,577.2965130252632,1.8010000000000004,0.1745556527831591,625.2535049286067,1.4850375367937816,0.6277070452719619,0.20771876995125474,0.16457418477678326,0.038292568902075996,0.05910531818189257,0.08954900587216075,0.497
2205,25.0,2166.666666666667,106.81818181818183,2035,modest,moderate_re,1.8,solved,2037096339358.1396,596.3457430492243,578.074439922272,1.8010000000000004,0.17271848217716312,623.1090054833548,1.4975752951670032,0.6278747017241022,0.20755111349911448,0.16457418477678326,0.03814167809514976,0.05910531818189257,0.08954900587216075,0.263
2206,25.0,2166.666666666667,115.90909090909092,2035,modest,moderate_re,1.8,solved,2039573849004.6646,596.1826692980014,578.7774920919932,1.8010000000000002,0.16423772671734857,621.2862572593385,1.5049315719628005,0.6275203521459694,0.20790546307724725,0.16457418477678326,0.03846059271546929,0.05910531818189257,0.08954900587216075,0.702
2207,25.0,2166.666666666667,125.0,2035,modest,moderate_re,1.8,solved,2041935415763.4792,596.7160274490569,579.447642715243,1.8010000000000006,0.1606092319608747,620.7035131383285,1.5082153288610198,0.6275203521459694,0.20790546307724725,0.16457418477678326,0.03846059271546929,0.05910531818189257,0.08954900587216075,1.013
2208,25.0,2312.5,25.0,2035,modest,moderate_re,1.8,solved,2004334510446.914,596.2542070915431,568.7774933160779,1.8010000000000004,0.2615293507122099,646.0287519671289,1.318843150420621,0.5882577127073426,0.24716810251587387,0.16457418477678326,0.0756407538387332,0.05726153255339254,0.08954900587216075,0.472
2209,25.0,2312.5,34.09090909090909,2035,modest,moderate_re,1.8,solved,2010632093231.865,597.0289995441018,570.5645819141663,1.8010000000000002,0.24213898122803354,641.2692046676352,1.3624228067243767,0.5942411835297524,0.24118463169346416,0.16457418477678326,0.06841184447006447,0.05910531818189257,0.08954900587216075,0.475
2210,25.0,2312.5,43.18181818181819,2035,modest,moderate_re,1.8,solved,2016078876745.8413,597.2799168906846,572.1102360240803,1.8009999999999997,0.2219095401431505,638.6533009760869,1.385853107425613,0.6031799547519289,0.23224586047128773,0.16457418477678326,0.06036695037010571,0.05910531818189257,0.08954900587216075,0.434
2211,25.0,2312.5,52.27272727272727,2035,modest,moderate_re,1.8,solved,2020751496076.2393,597.5958192571244,573.4362026709208,1.8009999999999997,0.2164449103315477,636.5896458711502,1.4252557741459033,0.6046543856351322,0.23077142958808458,0.16457418477678326,0.05903996257522278,0.05910531818189257,0.08954900587216075,0.505
2212,25.0,2312.5,61.36363636363637,2035,modest,moderate_re,1.8,solved,2025049097509.2961,597.9699195378705,574.6557490877615,1.8010000000000004,0.2004481980657543,634.6364757843678,1.4385429683700548,0.6104854556852807,0.22494035953793617,0.16457418477678326,0.05379199953008917,0.05910531818189257,0.08954900587216075,0.845
2213,25.0,2312.5,70.45454545454547,2035,modest,moderate_re,1.8,solved,2028653406689.956,597.5333839309552,575.6785573716217,1.8009999999999997,0.1946153062274468,630.0871884723325,1.4627455745854383,0.6140144480029586,0.22141136722025823,0.16457418477678326,0.05061590644417903,0.05910531818189257,0.08954900587216075,0.248
2214,25.0,2312.5,79.54545454545455,2035,modest,moderate_re,1.8,solved,2032076912315.449,597.2721684637501,576.6500583550514,1.8010000000000006,0.17787662955189568,633.0954125915055,1.4654058038140794,0.628944198799651,0.2064816164235658,0.16457418477678326,0.03717913072715584,0.05910531818189257,0.08954900587216075,0.289
2215,25.0,2312.5,88.63636363636364,2035,modest,moderate_re,1.8,solved,2035009603895.9033,597.2032520346156,577.4822792029717,1.801000000000001,0.17562482637658877,628.9011070876215,1.4839788473400732,0.6277070452719619,0.20771876995125474,0.16457418477678326,0.038292568902075996,0.05910531818189257,0.08954900587216075,0.597
2216,25.0,2312.5,97.72727272727273,2035,modest,moderate_re,1.8,solved,2037854450796.0786,598.1162759462329,578.2895720377336,1.8010000000000004,0.1745556527831591,628.1412327715947,1.4850375367937816,0.6277070452719619,0.20771876995125474,0.16457418477678326,0.038292568902075996,0.05910531818189257,0.08954900587216075,0.489
2217,25.0,2312.5,106.81818181818183,2035,modest,moderate_re,1.8,solved,2040596564459.0737,597.7602226371264,579.0677118779134,1.8010000000000004,0.17271848217716312,625.9970511750332,1.4975752951670032,0.6278747017241022,0.20755111349911448,0.16457418477678326,0.03814167809514976,0.05910531818189257,0.08954900587216075,0.509
2218,25.0,2312.5,115.90909090909092,2035,modest,moderate_re,1.8,solved,2043074235924.584,597.5867039157806,579.7708099676128,1.8010000000000002,0.16411625595918428,623.7136424458403,1.5050522970162017,0.6275203521459694,0.20790546307724725,0.16457418477678326,0.03846059271546929,0.05910531818189257,0.08954900587216075,0.596
2219,25.0,2312.5,125.0,2035,modest,moderate_re,1.8,solved,2045435756683.2212,598.1303450859779,580.4409475372204,1.8010000000000006,0.1606092319608747,623.5908870422647,1.5082153288610198,0.6275203521459694,0.20790546307724725,0.16457418477678326,0.03846059271546929,0.05910531818189257,0.08954900587216075,0.295
2220,25.0,2458.3333333333335,25.0,2035,modest,moderate_re,1.8,solved,2007756484574.9465,597.6375261810572,569.7485597007508,1.8010000000000004,0.2615293507122099,648.8416904504629,1.318843150420621,0.5882577127073426,0.24716810251587387,0.16457418477678326,0.0756407538387332,0.05726153255339254,0.08954900587216075,0.394
2221,25.0,2458.3333333333335,34.09090909090909,2035,modest,moderate_re,1.8,solved,2014069784979.234,598.4185677235281,571.5401085464079,1.8010000000000002,0.24213898122803354,644.0934868144034,1.3624228067243767,0.5942411835297524,0.24118463169346416,0.16457418477678326,0.06841184447006447,0.05910531818189257,0.08954900587216075,0.415
2222,25.0,2458.3333333333335,43.18181818181819,2035,modest,moderate_re,1.8,solved,2019540227973.2039,598.6788660667962,573.0924765953644,1.8009999999999997,0.22190954014315037,641.494529543297,1.3858531074256133,0.6031799547519289,0.23224586047128773,0.16457418477678326,0.06036695037010571,0.05910531818189257,0.08954900587216075,0.283
2223,25.0,2458.3333333333335,52.27272727272727,2035,modest,moderate_re,1.8,solved,2024213495409.88,598.9951225311307,574.4186271577452,1.8009999999999997,0.2164449103315477,639.4336697135765,1.4252557741459033,0.6046543856351322,0.23077142958808458,0.16457418477678326,0.05903996257522278,0.05910531818189257,0.08954900587216075,0.507
2224,25.0,2458.3333333333335,61.36363636363637,2035,modest,moderate_re,1.8,solved,2028526574769.9011,599.3753470332406,575.6425658037545,1.8010000000000004,0.2004481980657543,637.4915543637642,1.4385429683700548,0.6104854556852807,0.22494035953793617,0.16457418477678326,0.05379199953008917,0.05910531818189257,0.08954900587216075,0.918
2225,25.0,2458.3333333333335,70.45454545454547,2035,modest,moderate_re,1.8,solved,2032140547780.0508,598.8964187234069,576.6681164286183,1.8010000000000004,0.19345428920245064,632.6892531045046,1.464698551493426,0.6135489719203798,0.22187684330283697,0.16457418477678326,0.05103483491849987,0.05910531818189257,0.08954900587216075,0.666
2226,25.0,2458.3333333333335,79.54545454545455,2035,modest,moderate_re,1.8,solved,2035579099283.7258,599.4422261958684,577.6438870371194,1.8010000000000002,0.18422090857354279,636.716121869603,1.4618282866588117,0.6263263805348459,0.20909943468837092,0.16457418477678326,0.039535167165480445,0.05910531818189257,0.08954900587216075,0.485
2227,25.0,2458.3333333333335,88.63636363636364,2035,modest,moderate_re,1.8,solved,2038509078599.0964,598.6175057731896,578.4753382154423,1.801000000000001,0.17562482637658877,631.7888349306093,1.4839788473400732,0.6277070452719619,0.20771876995125474,0.16457418477678326,0.038292568902075996,0.05910531818189257,0.08954900587216075,0.978
2228,25.0,2458.3333333333335,97.72727272727273,2035,modest,moderate_re,1.8,solved,2041353925499.271,599.530529684807,579.2826310502039,1.8010000000000004,0.1745556527831591,631.0289606145824,1.4850375367937816,0.6277070452719619,0.20771876995125474,0.16457418477678326,0.038292568902075996,0.05910531818189257,0.08954900587216075,0.272
2229,25.0,2458.3333333333335,106.81818181818183,2035,modest,moderate_re,1.8,solved,2044096789560.009,599.1747022250283,580.0609838335553,1.8010000000000002,0.1727184821771633,628.8850968667116,1.497575295167003,0.6278747017241022,0.20755111349911448,0.16457418477678326,0.03814167809514976,0.05910531818189257,0.08954900587216075,0.466
2230,25.0,2458.3333333333335,115.90909090909092,2035,modest,moderate_re,1.8,solved,2046574576844.326,599.0010215527016,580.76411478959,1.8010000000000002,0.16411625595918428,626.6010163497767,1.5050522970162017,0.6275203521459694,0.20790546307724725,0.16457418477678326,0.03846059271546929,0.05910531818189257,0.08954900587216075,2.093
2231,25.0,2458.3333333333335,125.0,2035,modest,moderate_re,1.8,solved,2048936097602.9626,599.544662722899,581.4342523591976,1.8010000000000006,0.1606092319608747,626.4782609462012,1.5082153288610198,0.6275203521459694,0.20790546307724725,0.16457418477678326,0.03846059271546929,0.05910531818189257,0.08954900587216075,0.629
2232,25.0,2604.166666666667,25.0,2035,modest,moderate_re,1.8,solved,2011178458702.9788,599.0208452705713,570.7196260854236,1.8010000000000004,0.2615293507122099,651.654628933797,1.318843150420621,0.5882577127073426,0.24716810251587387,0.16457418477678326,0.0756407538387332,0.05726153255339254,0.08954900587216075,0.362
2233,25.0,2604.166666666667,34.09090909090909,2035,modest,moderate_re,1.8,solved,2017507476726.6038,599.8081359029546,572.5156351786497,1.8010000000000002,0.24213898122803354,646.9177689611715,1.3624228067243767,0.5942411835297524,0.24118463169346416,0.16457418477678326,0.06841184447006447,0.05910531818189257,0.08954900587216075,0.86
2234,25.0,2604.166666666667,43.18181818181819,2035,modest,moderate_re,1.8,solved,2023001579200.5654,600.0778152429077,574.0747171666483,1.8009999999999997,0.2219095401431505,644.3357581105074,1.385853107425613,0.6031799547519289,0.23224586047128773,0.16457418477678326,0.06036695037010571,0.05910531818189257,0.08954900587216075,0.741
2235,25.0,2604.166666666667,52.27272727272727,2035,modest,moderate_re,1.8,solved,2027675494743.5212,600.3944258051373,575.4010516445696,1.8009999999999997,0.2164449103315477,642.2776935560028,1.4252557741459033,0.6046543856351322,0.23077142958808458,0.16457418477678326,0.05903996257522278,0.05910531818189257,0.08954900587216075,0.982
2236,25.0,2604.166666666667,61.36363636363637,2035,modest,moderate_re,1.8,solved,2032002596017.3438,601.0904059786977,576.6289693414519,1.8010000000000002,0.20345486620203063,640.6780286262601,1.4370848274509003,0.6085563514761032,0.2268694637471133,0.16457418477678326,0.055528193318348774,0.05910531818189257,0.08954900587216075,0.468
2237,25.0,2604.166666666667,70.45454545454547,2035,modest,moderate_re,1.8,solved,2035625959744.1746,600.3084023262148,577.6571848050771,1.801000000000001,0.19279137663591595,636.2536362704416,1.4661114557588306,0.61301644784328,0.22240936737993655,0.16457418477678326,0.0515141065878896,0.05910531818189257,0.08954900587216075,0.474
2238,25.0,2604.166666666667,79.54545454545455,2035,modest,moderate_re,1.8,solved,2039073356644.2578,601.4487036407905,578.6354655047681,1.8010000000000004,0.1892116473649632,640.139429649514,1.4593318142564082,0.6240363987310673,0.2113894164921494,0.16457418477678326,0.04159615078888108,0.05910531818189257,0.08954900587216075,0.291
2239,25.0,2604.166666666667,88.63636363636364,2035,modest,moderate_re,1.8,solved,2042008553302.2883,600.0317595117635,579.4683972279125,1.801000000000001,0.17562482637658877,634.676562773597,1.4839788473400732,0.6277070452719619,0.20771876995125474,0.16457418477678326,0.038292568902075996,0.05910531818189257,0.08954900587216075,0.699
2240,25.0,2604.166666666667,97.72727272727273,2035,modest,moderate_re,1.8,solved,2044853400202.4636,600.944783423381,580.2756900626745,1.8010000000000004,0.1745556527831591,633.9166884575702,1.4850375367937816,0.6277070452719619,0.20771876995125474,0.16457418477678326,0.038292568902075996,0.05910531818189257,0.08954900587216075,0.366
2241,25.0,2604.166666666667,106.81818181818183,2035,modest,moderate_re,1.8,solved,2047597014660.9429,600.58918181293,581.0542557891966,1.8010000000000004,0.17271848217716312,631.7731425583897,1.4975752951670032,0.6278747017241022,0.20755111349911448,0.16457418477678326,0.03814167809514976,0.05910531818189257,0.08954900587216075,0.264
2242,25.0,2604.166666666667,115.90909090909092,2035,modest,moderate_re,1.8,solved,2050074917764.0674,600.4153391896226,581.7574196115672,1.8010000000000002,0.16411625595918428,629.4883902537133,1.5050522970162017,0.6275203521459694,0.20790546307724725,0.16457418477678326,0.03846059271546929,0.05910531818189257,0.08954900587216075,0.688
2243,25.0,2604.166666666667,125.0,2035,modest,moderate_re,1.8,solved,2052436438522.704,600.9589803598199,582.4275571811747,1.8010000000000006,0.1606092319608747,629.3656348501378,1.5082153288610198,0.6275203521459694,0.20790546307724725,0.16457418477678326,0.03846059271546929,0.05910531818189257,0.08954900587216075,0.472
2244,25.0,2750.0,25.0,2035,modest,moderate_re,1.8,solved,2014600432831.0103,600.4041643600851,571.6906924700961,1.8010000000000004,0.2615293507122099,654.467567417131,1.318843150420621,0.5882577127073426,0.24716810251587387,0.16457418477678326,0.0756407538387332,0.05726153255339254,0.08954900587216075,0.596
2245,25.0,2750.0,34.09090909090909,2035,modest,moderate_re,1.8,solved,2020945168473.973,601.1977040823809,573.4911618108914,1.8010000000000002,0.24213898122803354,649.7420511079399,1.3624228067243767,0.5942411835297524,0.24118463169346416,0.16457418477678326,0.06841184447006447,0.05910531818189257,0.08954900587216075,0.502
2246,25.0,2750.0,43.18181818181819,2035,modest,moderate_re,1.8,solved,2026460571354.6865,601.703863783518,575.0562882949038,1.8010000000000006,0.22399509574633264,649.012207666474,1.3849799039336934,0.6016656040092779,0.2337602112139389,0.16457418477678326,0.061729866038491656,0.05910531818189257,0.08954900587216075,0.595
2247,25.0,2750.0,52.27272727272727,2035,modest,moderate_re,1.8,solved,2031137494077.162,601.7937290791438,576.383476131394,1.8009999999999997,0.2164449103315477,645.121717398429,1.4252557741459033,0.6046543856351322,0.23077142958808458,0.16457418477678326,0.05903996257522278,0.05910531818189257,0.08954900587216075,0.368
2248,25.0,2750.0,61.36363636363637,2035,modest,moderate_re,1.8,solved,2035474925036.4795,602.4938020323707,577.6143251217264,1.8010000000000002,0.20345486620203063,643.5294499455932,1.4370848274509003,0.6085563514761032,0.2268694637471133,0.16457418477678326,0.055528193318348774,0.05910531818189257,0.08954900587216075,0.252
2249,25.0,2750.0,70.45454545454547,2035,modest,moderate_re,1.8,solved,2039109932552.9866,601.9520735970083,578.6458447870557,1.8010000000000006,0.19493249929255907,639.3466698890554,1.4649376157826588,0.6120972135516931,0.22332860167152352,0.16457418477678326,0.0523414174503179,0.05910531818189257,0.08954900587216075,0.383
2250,25.0,2750.0,79.54545454545455,2035,modest,moderate_re,1.8,solved,2042562089995.0469,602.8589039029489,579.6254764035316,1.8010000000000004,0.1892116473649632,643.0201985584346,1.4593318142564082,0.6240363987310673,0.2113894164921494,0.16457418477678326,0.04159615078888108,0.05910531818189257,0.08954900587216075,0.595
2251,25.0,2750.0,88.63636363636364,2035,modest,moderate_re,1.8,solved,2045508028005.482,601.4460132503376,580.4614562403833,1.801000000000001,0.17562482637658877,637.564290616585,1.4839788473400732,0.6277070452719619,0.20771876995125474,0.16457418477678326,0.038292568902075996,0.05910531818189257,0.08954900587216075,0.39
2252,25.0,2750.0,97.72727272727273,2035,modest,moderate_re,1.8,solved,2048352874905.6562,602.3590371619549,581.2687490751449,1.8010000000000004,0.1745556527831591,636.8044163005582,1.4850375367937816,0.6277070452719619,0.20771876995125474,0.16457418477678326,0.038292568902075996,0.05910531818189257,0.08954900587216075,1.158
2253,25.0,2750.0,106.81818181818183,2035,modest,moderate_re,1.8,solved,2051097239761.8774,602.0036614008321,582.0475277448382,1.8010000000000002,0.1727184821771633,634.6611882500682,1.497575295167003,0.6278747017241022,0.20755111349911448,0.16457418477678326,0.03814167809514976,0.05910531818189257,0.08954900587216075,1.2
2254,25.0,2750.0,115.90909090909092,2035,modest,moderate_re,1.8,solved,2053575258683.8086,601.8296568265434,582.7507244335444,1.8010000000000002,0.16411625595918428,632.3757641576495,1.5050522970162017,0.6275203521459694,0.20790546307724725,0.16457418477678326,0.03846059271546929,0.05910531818189257,0.08954900587216075,0.474
2255,25.0,2750.0,125.0,2035,modest,moderate_re,1.8,solved,2055936779442.445,602.3732979967408,583.4208620031518,1.8010000000000006,0.1606092319608747,632.253008754074,1.5082153288610198,0.6275203521459694,0.20790546307724725,0.16457418477678326,0.03846059271546929,0.05910531818189257,0.08954900587216075,0.374
2256,25.0,2895.8333333333335,25.0,2035,modest,moderate_re,1.8,solved,2018022406959.0425,601.7874834495994,572.661758854769,1.8010000000000004,0.2615293507122099,657.2805059004651,1.318843150420621,0.5882577127073426,0.24716810251587387,0.16457418477678326,0.0756407538387332,0.05726153255339254,0.08954900587216075,0.615
2257,25.0,2895.8333333333335,34.09090909090909,2035,modest,moderate_re,1.8,solved,2024382860221.3416,602.5872722618075,574.4666884431329,1.8010000000000002,0.24213898122803354,652.5663332547082,1.3624228067243767,0.5942411835297524,0.24118463169346416,0.16457418477678326,0.06841184447006447,0.05910531818189257,0.08954900587216075,0.252
2258,25.0,2895.8333333333335,43.18181818181819,2035,modest,moderate_re,1.8,solved,2029917663681.3262,603.1011779012923,576.0373203020162,1.8010000000000006,0.22399509574633264,651.8505652770679,1.3849799039336934,0.6016656040092779,0.2337602112139389,0.16457418477678326,0.061729866038491656,0.05910531818189257,0.08954900587216075,0.706
2259,25.0,2895.8333333333335,52.27272727272727,2035,modest,moderate_re,1.8,solved,2034599493410.8027,603.1930323531502,577.3659006182183,1.8009999999999997,0.2164449103315477,647.9657412408554,1.4252557741459033,0.6046543856351322,0.23077142958808458,0.16457418477678326,0.05903996257522278,0.05910531818189257,0.08954900587216075,0.38
2260,25.0,2895.8333333333335,61.36363636363637,2035,modest,moderate_re,1.8,solved,2038945475734.3447,604.0767430700944,578.5991762611293,1.8010000000000004,0.205361036935588,646.5863325929337,1.4361603936858436,0.6073333358924579,0.22809247933075866,0.16457418477678326,0.0566289073436295,0.05910531818189257,0.08954900587216075,0.507
2261,25.0,2895.8333333333335,70.45454545454547,2035,modest,moderate_re,1.8,solved,2042591648174.6501,603.3591862600248,579.6338642386031,1.8010000000000006,0.19493249929255907,642.2048040927402,1.4649376157826588,0.6120972135516931,0.22332860167152352,0.16457418477678326,0.0523414174503179,0.05910531818189257,0.08954900587216075,0.266
2262,25.0,2895.8333333333335,79.54545454545455,2035,modest,moderate_re,1.8,solved,2046050823345.837,604.2691041651073,580.6154873022953,1.8010000000000004,0.1892116473649632,645.9009674673553,1.4593318142564082,0.6240363987310673,0.2113894164921494,0.16457418477678326,0.04159615078888108,0.05910531818189257,0.08954900587216075,0.901
2263,25.0,2895.8333333333335,88.63636363636364,2035,modest,moderate_re,1.8,solved,2049007502708.6748,602.8602669889116,581.4545152528539,1.801000000000001,0.17562482637658877,640.4520184595726,1.4839788473400732,0.6277070452719619,0.20771876995125474,0.16457418477678326,0.038292568902075996,0.05910531818189257,0.08954900587216075,0.403
2264,25.0,2895.8333333333335,97.72727272727273,2035,modest,moderate_re,1.8,solved,2051852349608.849,603.7732909005288,582.2618080876155,1.8010000000000004,0.1745556527831591,639.6921441435458,1.4850375367937816,0.6277070452719619,0.20771876995125474,0.16457418477678326,0.038292568902075996,0.05910531818189257,0.08954900587216075,0.35
2265,25.0,2895.8333333333335,106.81818181818183,2035,modest,moderate_re,1.8,solved,2054597366375.727,603.4582356093687,583.0407717524317,1.8010000000000006,0.17307216716762497,637.5800838796357,1.497463487576041,0.6277070452719619,0.20771876995125474,0.16457418477678326,0.038292568902075996,0.05910531818189257,0.08954900587216075,0.278
2266,25.0,2895.8333333333335,115.90909090909092,2035,modest,moderate_re,1.8,solved,2057075599603.5505,603.2439744634645,583.7440292555218,1.8010000000000002,0.16411625595918428,635.2631380615861,1.5050522970162017,0.6275203521459694,0.20790546307724725,0.16457418477678326,0.03846059271546929,0.05910531818189257,0.08954900587216075,0.277
2267,25.0,2895.8333333333335,125.0,2035,modest,moderate_re,1.8,solved,2059437120362.187,603.7876156336617,584.4141668251292,1.8010000000000006,0.1606092319608747,635.1403826580106,1.5082153288610198,0.6275203521459694,0.20790546307724725,0.16457418477678326,0.03846059271546929,0.05910531818189257,0.08954900587216075,0.578
2268,25.0,3041.666666666667,25.0,2035,modest,moderate_re,1.8,solved,2021444381087.075,603.1708025391134,573.6328252394419,1.8010000000000004,0.2615293507122099,660.093444383799,1.318843150420621,0.5882577127073426,0.24716810251587387,0.16457418477678326,0.0756407538387332,0.05726153255339254,0.08954900587216075,0.935
2269,25.0,3041.666666666667,34.09090909090909,2035,modest,moderate_re,1.8,solved,2027809726772.6274,605.0067125201375,575.4391431690332,1.801,0.252327531821255,657.5545022538811,1.348217108058887,0.5887619783571212,0.24666383686609544,0.16457418477678326,0.07334312912543262,0.05910531818189257,0.08954900587216075,0.61
2270,25.0,3041.666666666667,43.18181818181819,2035,modest,moderate_re,1.8,solved,2033374756007.9663,604.4984920190666,577.0183523091287,1.8010000000000004,0.22399509574633256,654.6889228876616,1.3849799039336932,0.6016656040092782,0.2337602112139385,0.16457418477678326,0.06172986603849134,0.05910531818189257,0.08954900587216075,0.787
2271,25.0,3041.666666666667,52.27272727272727,2035,modest,moderate_re,1.8,solved,2038061492744.4438,604.5923356271566,578.3483251050427,1.8009999999999997,0.2164449103315477,650.8097650832817,1.4252557741459033,0.6046543856351322,0.23077142958808458,0.16457418477678326,0.05903996257522278,0.05910531818189257,0.08954900587216075,0.696
2272,25.0,3041.666666666667,61.36363636363637,2035,modest,moderate_re,1.8,solved,2042414540865.7566,605.4788512281514,579.5836058357888,1.8010000000000004,0.205361036935588,649.4354352785565,1.4361603936858436,0.6073333358924579,0.22809247933075866,0.16457418477678326,0.0566289073436295,0.05910531818189257,0.08954900587216075,0.728
2273,25.0,3041.666666666667,70.45454545454547,2035,modest,moderate_re,1.8,solved,2046073363796.313,604.7662989230412,580.6218836901502,1.8010000000000006,0.19493249929255907,645.0629382964249,1.4649376157826588,0.6120972135516931,0.22332860167152352,0.16457418477678326,0.0523414174503179,0.05910531818189257,0.08954900587216075,0.693
2274,25.0,3041.666666666667,79.54545454545455,2035,modest,moderate_re,1.8,solved,2049539556696.626,605.6793044272656,581.6054982010586,1.8010000000000004,0.1892116473649632,648.7817363762762,1.4593318142564082,0.6240363987310673,0.2113894164921494,0.16457418477678326,0.04159615078888108,0.05910531818189257,0.08954900587216075,0.263
2275,25.0,3041.666666666667,88.63636363636364,2035,modest,moderate_re,1.8,solved,2052506977411.8667,604.2745207274855,582.4475742653242,1.801000000000001,0.17562482637658877,643.3397463025603,1.4839788473400732,0.6277070452719619,0.20771876995125474,0.16457418477678326,0.038292568902075996,0.05910531818189257,0.08954900587216075,0.248
2276,25.0,3041.666666666667,97.72727272727273,2035,modest,moderate_re,1.8,solved,2055351824312.0415,605.1875446391027,583.2548671000859,1.8010000000000004,0.1745556527831591,642.5798719865337,1.4850375367937816,0.6277070452719619,0.20771876995125474,0.16457418477678326,0.038292568902075996,0.05910531818189257,0.08954900587216075,0.365
2277,25.0,3041.666666666667,106.81818181818183,2035,modest,moderate_re,1.8,solved,2058096900624.2073,604.88517666834,584.033847662291,1.8010000000000004,0.17307392375204864,640.600103176241,1.4975820609647585,0.6276190811527236,0.20780673407049316,0.16457418477678326,0.03837173660939049,0.05910531818189257,0.08954900587216075,0.893
2278,25.0,3041.666666666667,115.90909090909092,2035,modest,moderate_re,1.8,solved,2060575940523.2917,604.6582921003854,584.7373340774989,1.8010000000000002,0.16411625595918428,638.1505119655224,1.5050522970162017,0.6275203521459694,0.20790546307724725,0.16457418477678326,0.03846059271546929,0.05910531818189257,0.08954900587216075,0.532
2279,25.0,3041.666666666667,125.0,2035,modest,moderate_re,1.8,solved,2062937461281.9285,605.2019332705828,585.4074716471064,1.8010000000000006,0.1606092319608747,638.0277565619471,1.5082153288610198,0.6275203521459694,0.20790546307724725,0.16457418477678326,0.03846059271546929,0.05910531818189257,0.08954900587216075,0.601
2280,25.0,3187.5,25.0,2035,modest,moderate_re,1.8,solved,2024866355215.107,604.5541216286275,574.6038916241146,1.8010000000000004,0.2615293507122099,662.9063828671332,1.318843150420621,0.5882577127073426,0.24716810251587387,0.16457418477678326,0.0756407538387332,0.05726153255339254,0.08954900587216075,0.475
2281,25.0,3187.5,34.09090909090909,2035,modest,moderate_re,1.8,solved,2031232796048.5117,606.3905108267887,576.410520327904,1.801,0.252327531821255,660.3683967408429,1.348217108058887,0.5887619783571212,0.24666383686609544,0.16457418477678326,0.07334312912543262,0.05910531818189257,0.08954900587216075,0.365
2282,25.0,3187.5,43.18181818181819,2035,modest,moderate_re,1.8,solved,2036831720422.7776,605.9346742393939,577.9993480182236,1.8010000000000004,0.22437202047999463,657.5899734088734,1.384595312604287,0.6014646479124809,0.23396116731073568,0.16457418477678326,0.061910726525608764,0.05910531818189257,0.08954900587216075,0.717
2283,25.0,3187.5,52.27272727272727,2035,modest,moderate_re,1.8,solved,2041523492078.085,605.9916389011631,579.3307495918672,1.8009999999999997,0.2164449103315477,653.6537889257082,1.4252557741459033,0.6046543856351322,0.23077142958808458,0.16457418477678326,0.05903996257522278,0.05910531818189257,0.08954900587216075,0.472
2284,25.0,3187.5,61.36363636363637,2035,modest,moderate_re,1.8,solved,2045883605997.169,606.8809593862082,580.5680354104485,1.8010000000000004,0.205361036935588,652.2845379641788,1.4361603936858436,0.6073333358924579,0.22809247933075866,0.16457418477678326,0.0566289073436295,0.05910531818189257,0.08954900587216075,0.594
2285,25.0,3187.5,70.45454545454547,2035,modest,moderate_re,1.8,solved,2049555079417.9758,606.1734115860576,581.6099031416974,1.8010000000000006,0.19493249929255907,647.9210725001099,1.4649376157826588,0.6120972135516931,0.22332860167152352,0.16457418477678326,0.0523414174503179,0.05910531818189257,0.08954900587216075,0.407
2286,25.0,3187.5,79.54545454545455,2035,modest,moderate_re,1.8,solved,2053026662938.2795,607.0026176057885,582.5950473689828,1.8010000000000002,0.19055913391765988,647.1337142737054,1.4676953274375586,0.6137534493460952,0.22167236587712136,0.16457418477678326,0.050850805235355956,0.05910531818189257,0.08954900587216075,1.017
2287,25.0,3187.5,88.63636363636364,2035,modest,moderate_re,1.8,solved,2056006452115.059,605.6887744660596,583.4406332777946,1.801000000000001,0.17562482637658877,646.2274741455484,1.4839788473400732,0.6277070452719619,0.20771876995125474,0.16457418477678326,0.038292568902075996,0.05910531818189257,0.08954900587216075,0.371
2288,25.0,3187.5,97.72727272727273,2035,modest,moderate_re,1.8,solved,2058851299015.2341,606.6017983776769,584.2479261125563,1.8010000000000004,0.1745556527831591,645.4675998295215,1.4850375367937816,0.6277070452719619,0.20771876995125474,0.16457418477678326,0.038292568902075996,0.05910531818189257,0.08954900587216075,0.489
2289,25.0,3187.5,106.81818181818183,2035,modest,moderate_re,1.8,solved,2061596377706.8818,606.2993739757374,585.0269073499959,1.8010000000000004,0.17307392375204864,643.4876642539194,1.4975820609647585,0.6276190811527236,0.20780673407049316,0.16457418477678326,0.03837173660939049,0.05910531818189257,0.08954900587216075,0.58
2290,25.0,3187.5,115.90909090909092,2035,modest,moderate_re,1.8,solved,2064076281443.0332,606.0726097373063,585.730638899476,1.8010000000000002,0.16411625595918428,641.0378858694589,1.5050522970162017,0.6275203521459694,0.20790546307724725,0.16457418477678326,0.03846059271546929,0.05910531818189257,0.08954900587216075,0.474
2291,25.0,3187.5,125.0,2035,modest,moderate_re,1.8,solved,2066437802201.6704,606.6162509075037,586.4007764690837,1.8010000000000006,0.1606092319608747,640.9151304658835,1.5082153288610198,0.6275203521459694,0.20790546307724725,0.16457418477678326,0.03846059271546929,0.05910531818189257,0.08954900587216075,0.809
2292,25.0,3333.3333333333335,25.0,2035,modest,moderate_re,1.8,solved,2028288329343.139,605.9374407181416,575.5749580087873,1.8010000000000004,0.2615293507122099,665.7193213504673,1.318843150420621,0.5882577127073426,0.24716810251587387,0.16457418477678326,0.0756407538387332,0.05726153255339254,0.08954900587216075,0.378
2293,25.0,3333.3333333333335,34.09090909090909,2035,modest,moderate_re,1.8,solved,2034655865324.3958,607.7743091334404,577.3818974867748,1.801,0.252327531821255,663.1822912278046,1.348217108058887,0.5887619783571212,0.24666383686609544,0.16457418477678326,0.07334312912543262,0.05910531818189257,0.08954900587216075,0.555
2294,25.0,3333.3333333333335,43.18181818181819,2035,modest,moderate_re,1.8,solved,2040288276453.6045,607.3317767405056,578.9802278386693,1.8010000000000004,0.22437202047999463,660.4279500402005,1.384595312604287,0.6014646479124809,0.23396116731073568,0.16457418477678326,0.061910726525608764,0.05910531818189257,0.08954900587216075,0.995
2295,25.0,3333.3333333333335,52.27272727272727,2035,modest,moderate_re,1.8,solved,2044985491411.7253,607.3909421751694,580.3131740786914,1.8009999999999997,0.2164449103315477,656.4978127681344,1.4252557741459033,0.6046543856351322,0.23077142958808458,0.16457418477678326,0.05903996257522278,0.05910531818189257,0.08954900587216075,0.947
2296,25.0,3333.3333333333335,61.36363636363637,2035,modest,moderate_re,1.8,solved,2049347531235.151,608.6010777983929,581.551006418344,1.8010000000000002,0.20875668568874411,655.4872578223852,1.4345136092155808,0.6051546583644772,0.23027115685873956,0.16457418477678326,0.058589717118812244,0.05910531818189257,0.08954900587216075,0.513
2297,25.0,3333.3333333333335,70.45454545454547,2035,modest,moderate_re,1.8,solved,2053036795039.6382,607.5805242490738,582.5979225932444,1.8010000000000006,0.19493249929255907,650.7792067037947,1.4649376157826588,0.6120972135516931,0.22332860167152352,0.16457418477678326,0.0523414174503179,0.05910531818189257,0.08954900587216075,1.073
2298,25.0,3333.3333333333335,79.54545454545455,2035,modest,moderate_re,1.8,solved,2056513055197.771,608.4115263064123,583.5843939275211,1.8010000000000004,0.1905591339176597,649.9949884244169,1.4676953274375588,0.6137534493460952,0.22167236587712136,0.16457418477678326,0.050850805235355956,0.05910531818189257,0.08954900587216075,0.642
2299,25.0,3333.3333333333335,88.63636363636364,2035,modest,moderate_re,1.8,solved,2059505926818.2524,607.1030282046337,584.4336922902653,1.801000000000001,0.17562482637658877,649.1152019885361,1.4839788473400732,0.6277070452719619,0.20771876995125474,0.16457418477678326,0.038292568902075996,0.05910531818189257,0.08954900587216075,0.364
2300,25.0,3333.3333333333335,97.72727272727273,2035,modest,moderate_re,1.8,solved,2062350773718.4275,608.016052116251,585.2409851250271,1.8010000000000004,0.1745556527831591,648.3553276725095,1.4850375367937816,0.6277070452719619,0.20771876995125474,0.16457418477678326,0.038292568902075996,0.05910531818189257,0.08954900587216075,0.704
2301,25.0,3333.3333333333335,106.81818181818183,2035,modest,moderate_re,1.8,solved,2065095854789.556,607.7135712831349,586.0199670377008,1.8010000000000004,0.17307392375204864,646.3752253315979,1.4975820609647585,0.6276190811527236,0.20780673407049316,0.16457418477678326,0.03837173660939049,0.05910531818189257,0.08954900587216075,0.967
2302,25.0,3333.3333333333335,115.90909090909092,2035,modest,moderate_re,1.8,solved,2067576622362.7751,607.4869273742274,586.7239437214535,1.8010000000000002,0.16411625595918428,643.9252597733954,1.5050522970162017,0.6275203521459694,0.20790546307724725,0.16457418477678326,0.03846059271546929,0.05910531818189257,0.08954900587216075,5.995
2303,25.0,3333.3333333333335,125.0,2035,modest,moderate_re,1.8,solved,2069938143121.4119,608.0305685444247,587.394081291061,1.8010000000000006,0.1606092319608747,643.8025043698201,1.5082153288610198,0.6275203521459694,0.20790546307724725,0.16457418477678326,0.03846059271546929,0.05910531818189257,0.08954900587216075,2.369
2304,25.0,3479.166666666667,25.0,2035,modest,moderate_re,1.8,solved,2031709740939.5444,607.3687342958071,576.5458647617585,1.8010000000000006,0.2582490593166701,668.7489405191006,1.3181119623338216,0.5867832818241395,0.24864253339907702,0.16457418477678326,0.07564075383873313,0.05858852034827541,0.08954900587216075,1.041
2305,25.0,3479.166666666667,34.09090909090909,2035,modest,moderate_re,1.8,solved,2038078934600.2798,609.158107440092,578.3532746456456,1.801,0.252327531821255,665.9961857147663,1.348217108058887,0.5887619783571212,0.24666383686609544,0.16457418477678326,0.07334312912543262,0.05910531818189257,0.08954900587216075,0.719
2306,25.0,3479.166666666667,43.18181818181819,2035,modest,moderate_re,1.8,solved,2043744832484.4304,608.7288792416174,579.9611076591148,1.8010000000000004,0.22437202047999463,663.2659266715275,1.384595312604287,0.6014646479124809,0.23396116731073568,0.16457418477678326,0.061910726525608764,0.05910531818189257,0.08954900587216075,0.372
2307,25.0,3479.166666666667,52.27272727272727,2035,modest,moderate_re,1.8,solved,2048447490745.3662,608.7902454491757,581.2955985655158,1.8009999999999997,0.2164449103315477,659.3418366105609,1.4252557741459033,0.6046543856351322,0.23077142958808458,0.16457418477678326,0.05903996257522278,0.05910531818189257,0.08954900587216075,0.27
2308,25.0,3479.166666666667,61.36363636363637,2035,modest,moderate_re,1.8,solved,2052810782083.465,610.0008917017619,582.5337860521636,1.8010000000000002,0.20875668568874411,658.3322300985276,1.4345136092155808,0.6051546583644772,0.23027115685873956,0.16457418477678326,0.058589717118812244,0.05910531818189257,0.08954900587216075,0.374
2309,25.0,3479.166666666667,70.45454545454547,2035,modest,moderate_re,1.8,solved,2056518510661.3013,608.9876369120901,583.5859420447916,1.8010000000000006,0.19493249929255907,653.6373409074795,1.4649376157826588,0.6120972135516931,0.22332860167152352,0.16457418477678326,0.0523414174503179,0.05910531818189257,0.08954900587216075,0.615
2310,25.0,3479.166666666667,79.54545454545455,2035,modest,moderate_re,1.8,solved,2059999447457.2632,609.8204350070359,584.5737404860596,1.8010000000000002,0.19055913391765988,652.8562625751289,1.4676953274375586,0.6137534493460952,0.22167236587712136,0.16457418477678326,0.050850805235355956,0.05910531818189257,0.08954900587216075,0.471
2311,25.0,3479.166666666667,88.63636363636364,2035,modest,moderate_re,1.8,solved,2063005401521.445,608.5172819432075,585.4267513027357,1.801000000000001,0.17562482637658877,652.0029298315237,1.4839788473400732,0.6277070452719619,0.20771876995125474,0.16457418477678326,0.038292568902075996,0.05910531818189257,0.08954900587216075,0.386
2312,25.0,3479.166666666667,97.72727272727273,2035,modest,moderate_re,1.8,solved,2065850248421.6196,609.4303058548247,586.2340441374974,1.8010000000000004,0.1745556527831591,651.2430555154971,1.4850375367937816,0.6277070452719619,0.20771876995125474,0.16457418477678326,0.038292568902075996,0.05910531818189257,0.08954900587216075,0.41
2313,25.0,3479.166666666667,106.81818181818183,2035,modest,moderate_re,1.8,solved,2068595331872.231,609.1277685905322,587.0130267254059,1.8010000000000004,0.17307392375204864,649.2627864092763,1.4975820609647585,0.6276190811527236,0.20780673407049316,0.16457418477678326,0.03837173660939049,0.05910531818189257,0.08954900587216075,0.377
2314,25.0,3479.166666666667,115.90909090909092,2035,modest,moderate_re,1.8,solved,2071076963282.5166,608.9012450111485,587.7172485434306,1.8010000000000002,0.16411625595918428,646.8126336773319,1.5050522970162017,0.6275203521459694,0.20790546307724725,0.16457418477678326,0.03846059271546929,0.05910531818189257,0.08954900587216075,0.371
2315,25.0,3479.166666666667,125.0,2035,modest,moderate_re,1.8,solved,2073438484041.153,609.4448861813456,588.387386113038,1.8010000000000006,0.1606092319608747,646.6898782737563,1.5082153288610198,0.6275203521459694,0.20790546307724725,0.16457418477678326,0.03846059271546929,0.05910531818189257,0.08954900587216075,0.539
2316,25.0,3625.0,25.0,2035,modest,moderate_re,1.8,solved,2035127669706.806,608.7504767361573,577.5157831792898,1.8010000000000006,0.2582490593166701,671.5590837272185,1.3181119623338216,0.5867832818241395,0.24864253339907702,0.16457418477678326,0.07564075383873313,0.05858852034827541,0.08954900587216075,0.925
2317,25.0,3625.0,34.09090909090909,2035,modest,moderate_re,1.8,solved,2041502003876.1646,610.5419057467435,579.3246518045166,1.801,0.252327531821255,668.810080201728,1.348217108058887,0.5887619783571212,0.24666383686609544,0.16457418477678326,0.07334312912543262,0.05910531818189257,0.08954900587216075,0.368
2318,25.0,3625.0,43.18181818181819,2035,modest,moderate_re,1.8,solved,2047201388515.2573,610.1259817427291,580.9419874795605,1.8010000000000004,0.22437202047999463,666.1039033028547,1.384595312604287,0.6014646479124809,0.23396116731073568,0.16457418477678326,0.061910726525608764,0.05910531818189257,0.08954900587216075,0.477
2319,25.0,3625.0,52.27272727272727,2035,modest,moderate_re,1.8,solved,2051909490079.0073,610.1895487231823,582.2780230523402,1.8009999999999997,0.2164449103315477,662.1858604529872,1.4252557741459033,0.6046543856351322,0.23077142958808458,0.16457418477678326,0.05903996257522278,0.05910531818189257,0.08954900587216075,0.589
2320,25.0,3625.0,61.36363636363637,2035,modest,moderate_re,1.8,solved,2056272627872.8308,611.5207333664687,583.5161669671552,1.8010000000000002,0.20997831659581434,661.301449028612,1.4339211560637986,0.6043708494377592,0.2310549657854575,0.16457418477678326,0.05929514515285842,0.05910531818189257,0.08954900587216075,0.264
2321,25.0,3625.0,70.45454545454547,2035,modest,moderate_re,1.8,solved,2060000226282.9644,610.3947495751066,584.5739614963389,1.8010000000000006,0.19493249929255907,656.4954751111644,1.4649376157826588,0.6120972135516931,0.22332860167152352,0.16457418477678326,0.0523414174503179,0.05910531818189257,0.08954900587216075,0.469
2322,25.0,3625.0,79.54545454545455,2035,modest,moderate_re,1.8,solved,2063485839716.7551,611.2293437076593,585.563087044598,1.8010000000000002,0.19055913391765988,655.7175367258405,1.4676953274375586,0.6137534493460952,0.22167236587712136,0.16457418477678326,0.050850805235355956,0.05910531818189257,0.08954900587216075,0.517
2323,25.0,3625.0,88.63636363636364,2035,modest,moderate_re,1.8,solved,2066504876224.6367,609.9315356817816,586.419810315206,1.801000000000001,0.17562482637658877,654.8906576745118,1.4839788473400732,0.6277070452719619,0.20771876995125474,0.16457418477678326,0.038292568902075996,0.05910531818189257,0.08954900587216075,0.946
2324,25.0,3625.0,97.72727272727273,2035,modest,moderate_re,1.8,solved,2069349723124.8123,610.8445595933989,587.2271031499679,1.8010000000000004,0.1745556527831591,654.1307833584849,1.4850375367937816,0.6277070452719619,0.20771876995125474,0.16457418477678326,0.038292568902075996,0.05910531818189257,0.08954900587216075,0.571
2325,25.0,3625.0,106.81818181818183,2035,modest,moderate_re,1.8,solved,2072094709826.6929,610.5409038503958,588.0060582831276,1.8010000000000002,0.1729728070841474,652.1242225065681,1.4977730622803267,0.6275414488731943,0.20788436635002247,0.16457418477678326,0.038441605660966875,0.05910531818189257,0.08954900587216075,0.49
2326,25.0,3625.0,115.90909090909092,2035,modest,moderate_re,1.8,solved,2074577304202.258,610.3155626480694,588.7105533654078,1.8010000000000002,0.16411625595918428,649.7000075812684,1.5050522970162017,0.6275203521459694,0.20790546307724725,0.16457418477678326,0.03846059271546929,0.05910531818189257,0.08954900587216075,0.608
2327,25.0,3625.0,125.0,2035,modest,moderate_re,1.8,solved,2076938824960.8945,610.8592038182666,589.3806909350153,1.8010000000000006,0.1606092319608747,649.5772521776929,1.5082153288610198,0.6275203521459694,0.20790546307724725,0.16457418477678326,0.03846059271546929,0.05910531818189257,0.08954900587216075,0.363
2328,25.0,3770.8333333333335,25.0,2035,modest,moderate_re,1.8,solved,2038545598474.0684,610.1322191765075,578.4857015968213,1.8010000000000006,0.2582490593166701,674.3692269353367,1.3181119623338216,0.5867832818241395,0.24864253339907702,0.16457418477678326,0.07564075383873313,0.05858852034827541,0.08954900587216075,0.605
2329,25.0,3770.8333333333335,34.09090909090909,2035,modest,moderate_re,1.8,solved,2044924968225.2966,611.9559452647222,580.2959991879309,1.8010000000000004,0.25263928803243674,671.6885975291203,1.3477824324146308,0.5885943219049808,0.2468314933182357,0.16457418477678326,0.07349401993235888,0.05910531818189257,0.08954900587216075,0.378
2330,25.0,3770.8333333333335,43.18181818181819,2035,modest,moderate_re,1.8,solved,2050657944546.084,611.5230842438407,581.922867300006,1.8010000000000004,0.22437202047999463,668.941879934182,1.384595312604287,0.6014646479124809,0.23396116731073568,0.16457418477678326,0.061910726525608764,0.05910531818189257,0.08954900587216075,0.726
2331,25.0,3770.8333333333335,52.27272727272727,2035,modest,moderate_re,1.8,solved,2055369958169.903,611.8705693025075,583.2600130126892,1.8010000000000002,0.21941225406096665,665.3549275259899,1.4234139100259027,0.6031799547519289,0.23224586047128773,0.16457418477678326,0.06036695037010571,0.05910531818189257,0.08954900587216075,0.368
2332,25.0,3770.8333333333335,61.36363636363637,2035,modest,moderate_re,1.8,solved,2059733786953.5767,612.9197218804528,584.498353012276,1.8010000000000002,0.20997831659581434,664.144935333664,1.4339211560637986,0.6043708494377592,0.2310549657854575,0.16457418477678326,0.05929514515285842,0.05910531818189257,0.08954900587216075,0.386
2333,25.0,3770.8333333333335,70.45454545454547,2035,modest,moderate_re,1.8,solved,2063478533088.2346,612.0259037147621,585.5610136153211,1.8010000000000006,0.19721526024959155,659.5469171815084,1.4641284305069013,0.6106456025894806,0.22478021263373615,0.16457418477678326,0.05364786731630925,0.05910531818189257,0.08954900587216075,0.259
2334,25.0,3770.8333333333335,79.54545454545455,2035,modest,moderate_re,1.8,solved,2066972231976.2466,612.6382524082829,586.5524336031363,1.8010000000000002,0.19055913391765988,658.5788108765522,1.4676953274375586,0.6137534493460952,0.22167236587712136,0.16457418477678326,0.050850805235355956,0.05910531818189257,0.08954900587216075,0.677
2335,25.0,3770.8333333333335,88.63636363636364,2035,modest,moderate_re,1.8,solved,2070004350927.83,611.3457894203557,587.4128693276767,1.801000000000001,0.17562482637658877,657.7783855174995,1.4839788473400732,0.6277070452719619,0.20771876995125474,0.16457418477678326,0.038292568902075996,0.05910531818189257,0.08954900587216075,0.362
2336,25.0,3770.8333333333335,97.72727272727273,2035,modest,moderate_re,1.8,solved,2072849197828.005,612.258813331973,588.2201621624384,1.8010000000000004,0.1745556527831591,657.0185112014728,1.4850375367937816,0.6277070452719619,0.20771876995125474,0.16457418477678326,0.038292568902075996,0.05910531818189257,0.08954900587216075,0.248
2337,25.0,3770.8333333333335,106.81818181818183,2035,modest,moderate_re,1.8,solved,2075593680801.8242,611.954850851253,588.9989743508039,1.8010000000000004,0.1727269545512977,654.9477589390643,1.4982374580934466,0.6273526956938291,0.2080731195293877,0.16457418477678326,0.03861148352239563,0.05910531818189257,0.08954900587216075,0.878
2338,25.0,3770.8333333333335,115.90909090909092,2035,modest,moderate_re,1.8,solved,2078077645121.9998,611.7298802849904,589.7038581873851,1.8010000000000004,0.16411625595918394,652.5873814852047,1.505052297016202,0.6275203521459694,0.20790546307724725,0.16457418477678326,0.03846059271546929,0.05910531818189257,0.08954900587216075,0.345
2339,25.0,3770.8333333333335,125.0,2035,modest,moderate_re,1.8,solved,2080439165880.637,612.2735214551876,590.3739957569927,1.8010000000000006,0.1606092319608747,652.4646260816291,1.5082153288610198,0.6275203521459694,0.20790546307724725,0.16457418477678326,0.03846059271546929,0.05910531818189257,0.08954900587216075,0.966
2340,25.0,3916.666666666667,25.0,2035,modest,moderate_re,1.8,solved,2041959042048.824,611.7763851915317,579.4543472345159,1.8010000000000004,0.2640312489406311,676.9047439679993,1.3209486379729083,0.5836893365474799,0.2517364786757369,0.16457418477678326,0.07842530458772697,0.05858852034827541,0.08954900587216075,0.667
2341,25.0,3916.666666666667,34.09090909090909,2035,modest,moderate_re,1.8,solved,2048347590072.8389,613.3395670208763,581.2672493783894,1.8010000000000004,0.25263928803243674,674.5021741673917,1.3477824324146308,0.5885943219049808,0.2468314933182357,0.16457418477678326,0.07349401993235888,0.05910531818189257,0.08954900587216075,0.401
2342,25.0,3916.666666666667,43.18181818181819,2035,modest,moderate_re,1.8,solved,2054114500576.9097,612.9201867449525,582.9037471204514,1.8010000000000004,0.22437202047999463,671.7798565655089,1.384595312604287,0.6014646479124809,0.23396116731073568,0.16457418477678326,0.061910726525608764,0.05910531818189257,0.08954900587216075,0.266
2343,25.0,3916.666666666667,52.27272727272727,2035,modest,moderate_re,1.8,solved,2058827912142.7737,613.2682959273501,584.2412895323722,1.8010000000000002,0.21941225406096665,668.1961560932001,1.4234139100259027,0.6031799547519289,0.23224586047128773,0.16457418477678326,0.06036695037010571,0.05910531818189257,0.08954900587216075,0.356
2344,25.0,3916.666666666667,61.36363636363637,2035,modest,moderate_re,1.8,solved,2063194946034.3225,614.318710394437,585.4805390573966,1.8010000000000002,0.20997831659581434,666.9884216387162,1.4339211560637986,0.6043708494377592,0.2310549657854575,0.16457418477678326,0.05929514515285842,0.05910531818189257,0.08954900587216075,0.797
2345,25.0,3916.666666666667,70.45454545454547,2035,modest,moderate_re,1.8,solved,2066956374764.8206,613.4314877599759,586.5479337429987,1.8010000000000006,0.19721526024959155,662.4022993727439,1.4641284305069013,0.6106456025894806,0.22478021263373615,0.16457418477678326,0.05364786731630925,0.05910531818189257,0.08954900587216075,0.592
2346,25.0,3916.666666666667,79.54545454545455,2035,modest,moderate_re,1.8,solved,2070458624235.738,614.0471611089065,587.5417801616745,1.8010000000000002,0.19055913391765988,661.4400850272639,1.4676953274375586,0.6137534493460952,0.22167236587712136,0.16457418477678326,0.050850805235355956,0.05910531818189257,0.08954900587216075,0.564
2347,25.0,3916.666666666667,88.63636363636364,2035,modest,moderate_re,1.8,solved,2073503825631.023,612.7600431589296,588.4059283401473,1.801000000000001,0.17562482637658877,660.6661133604872,1.4839788473400732,0.6277070452719619,0.20771876995125474,0.16457418477678326,0.038292568902075996,0.05910531818189257,0.08954900587216075,0.664
2348,25.0,3916.666666666667,97.72727272727273,2035,modest,moderate_re,1.8,solved,2076348672531.1975,613.6730670705468,589.2132211749089,1.8010000000000004,0.1745556527831591,659.9062390444606,1.4850375367937816,0.6277070452719619,0.20771876995125474,0.16457418477678326,0.038292568902075996,0.05910531818189257,0.08954900587216075,1.005
2349,25.0,3916.666666666667,106.81818181818183,2035,modest,moderate_re,1.8,solved,2079092378365.126,613.368753990535,589.9918128313838,1.8010000000000004,0.1727269545512977,657.8348149943105,1.4982374580934466,0.6273526956938291,0.2080731195293877,0.16457418477678326,0.03861148352239563,0.05910531818189257,0.08954900587216075,0.486
2350,25.0,3916.666666666667,115.90909090909092,2035,modest,moderate_re,1.8,solved,2081577986041.741,613.1441979219113,590.6971630093623,1.8010000000000004,0.16411625595918394,655.4747553891413,1.505052297016202,0.6275203521459694,0.20790546307724725,0.16457418477678326,0.03846059271546929,0.05910531818189257,0.08954900587216075,0.465
2351,25.0,3916.666666666667,125.0,2035,modest,moderate_re,1.8,solved,2083939506800.3782,613.6878390921086,591.3673005789699,1.8010000000000006,0.1606092319608747,655.3519999855657,1.5082153288610198,0.6275203521459694,0.20790546307724725,0.16457418477678326,0.03846059271546929,0.05910531818189257,0.08954900587216075,0.346
2352,25.0,4062.5,25.0,2035,modest,moderate_re,1.8,solved,2045366935717.8674,613.130900621092,580.4214179547292,1.8010000000000002,0.2655900115727934,678.5156576248565,1.321400011826476,0.5840712223887579,0.25135459283445893,0.16457418477678326,0.07842530458772709,0.05883604141778405,0.08895778754550185,0.664
2353,25.0,4062.5,34.09090909090909,2035,modest,moderate_re,1.8,solved,2051770211920.3796,614.7231887770305,582.2384995688473,1.8010000000000004,0.25263928803243674,677.315750805663,1.3477824324146308,0.5885943219049808,0.2468314933182357,0.16457418477678326,0.07349401993235888,0.05910531818189257,0.08954900587216075,0.921
2354,25.0,4062.5,43.18181818181819,2035,modest,moderate_re,1.8,solved,2057571056607.7373,614.3172892460643,583.8846269408973,1.8010000000000004,0.22437202047999463,674.617833196836,1.384595312604287,0.6014646479124809,0.23396116731073568,0.16457418477678326,0.061910726525608764,0.05910531818189257,0.08954900587216075,0.36
2355,25.0,4062.5,52.27272727272727,2035,modest,moderate_re,1.8,solved,2062285866115.645,614.6660225521927,585.2225660520553,1.8010000000000002,0.21941225406096665,671.0373846604103,1.4234139100259027,0.6031799547519289,0.23224586047128773,0.16457418477678326,0.06036695037010571,0.05910531818189257,0.08954900587216075,0.357
2356,25.0,4062.5,61.36363636363637,2035,modest,moderate_re,1.8,solved,2066656105115.0679,615.7176989084211,586.4627251025172,1.8010000000000002,0.20997831659581434,669.8319079437682,1.4339211560637986,0.6043708494377592,0.2310549657854575,0.16457418477678326,0.05929514515285842,0.05910531818189257,0.08954900587216075,0.871
2357,25.0,4062.5,70.45454545454547,2035,modest,moderate_re,1.8,solved,2070434216441.4077,614.8370718051898,587.5348538706766,1.8010000000000006,0.19721526024959155,665.2576815639794,1.4641284305069013,0.6106456025894806,0.22478021263373615,0.16457418477678326,0.05364786731630925,0.05910531818189257,0.08954900587216075,0.571
2358,25.0,4062.5,79.54545454545455,2035,modest,moderate_re,1.8,solved,2073944171235.9326,615.6108388989622,588.5308868578237,1.8010000000000004,0.19199529795590264,665.3536471178156,1.466734782249424,0.6132209252689955,0.2222048899542211,0.16457418477678326,0.05133007690474571,0.05910531818189257,0.08954900587216075,0.275
2359,25.0,4062.5,88.63636363636364,2035,modest,moderate_re,1.8,solved,2077003300334.2153,614.1742968975037,589.3989873526176,1.801000000000001,0.17562482637658877,663.5538412034751,1.4839788473400732,0.6277070452719619,0.20771876995125474,0.16457418477678326,0.038292568902075996,0.05910531818189257,0.08954900587216075,0.266
2360,25.0,4062.5,97.72727272727273,2035,modest,moderate_re,1.8,solved,2079848147234.3901,615.0873208091208,590.2062801873793,1.8010000000000004,0.1745556527831591,662.7939668874483,1.4850375367937816,0.6277070452719619,0.20771876995125474,0.16457418477678326,0.038292568902075996,0.05910531818189257,0.08954900587216075,0.574
2361,25.0,4062.5,106.81818181818183,2035,modest,moderate_re,1.8,solved,2082591075928.4275,614.7826571298169,590.9846513119635,1.8010000000000004,0.1727269545512977,660.7218710495564,1.4982374580934466,0.6273526956938291,0.2080731195293877,0.16457418477678326,0.03861148352239563,0.05910531818189257,0.08954900587216075,0.382
2362,25.0,4062.5,115.90909090909092,2035,modest,moderate_re,1.8,solved,2085078326961.4827,614.5585155588325,591.6904678313396,1.8010000000000002,0.16411625595918428,658.3621292930777,1.5050522970162017,0.6275203521459694,0.20790546307724725,0.16457418477678326,0.03846059271546929,0.05910531818189257,0.08954900587216075,0.771
2363,25.0,4062.5,125.0,2035,modest,moderate_re,1.8,solved,2087439560466.495,615.1044793206,592.3605238859127,1.8010000000000004,0.16045794895027987,658.1919087877347,1.5085589586633366,0.6273526956938291,0.2080731195293877,0.16457418477678326,0.03861148352239563,0.05910531818189257,0.08954900587216075,0.525
2364,25.0,4208.333333333334,25.0,2035,modest,moderate_re,1.8,solved,2048693343517.1177,614.0811074945397,581.3653651251957,1.8010000000000004,0.2669623981567175,677.1078555779158,1.3205678966154426,0.5892721917962102,0.24615362342700636,0.16457418477678326,0.07564075383873317,0.05910531818189257,0.08679218906368011,0.578
2365,25.0,4208.333333333334,34.09090909090909,2035,modest,moderate_re,1.8,solved,2055190975937.7383,616.2510709523572,583.2092225558927,1.801,0.2541334275170731,680.4344723079329,1.3456991826835971,0.5877908026293054,0.24763501259391144,0.16457418477678326,0.07421718728046693,0.05910531818189257,0.08954900587216075,0.477
2366,25.0,4208.333333333334,43.18181818181819,2035,modest,moderate_re,1.8,solved,2061023920944.3188,616.6954864749375,584.8644591554729,1.8010000000000002,0.23268879551791732,679.3223521696365,1.378086825705304,0.5959854427398497,0.23944037248336697,0.16457418477678326,0.06684201118097693,0.05910531818189257,0.08954900587216075,0.49
2367,25.0,4208.333333333334,52.27272727272727,2035,modest,moderate_re,1.8,solved,2065743820088.5164,616.063749177035,586.2038425717384,1.8010000000000002,0.21941225406096665,673.8786132276205,1.4234139100259027,0.6031799547519289,0.23224586047128773,0.16457418477678326,0.06036695037010571,0.05910531818189257,0.08954900587216075,0.587
2368,25.0,4208.333333333334,61.36363636363637,2035,modest,moderate_re,1.8,solved,2070117264195.8135,617.1166874224053,587.4449111476379,1.8010000000000002,0.20997831659581434,672.6753942488205,1.4339211560637986,0.6043708494377592,0.2310549657854575,0.16457418477678326,0.05929514515285842,0.05910531818189257,0.08954900587216075,0.278
2369,25.0,4208.333333333334,70.45454545454547,2035,modest,moderate_re,1.8,solved,2073912058117.9932,616.2426558504037,588.521773998354,1.8010000000000006,0.19721526024959155,668.1130637552152,1.4641284305069013,0.6106456025894806,0.22478021263373615,0.16457418477678326,0.05364786731630925,0.05910531818189257,0.08954900587216075,0.601
2370,25.0,4208.333333333334,79.54545454545455,2035,modest,moderate_re,1.8,solved,2077429142337.0833,617.0191868255177,589.5198301289494,1.8010000000000004,0.19199529795590264,668.2139116916312,1.466734782249424,0.6132209252689955,0.2222048899542211,0.16457418477678326,0.05133007690474571,0.05910531818189257,0.08954900587216075,0.471
2371,25.0,4208.333333333334,88.63636363636364,2035,modest,moderate_re,1.8,solved,2080502775037.408,615.5885506360776,590.3920463650882,1.801000000000001,0.17562482637658877,666.4415690464631,1.4839788473400732,0.6277070452719619,0.20771876995125474,0.16457418477678326,0.038292568902075996,0.05910531818189257,0.08954900587216075,0.417
2372,25.0,4208.333333333334,97.72727272727273,2035,modest,moderate_re,1.8,solved,2083347157867.678,616.5542877062579,591.1992075089989,1.801,0.17459066388850197,666.2154126551346,1.4854798193302443,0.6273526956938291,0.2080731195293877,0.16457418477678326,0.03861148352239563,0.05910531818189257,0.08954900587216075,0.259
2373,25.0,4208.333333333334,106.81818181818183,2035,modest,moderate_re,1.8,solved,2086089773491.7295,616.1965602690992,591.9774897925433,1.8010000000000004,0.1727269545512977,663.6089271048021,1.4982374580934466,0.6273526956938291,0.2080731195293877,0.16457418477678326,0.03861148352239563,0.05910531818189257,0.08954900587216075,0.736
2374,25.0,4208.333333333334,115.90909090909092,2035,modest,moderate_re,1.8,solved,2088578667881.2246,615.9728331957531,592.6837726533169,1.8010000000000004,0.16411625595918394,661.2495031970142,1.505052297016202,0.6275203521459694,0.20790546307724725,0.16457418477678326,0.03846059271546929,0.05910531818189257,0.08954900587216075,0.502
2375,25.0,4208.333333333334,125.0,2035,modest,moderate_re,1.8,solved,2090939410775.9268,616.5186118153485,593.3536894855691,1.8010000000000004,0.16045794895027987,661.0789648429809,1.5085589586633366,0.6273526956938291,0.2080731195293877,0.16457418477678326,0.03861148352239563,0.05910531818189257,0.08954900587216075,0.258
2376,25.0,4354.166666666667,25.0,2035,modest,moderate_re,1.8,solved,2051999870509.0347,615.1114320833632,582.3036706446796,1.8010000000000002,0.2675562453337166,677.1570392075156,1.3197609907332932,0.5931998186442039,0.24222599657901295,0.16457418477678326,0.07349401993235885,0.05910531818189257,0.08540405880686018,0.905
2377,25.0,4354.166666666667,34.09090909090909,2035,modest,moderate_re,1.8,solved,2058611453416.2832,617.6338465631587,584.1798642307482,1.801,0.2541334275170731,683.246525607577,1.3456991826835971,0.5877908026293054,0.24763501259391144,0.16457418477678326,0.07421718728046693,0.05910531818189257,0.08954900587216075,0.891
2378,25.0,4354.166666666667,43.18181818181819,2035,modest,moderate_re,1.8,solved,2064461948693.1096,618.189123802599,585.8400811360934,1.801,0.23377644800650468,682.3220527328768,1.3769770505190133,0.5954055646388435,0.240020250584373,0.16457418477678326,0.06736390147188248,0.05910531818189257,0.08954900587216075,0.251
2379,25.0,4354.166666666667,52.27272727272727,2035,modest,moderate_re,1.8,solved,2069201774061.3875,617.4614758018777,587.1851190914215,1.8010000000000002,0.21941225406096665,676.7198417948307,1.4234139100259027,0.6031799547519289,0.23224586047128773,0.16457418477678326,0.06036695037010571,0.05910531818189257,0.08954900587216075,0.259
2380,25.0,4354.166666666667,61.36363636363637,2035,modest,moderate_re,1.8,solved,2073577217824.1008,618.5785267862923,588.4267551170102,1.8010000000000002,0.21053422224793547,675.5443330641384,1.4338714247360609,0.6039053733551806,0.23152044186803605,0.16457418477678326,0.05971407362717914,0.05910531818189257,0.08954900587216075,1.015
2381,25.0,4354.166666666667,70.45454545454547,2035,modest,moderate_re,1.8,solved,2077389899794.58,617.6482398956175,589.5086941260317,1.8010000000000006,0.19721526024959155,670.9684459464506,1.4641284305069013,0.6106456025894806,0.22478021263373615,0.16457418477678326,0.05364786731630925,0.05910531818189257,0.08954900587216075,0.725
2382,25.0,4354.166666666667,79.54545454545455,2035,modest,moderate_re,1.8,solved,2080914001954.1243,618.4812307730606,590.5087417638127,1.8010000000000004,0.19247157615067803,671.1234100283771,1.4664736695181784,0.61301644784328,0.22240936737993655,0.16457418477678326,0.0515141065878896,0.05910531818189257,0.08954900587216075,0.731
2383,25.0,4354.166666666667,88.63636363636364,2035,modest,moderate_re,1.8,solved,2084002249740.6006,617.0028043746515,591.3851053775586,1.801000000000001,0.17562482637658877,669.3292968894508,1.4839788473400732,0.6277070452719619,0.20771876995125474,0.16457418477678326,0.038292568902075996,0.05910531818189257,0.08954900587216075,0.352
2384,25.0,4354.166666666667,97.72727272727273,2035,modest,moderate_re,1.8,solved,2086845595643.547,617.9681501383842,592.1919722687284,1.801,0.17459066388850167,669.1024687103803,1.4854798193302445,0.6273526956938291,0.2080731195293877,0.16457418477678326,0.03861148352239563,0.05910531818189257,0.08954900587216075,0.61
2385,25.0,4354.166666666667,106.81818181818183,2035,modest,moderate_re,1.8,solved,2089588471055.0315,617.6104634083812,592.9703282731233,1.8010000000000004,0.1727269545512977,666.4959831600482,1.4982374580934466,0.6273526956938291,0.2080731195293877,0.16457418477678326,0.03861148352239563,0.05910531818189257,0.08954900587216075,0.718
2386,25.0,4354.166666666667,115.90909090909092,2035,modest,moderate_re,1.8,solved,2092079008800.9658,617.387150832674,593.677077475294,1.8010000000000002,0.16411625595918428,664.1368771009504,1.5050522970162017,0.6275203521459694,0.20790546307724725,0.16457418477678326,0.03846059271546929,0.05910531818189257,0.08954900587216075,0.78
2387,25.0,4354.166666666667,125.0,2035,modest,moderate_re,1.8,solved,2094437035778.6606,617.9361861885644,594.3462236016289,1.8010000000000004,0.15919223381415232,663.5823856075127,1.5112513471214575,0.6261466483297574,0.2092791668934591,0.16457418477678326,0.03969692615005991,0.05910531818189257,0.08954900587216075,0.259
2388,25.0,4500.0,25.0,2035,modest,moderate_re,1.8,solved,2055096672093.5188,615.4337802147705,583.1824616016479,1.801,0.31197305684037047,654.3979975288568,1.2990130097603778,0.611602655800039,0.22382315942317776,0.16457418477678326,0.07098235615510469,0.05910531818189257,0.07135316914386237,0.374
2389,25.0,4500.0,34.09090909090909,2035,modest,moderate_re,1.8,solved,2062005864042.1865,618.589814612524,585.1431088174296,1.8010000000000004,0.2553157268916539,682.3677653742095,1.3466117254576695,0.5907316147389251,0.24469420048429172,0.16457418477678326,0.07334312912543256,0.05910531818189257,0.08777633312853733,0.882
2390,25.0,4500.0,43.18181818181819,2035,modest,moderate_re,1.8,solved,2067899844807.8877,619.5789118544916,586.8156657624384,1.801,0.23377644800650468,685.1485423521644,1.3769770505190133,0.5954055646388435,0.240020250584373,0.16457418477678326,0.06736390147188248,0.05910531818189257,0.08954900587216075,0.616
2391,25.0,4500.0,52.27272727272727,2035,modest,moderate_re,1.8,solved,2072659728034.2585,618.8592024267202,588.1663956111046,1.8010000000000002,0.21941225406096665,679.5610703620409,1.4234139100259027,0.6031799547519289,0.23224586047128773,0.16457418477678326,0.06036695037010571,0.05910531818189257,0.08954900587216075,1.084
2392,25.0,4500.0,61.36363636363637,2035,modest,moderate_re,1.8,solved,2077037014789.8674,619.9770012773919,589.4085546296736,1.8010000000000002,0.21053422224793547,678.3869369041173,1.4338714247360609,0.6039053733551806,0.23152044186803605,0.16457418477678326,0.05971407362717914,0.05910531818189257,0.08954900587216075,0.507
2393,25.0,4500.0,70.45454545454547,2035,modest,moderate_re,1.8,solved,2080859621287.0022,619.5172015896005,590.4933099587076,1.8010000000000006,0.20210337617584304,674.2082969886944,1.4623957079362224,0.6075372426706488,0.22788857255256784,0.16457418477678326,0.056445391243257745,0.05910531818189257,0.08954900587216075,0.354
2394,25.0,4500.0,79.54545454545455,2035,modest,moderate_re,1.8,solved,2084398380668.4062,619.8893539235418,591.4975169311032,1.8010000000000004,0.19247157615067803,673.983286947073,1.4664736695181784,0.61301644784328,0.22240936737993655,0.16457418477678326,0.0515141065878896,0.05910531818189257,0.08954900587216075,0.485
2395,25.0,4500.0,88.63636363636364,2035,modest,moderate_re,1.8,solved,2087501724443.7935,618.4170581132257,592.3781643900292,1.801000000000001,0.17562482637658877,672.2170247324386,1.4839788473400732,0.6277070452719619,0.20771876995125474,0.16457418477678326,0.038292568902075996,0.05910531818189257,0.08954900587216075,0.657
2396,25.0,4500.0,97.72727272727273,2035,modest,moderate_re,1.8,solved,2090344033419.416,619.3820125705109,593.1847370284577,1.801,0.17459066388850167,671.9895247656264,1.4854798193302445,0.6273526956938291,0.2080731195293877,0.16457418477678326,0.03861148352239563,0.05910531818189257,0.08954900587216075,0.241
2397,25.0,4500.0,106.81818181818183,2035,modest,moderate_re,1.8,solved,2093087168618.333,619.0243665476632,593.963166753703,1.8010000000000004,0.1727269545512977,669.3830392152942,1.4982374580934466,0.6273526956938291,0.2080731195293877,0.16457418477678326,0.03861148352239563,0.05910531818189257,0.08954900587216075,0.238
2398,25.0,4500.0,115.90909090909092,2035,modest,moderate_re,1.8,solved,2095579349720.7075,618.8014684695953,594.6703822972713,1.8010000000000002,0.16411625595918428,667.0242510048869,1.5050522970162017,0.6275203521459694,0.20790546307724725,0.16457418477678326,0.03846059271546929,0.05910531818189257,0.08954900587216075,0.631
2399,25.0,4500.0,125.0,2035,modest,moderate_re,1.8,solved,2097933356851.592,619.3489868513069,595.3383876966565,1.8010000000000004,0.15919223381415232,666.4671551979642,1.5112513471214575,0.6261466483297574,0.2092791668934591,0.16457418477678326,0.03969692615005991,0.05910531818189257,0.08954900587216075,0.311
